area_type,availability,location,size,society,total_sqft,bath,balcony,price,bhk,price_per_sqft
Plot  Area,Ready To Move,Bannerghatta Road,2 BHK,GrnSpce,951.0,2.0,1.0,65.84,2,6923.238696109359
Super built-up  Area,Ready To Move,Bannerghatta Road,3 BHK,GrnSpce,1912.0,3.0,1.0,120.96,3,6326.359832635983
Super built-up  Area,Ready To Move,Bannerghatta Road,3 BHK,GrnSpce,1949.0,3.0,3.0,127.99,3,6566.957414058492
Plot  Area,Ready To Move,Bannerghatta Road,3 BHK,GrnSpce,1516.0,3.0,0.0,102.11,3,6735.488126649077
Plot  Area,Ready To Move,Bannerghatta Road,1 BHK,GrnSpce,508.0,2.0,1.0,34.16,1,6724.409448818897
Super built-up  Area,Ready To Move,Bannerghatta Road,2 BHK,GrnSpce,934.0,2.0,2.0,57.31,2,6135.9743040685225
Super built-up  Area,Ready To Move,Bannerghatta Road,2 BHK,GrnSpce,900.0,2.0,2.0,53.33,2,5925.555555555556
Super built-up  Area,Ready To Move,Bannerghatta Road,2 BHK,GrnSpce,900.0,3.0,0.0,57.85,2,6427.777777777777
Super built-up  Area,Ready To Move,Bannerghatta Road,2 BHK,GrnSpce,1243.0,3.0,0.0,84.09,2,6765.084473049074
Plot  Area,Ready To Move,Bannerghatta Road,3 BHK,GrnSpce,1777.0,3.0,3.0,122.14,3,6873.3821046707935
Super built-up  Area,Ready To Move,Bannerghatta Road,3 BHK,GrnSpce,1701.0,4.0,3.0,112.16,3,6593.768371546149
Carpet  Area,Ready To Move,Bannerghatta Road,2 BHK,GrnSpce,956.0,2.0,3.0,65.87,2,6890.167364016736
Super built-up  Area,Ready To Move,Bannerghatta Road,3 BHK,GrnSpce,1514.0,3.0,1.0,99.54,3,6574.636723910172
Super built-up  Area,Ready To Move,Bannerghatta Road,5 BHK,GrnSpce,3976.0,5.0,3.0,241.62,5,6076.961770623742
Plot  Area,Ready To Move,Bannerghatta Road,3 BHK,GrnSpce,1582.0,3.0,2.0,101.06,3,6388.116308470291
Carpet  Area,Ready To Move,Bannerghatta Road,2 BHK,GrnSpce,1192.0,2.0,3.0,75.22,2,6310.402684563758
Super built-up  Area,Ready To Move,Bannerghatta Road,2 BHK,GrnSpce,1126.0,2.0,3.0,68.82,2,6111.9005328596795
Built-up  Area,Ready To Move,Bannerghatta Road,2 BHK,GrnSpce,1261.0,2.0,2.0,84.2,2,6677.240285487708
Super built-up  Area,Ready To Move,Bannerghatta Road,2 BHK,GrnSpce,995.0,2.0,2.0,61.02,2,6132.663316582914
Built-up  Area,Ready To Move,Bannerghatta Road,2 BHK,GrnSpce,1268.0,2.0,2.0,77.74,2,6130.914826498422
Super built-up  Area,Ready To Move,Bannerghatta Road,2 BHK,GrnSpce,1146.0,2.0,2.0,67.36,2,5877.835951134381
Super built-up  Area,Ready To Move,Bannerghatta Road,2 BHK,GrnSpce,1170.0,2.0,2.0,68.89,2,5888.034188034188
Plot  Area,Ready To Move,Bannerghatta Road,5 BHK,GrnSpce,3964.0,5.0,1.0,253.73,5,6400.857719475278
Plot  Area,Ready To Move,Bannerghatta Road,2 BHK,GrnSpce,1282.0,2.0,3.0,84.48,2,6589.703588143526
Built-up  Area,Ready To Move,Bannerghatta Road,2 BHK,GrnSpce,1074.0,2.0,0.0,68.02,2,6333.333333333333
Plot  Area,Ready To Move,Bannerghatta Road,3 BHK,GrnSpce,1636.0,3.0,1.0,104.12,3,6364.303178484108
Super built-up  Area,Ready To Move,Bannerghatta Road,2 BHK,GrnSpce,1134.0,2.0,3.0,71.94,2,6343.915343915344
Super built-up  Area,Ready To Move,Bannerghatta Road,2 BHK,GrnSpce,1289.0,2.0,1.0,87.18,2,6763.382467028704
Super built-up  Area,Ready To Move,Bannerghatta Road,3 BHK,GrnSpce,1920.0,3.0,1.0,118.05,3,6148.4375
Carpet  Area,Ready To Move,Bannerghatta Road,2 BHK,GrnSpce,934.0,2.0,2.0,57.75,2,6183.083511777302
Plot  Area,Ready To Move,Bannerghatta Road,2 BHK,GrnSpce,1229.0,3.0,0.0,80.28,2,6532.139951179821
Plot  Area,Ready To Move,Bannerghatta Road,2 BHK,GrnSpce,1147.0,2.0,1.0,74.8,2,6521.360069747167
Super built-up  Area,Ready To Move,Bannerghatta Road,3 BHK,GrnSpce,1776.0,4.0,1.0,116.18,3,6541.666666666667
Super built-up  Area,Ready To Move,Bannerghatta Road,2 BHK,GrnSpce,1295.0,2.0,1.0,86.23,2,6658.687258687259
Super built-up  Area,Ready To Move,Bannerghatta Road,2 BHK,GrnSpce,1115.0,2.0,2.0,70.87,2,6356.053811659192
Super built-up  Area,Ready To Move,Bannerghatta Road,2 BHK,GrnSpce,965.0,2.0,0.0,63.15,2,6544.041450777202
Built-up  Area,Ready To Move,Bannerghatta Road,2 BHK,GrnSpce,1209.0,3.0,3.0,74.39,2,6153.019023986766
Plot  Area,Ready To Move,Bannerghatta Road,2 BHK,GrnSpce,1209.0,2.0,2.0,72.3,2,5980.14888337469
Super built-up  Area,Ready To Move,Bannerghatta Road,2 BHK,GrnSpce,1076.0,2.0,0.0,73.76,2,6855.018587360596
Plot  Area,Ready To Move,Bannerghatta Road,2 BHK,GrnSpce,1158.0,2.0,2.0,68.51,2,5916.234887737479
Super built-up  Area,Ready To Move,Bannerghatta Road,2 BHK,GrnSpce,942.0,2.0,1.0,58.43,2,6202.76008492569
Built-up  Area,Ready To Move,Bannerghatta Road,3 BHK,GrnSpce,1680.0,3.0,3.0,103.0,3,6130.952380952381
Super built-up  Area,Ready To Move,Bannerghatta Road,2 BHK,GrnSpce,1087.0,2.0,2.0,66.62,2,6128.794848206072
Super built-up  Area,Ready To Move,Bannerghatta Road,3 BHK,GrnSpce,1505.0,3.0,1.0,102.46,3,6807.97342192691
Super built-up  Area,Ready To Move,Bannerghatta Road,2 BHK,GrnSpce,1010.0,2.0,2.0,69.32,2,6863.366336633662
Plot  Area,Ready To Move,Bannerghatta Road,2 BHK,GrnSpce,1055.0,3.0,2.0,72.16,2,6839.810426540284
Plot  Area,Ready To Move,Bannerghatta Road,2 BHK,GrnSpce,1173.0,2.0,3.0,69.36,2,5913.04347826087
Built-up  Area,Ready To Move,Bannerghatta Road,3 BHK,GrnSpce,1786.0,4.0,1.0,103.36,3,5787.234042553191
Plot  Area,Ready To Move,Bannerghatta Road,3 BHK,GrnSpce,1407.0,3.0,0.0,95.47,3,6785.358919687278
Super built-up  Area,Ready To Move,Bannerghatta Road,2 BHK,GrnSpce,1134.0,3.0,2.0,74.09,2,6533.509700176367
Built-up  Area,Ready To Move,Bannerghatta Road,2 BHK,GrnSpce,996.0,2.0,2.0,59.12,2,5935.74297188755
Super built-up  Area,Ready To Move,Bannerghatta Road,3 BHK,GrnSpce,1748.0,3.0,2.0,104.15,3,5958.237986270023
Carpet  Area,Ready To Move,Bannerghatta Road,2 BHK,GrnSpce,1135.0,2.0,3.0,69.72,2,6142.731277533039
Super built-up  Area,Ready To Move,Bannerghatta Road,2 BHK,GrnSpce,1124.0,2.0,3.0,67.68,2,6021.352313167261
Super built-up  Area,Ready To Move,Bannerghatta Road,2 BHK,GrnSpce,1071.0,2.0,2.0,71.19,2,6647.058823529412
Super built-up  Area,Ready To Move,Bannerghatta Road,2 BHK,GrnSpce,1157.0,3.0,0.0,67.89,2,5867.761452031115
Super built-up  Area,Ready To Move,Bannerghatta Road,1 BHK,GrnSpce,554.0,2.0,0.0,32.21,1,5814.0794223826715
Super built-up  Area,Ready To Move,Bannerghatta Road,3 BHK,GrnSpce,1524.0,4.0,0.0,98.95,3,6492.782152230971
Super built-up  Area,Ready To Move,Bannerghatta Road,3 BHK,GrnSpce,1766.0,4.0,2.0,110.04,3,6231.030577576444
Super built-up  Area,Ready To Move,Bannerghatta Road,4 BHK,GrnSpce,2530.0,5.0,1.0,164.72,4,6510.671936758893
Super built-up  Area,Ready To Move,Bannerghatta Road,2 BHK,GrnSpce,1063.0,3.0,0.0,62.77,2,5904.985888993415
Built-up  Area,Ready To Move,Bannerghatta Road,2 BHK,GrnSpce,1033.0,2.0,0.0,59.91,2,5799.612778315585
Plot  Area,Ready To Move,Bannerghatta Road,2 BHK,GrnSpce,1127.0,2.0,0.0,72.0,2,6388.642413487134
Super built-up  Area,Ready To Move,Bannerghatta Road,3 BHK,GrnSpce,1652.0,3.0,2.0,108.11,3,6544.188861985472
Super built-up  Area,Ready To Move,Bannerghatta Road,2 BHK,GrnSpce,997.0,2.0,3.0,61.71,2,6189.568706118355
Built-up  Area,Ready To Move,Bannerghatta Road,1 BHK,GrnSpce,656.0,1.0,1.0,39.32,1,5993.90243902439
Super built-up  Area,Ready To Move,Bannerghatta Road,2 BHK,GrnSpce,1159.0,2.0,3.0,68.52,2,5911.993097497843
Plot  Area,Ready To Move,Bannerghatta Road,2 BHK,GrnSpce,1234.0,2.0,1.0,82.94,2,6721.231766612642
Super built-up  Area,Ready To Move,Bannerghatta Road,3 BHK,GrnSpce,1703.0,4.0,2.0,100.8,3,5918.966529653552
Built-up  Area,Ready To Move,Bannerghatta Road,3 BHK,GrnSpce,1524.0,4.0,0.0,96.85,3,6354.98687664042
Built-up  Area,Ready To Move,Bannerghatta Road,2 BHK,GrnSpce,994.0,3.0,0.0,68.41,2,6882.293762575453
Built-up  Area,Ready To Move,Bannerghatta Road,2 BHK,GrnSpce,1006.0,2.0,2.0,62.24,2,6186.878727634195
Super built-up  Area,Ready To Move,Bannerghatta Road,2 BHK,GrnSpce,1034.0,2.0,0.0,68.86,2,6659.574468085107
Super built-up  Area,Ready To Move,Bannerghatta Road,2 BHK,GrnSpce,1241.0,2.0,2.0,72.71,2,5858.9846897663165
Super built-up  Area,Ready To Move,Bannerghatta Road,3 BHK,GrnSpce,1583.0,3.0,0.0,102.2,3,6456.096020214782
Built-up  Area,Ready To Move,Bannerghatta Road,2 BHK,GrnSpce,930.0,2.0,0.0,59.82,2,6432.258064516129
Super built-up  Area,Ready To Move,Bannerghatta Road,2 BHK,GrnSpce,1178.0,2.0,2.0,76.58,2,6500.848896434635
Super built-up  Area,Ready To Move,Bannerghatta Road,3 BHK,GrnSpce,1594.0,4.0,3.0,97.44,3,6112.9234629861985
Plot  Area,Ready To Move,Bannerghatta Road,3 BHK,GrnSpce,1678.0,3.0,2.0,108.28,3,6452.920143027413
Super built-up  Area,Ready To Move,Bannerghatta Road,1 BHK,GrnSpce,585.0,1.0,3.0,40.45,1,6914.529914529915
Super built-up  Area,Ready To Move,Bannerghatta Road,2 BHK,GrnSpce,905.0,2.0,1.0,57.71,2,6376.795580110497
Built-up  Area,Ready To Move,Bannerghatta Road,2 BHK,GrnSpce,1115.0,3.0,0.0,65.69,2,5891.479820627803
Super built-up  Area,Ready To Move,Bannerghatta Road,2 BHK,GrnSpce,900.0,3.0,2.0,54.54,2,6060.0
Plot  Area,Ready To Move,Bannerghatta Road,2 BHK,GrnSpce,1057.0,2.0,2.0,63.03,2,5963.10312204352
Plot  Area,Ready To Move,Bannerghatta Road,2 BHK,GrnSpce,1155.0,2.0,3.0,69.36,2,6005.194805194805
Super built-up  Area,Ready To Move,Bannerghatta Road,3 BHK,GrnSpce,1980.0,3.0,1.0,128.42,3,6485.858585858585
Built-up  Area,Ready To Move,Bannerghatta Road,4 BHK,GrnSpce,2676.0,5.0,2.0,177.64,4,6638.2660687593425
Built-up  Area,Ready To Move,Bannerghatta Road,3 BHK,GrnSpce,1408.0,4.0,2.0,94.93,3,6742.1875
Carpet  Area,Ready To Move,Bannerghatta Road,2 BHK,GrnSpce,1191.0,2.0,3.0,82.44,2,6921.91435768262
Super built-up  Area,Ready To Move,Bannerghatta Road,3 BHK,GrnSpce,1415.0,3.0,2.0,83.64,3,5910.95406360424
Super built-up  Area,Ready To Move,Bannerghatta Road,3 BHK,GrnSpce,1713.0,3.0,1.0,111.6,3,6514.886164623467
Super built-up  Area,Ready To Move,Bannerghatta Road,3 BHK,GrnSpce,1964.0,3.0,1.0,134.94,3,6870.672097759674
Plot  Area,Ready To Move,Bannerghatta Road,2 BHK,GrnSpce,1069.0,2.0,0.0,73.48,2,6873.713751169317
Super built-up  Area,Ready To Move,Bannerghatta Road,2 BHK,GrnSpce,956.0,2.0,3.0,60.17,2,6293.933054393306
Super built-up  Area,Ready To Move,Bannerghatta Road,2 BHK,GrnSpce,1272.0,2.0,2.0,86.75,2,6819.96855345912
Super built-up  Area,Ready To Move,Bannerghatta Road,3 BHK,GrnSpce,1715.0,3.0,3.0,109.25,3,6370.262390670554
Super built-up  Area,Ready To Move,Bannerghatta Road,2 BHK,GrnSpce,1089.0,2.0,0.0,68.66,2,6304.866850321396
Super built-up  Area,Ready To Move,Bannerghatta Road,3 BHK,GrnSpce,1944.0,3.0,0.0,113.48,3,5837.448559670782
Super built-up  Area,Ready To Move,Bannerghatta Road,2 BHK,GrnSpce,1054.0,2.0,0.0,61.27,2,5813.092979127135
Super built-up  Area,Ready To Move,Bannerghatta Road,4 BHK,GrnSpce,2687.0,5.0,2.0,166.91,4,6211.760327502791
Super built-up  Area,Ready To Move,Bannerghatta Road,2 BHK,GrnSpce,1244.0,2.0,0.0,81.25,2,6531.3504823151125
Super built-up  Area,Ready To Move,Bannerghatta Road,1 BHK,GrnSpce,748.0,1.0,1.0,51.07,1,6827.540106951872
Carpet  Area,Ready To Move,Bellandur,3 BHK,GrnSpce,1668.0,3.0,3.0,123.21,3,7386.690647482014
Plot  Area,Ready To Move,Bellandur,2 BHK,GrnSpce,1158.0,2.0,1.0,85.89,2,7417.098445595855
Plot  Area,Ready To Move,Bellandur,2 BHK,GrnSpce,965.0,2.0,1.0,73.85,2,7652.849740932642
Super built-up  Area,Ready To Move,Bellandur,3 BHK,GrnSpce,1902.0,3.0,2.0,131.99,3,6939.537329127234
Super built-up  Area,Ready To Move,Bellandur,2 BHK,GrnSpce,994.0,2.0,2.0,71.24,2,7167.002012072434
Super built-up  Area,Ready To Move,Bellandur,3 BHK,GrnSpce,1755.0,3.0,3.0,123.69,3,7047.863247863248
Built-up  Area,Ready To Move,Bellandur,3 BHK,GrnSpce,1501.0,3.0,0.0,108.24,3,7211.192538307795
Super built-up  Area,Ready To Move,Bellandur,2 BHK,GrnSpce,1239.0,2.0,1.0,96.14,2,7759.483454398709
Super built-up  Area,Ready To Move,Bellandur,2 BHK,GrnSpce,1223.0,3.0,2.0,89.99,2,7358.135731807032
Super built-up  Area,Ready To Move,Bellandur,4 BHK,GrnSpce,2327.0,4.0,3.0,171.26,4,7359.690588740868
Super built-up  Area,Ready To Move,Bellandur,5 BHK,GrnSpce,3648.0,5.0,2.0,263.55,5,7224.506578947368
Plot  Area,Ready To Move,Bellandur,2 BHK,GrnSpce,1025.0,2.0,0.0,80.65,2,7868.29268292683
Plot  Area,Ready To Move,Bellandur,3 BHK,GrnSpce,1891.0,3.0,1.0,129.19,3,6831.835007932311
Super built-up  Area,Ready To Move,Bellandur,2 BHK,GrnSpce,1075.0,2.0,2.0,77.31,2,7191.627906976744
Super built-up  Area,Ready To Move,Bellandur,3 BHK,GrnSpce,1504.0,3.0,0.0,121.93,3,8107.047872340426
Super built-up  Area,Ready To Move,Bellandur,3 BHK,GrnSpce,1513.0,4.0,3.0,103.83,3,6862.524785194977
Plot  Area,Ready To Move,Bellandur,2 BHK,GrnSpce,1087.0,2.0,0.0,78.62,2,7232.750689972401
Super built-up  Area,Ready To Move,Bellandur,1 BHK,GrnSpce,740.0,1.0,1.0,55.47,1,7495.945945945946
Plot  Area,Ready To Move,Bellandur,2 BHK,GrnSpce,1081.0,3.0,3.0,76.54,2,7080.481036077706
Super built-up  Area,Ready To Move,Bellandur,4 BHK,GrnSpce,2347.0,4.0,1.0,182.99,4,7796.761823604602
Super built-up  Area,Ready To Move,Bellandur,2 BHK,GrnSpce,1181.0,3.0,3.0,95.02,2,8045.723962743437
Super built-up  Area,Ready To Move,Bellandur,3 BHK,GrnSpce,1814.0,3.0,0.0,141.64,3,7808.158765159867
Super built-up  Area,Ready To Move,Bellandur,3 BHK,GrnSpce,1673.0,3.0,3.0,136.02,3,8130.304841601914
Plot  Area,Ready To Move,Bellandur,2 BHK,GrnSpce,1208.0,2.0,2.0,84.57,2,7000.827814569537
Super built-up  Area,Ready To Move,Bellandur,3 BHK,GrnSpce,1751.0,3.0,3.0,141.74,3,8094.802969731582
Super built-up  Area,Ready To Move,Bellandur,3 BHK,GrnSpce,1470.0,3.0,1.0,103.58,3,7046.258503401361
Super built-up  Area,Ready To Move,Bellandur,2 BHK,GrnSpce,1215.0,2.0,0.0,83.93,2,6907.818930041152
Super built-up  Area,Ready To Move,Bellandur,3 BHK,GrnSpce,1554.0,3.0,2.0,114.51,3,7368.725868725869
Built-up  Area,Ready To Move,Bellandur,2 BHK,GrnSpce,1279.0,2.0,3.0,102.16,2,7987.49022673964
Super built-up  Area,Ready To Move,Bellandur,2 BHK,GrnSpce,1287.0,2.0,0.0,99.39,2,7722.610722610722
Super built-up  Area,Ready To Move,Bellandur,2 BHK,GrnSpce,916.0,2.0,2.0,69.71,2,7610.262008733624
Super built-up  Area,Ready To Move,Bellandur,2 BHK,GrnSpce,1250.0,2.0,0.0,89.71,2,7176.8
Built-up  Area,Ready To Move,Bellandur,3 BHK,GrnSpce,1991.0,3.0,1.0,137.96,3,6929.181315921647
Super built-up  Area,Ready To Move,Bellandur,2 BHK,GrnSpce,1107.0,2.0,1.0,88.6,2,8003.613369467028
Plot  Area,Ready To Move,Bellandur,2 BHK,GrnSpce,1279.0,3.0,3.0,95.9,2,7498.045347928069
Super built-up  Area,Ready To Move,Bellandur,1 BHK,GrnSpce,573.0,1.0,2.0,38.91,1,6790.575916230366
Super built-up  Area,Ready To Move,Bellandur,2 BHK,GrnSpce,1051.0,2.0,2.0,84.11,2,8002.854424357754
Super built-up  Area,Ready To Move,Bellandur,1 BHK,GrnSpce,722.0,1.0,2.0,52.68,1,7296.398891966759
Super built-up  Area,Ready To Move,Bellandur,2 BHK,GrnSpce,1219.0,2.0,1.0,89.28,2,7324.036095159967
Super built-up  Area,Ready To Move,Bellandur,2 BHK,GrnSpce,1202.0,2.0,0.0,84.28,2,7011.647254575707
Plot  Area,Ready To Move,Bellandur,2 BHK,GrnSpce,1031.0,2.0,0.0,73.07,2,7087.2938894277395
Carpet  Area,Ready To Move,Bellandur,2 BHK,GrnSpce,1193.0,2.0,1.0,93.95,2,7875.1047778709135
Plot  Area,Ready To Move,Bellandur,3 BHK,GrnSpce,1586.0,4.0,1.0,107.94,3,6805.800756620429
Super built-up  Area,Ready To Move,Bellandur,2 BHK,GrnSpce,1027.0,3.0,1.0,81.96,2,7980.525803310613
Super built-up  Area,Ready To Move,Bellandur,2 BHK,GrnSpce,989.0,2.0,2.0,66.92,2,6766.430738119312
Super built-up  Area,Ready To Move,Bellandur,1 BHK,GrnSpce,525.0,1.0,2.0,40.98,1,7805.714285714284
Super built-up  Area,Ready To Move,Bellandur,2 BHK,GrnSpce,1153.0,2.0,2.0,79.78,2,6919.340849956635
Plot  Area,Ready To Move,Bellandur,3 BHK,GrnSpce,1677.0,3.0,1.0,122.12,3,7282.051282051282
Plot  Area,Ready To Move,Bellandur,2 BHK,GrnSpce,1012.0,2.0,0.0,70.73,2,6989.130434782609
Built-up  Area,Ready To Move,Bellandur,1 BHK,GrnSpce,662.0,2.0,0.0,48.0,1,7250.755287009063
Super built-up  Area,Ready To Move,Bellandur,3 BHK,GrnSpce,1807.0,3.0,3.0,132.11,3,7311.012728278916
Plot  Area,Ready To Move,Bellandur,3 BHK,GrnSpce,1835.0,3.0,2.0,136.25,3,7425.068119891008
Super built-up  Area,Ready To Move,Bellandur,3 BHK,GrnSpce,1928.0,3.0,3.0,149.52,3,7755.186721991702
Super built-up  Area,Ready To Move,Bellandur,3 BHK,GrnSpce,1430.0,3.0,1.0,113.11,3,7909.79020979021
Plot  Area,Ready To Move,Bellandur,2 BHK,GrnSpce,1294.0,3.0,2.0,100.85,2,7793.663060278207
Super built-up  Area,Ready To Move,Bellandur,2 BHK,GrnSpce,1130.0,2.0,0.0,86.56,2,7660.1769911504425
Super built-up  Area,Ready To Move,Bellandur,2 BHK,GrnSpce,937.0,2.0,2.0,72.43,2,7729.98932764141
Plot  Area,Ready To Move,Bellandur,3 BHK,GrnSpce,1608.0,3.0,2.0,117.61,3,7314.054726368159
Super built-up  Area,Ready To Move,Bellandur,2 BHK,GrnSpce,1259.0,3.0,2.0,102.82,2,8166.799046862589
Super built-up  Area,Ready To Move,Bellandur,2 BHK,GrnSpce,1211.0,2.0,3.0,90.72,2,7491.329479768786
Super built-up  Area,Ready To Move,Bellandur,2 BHK,GrnSpce,1172.0,2.0,0.0,80.82,2,6895.904436860067
Super built-up  Area,Ready To Move,Bellandur,2 BHK,GrnSpce,1116.0,2.0,2.0,77.16,2,6913.978494623656
Super built-up  Area,Ready To Move,Bellandur,2 BHK,GrnSpce,1231.0,2.0,2.0,94.86,2,7705.930138099106
Super built-up  Area,Ready To Move,Bellandur,2 BHK,GrnSpce,1289.0,3.0,1.0,100.53,2,7799.0690457719165
Super built-up  Area,Ready To Move,Bellandur,3 BHK,GrnSpce,1529.0,4.0,3.0,113.5,3,7423.152387181164
Super built-up  Area,Ready To Move,Bellandur,2 BHK,GrnSpce,1179.0,2.0,1.0,78.94,2,6695.504664970314
Built-up  Area,Ready To Move,Bellandur,2 BHK,GrnSpce,967.0,2.0,2.0,68.31,2,7064.1158221303
Built-up  Area,Ready To Move,Bellandur,3 BHK,GrnSpce,1627.0,4.0,0.0,117.1,3,7197.295636140135
Super built-up  Area,Ready To Move,Bellandur,3 BHK,GrnSpce,1974.0,3.0,2.0,135.4,3,6859.169199594731
Super built-up  Area,Ready To Move,Bellandur,2 BHK,GrnSpce,1273.0,2.0,0.0,89.23,2,7009.42655145326
Super built-up  Area,Ready To Move,Bellandur,2 BHK,GrnSpce,1189.0,2.0,3.0,84.66,2,7120.26913372582
Super built-up  Area,Ready To Move,Bellandur,2 BHK,GrnSpce,1055.0,3.0,0.0,71.34,2,6762.085308056872
Plot  Area,Ready To Move,Bellandur,3 BHK,GrnSpce,1702.0,3.0,1.0,123.62,3,7263.219741480611
Plot  Area,Ready To Move,Bellandur,2 BHK,GrnSpce,1178.0,3.0,1.0,90.41,2,7674.872665534805
Super built-up  Area,Ready To Move,Bellandur,3 BHK,GrnSpce,1733.0,3.0,2.0,122.1,3,7045.5856895556835
Super built-up  Area,Ready To Move,Bellandur,2 BHK,GrnSpce,1126.0,2.0,1.0,85.83,2,7622.557726465364
Super built-up  Area,Ready To Move,Bellandur,2 BHK,GrnSpce,1162.0,2.0,0.0,83.59,2,7193.631669535284
Plot  Area,Ready To Move,Bellandur,2 BHK,GrnSpce,910.0,2.0,2.0,66.74,2,7334.065934065933
Super built-up  Area,Ready To Move,Bellandur,1 BHK,GrnSpce,549.0,1.0,3.0,44.43,1,8092.896174863388
Super built-up  Area,Ready To Move,Bellandur,2 BHK,GrnSpce,1042.0,3.0,2.0,84.25,2,8085.412667946257
Super built-up  Area,Ready To Move,Bellandur,3 BHK,GrnSpce,1992.0,4.0,0.0,148.35,3,7447.289156626506
Super built-up  Area,Ready To Move,Bellandur,4 BHK,GrnSpce,2397.0,4.0,3.0,160.92,4,6713.391739674593
Super built-up  Area,Ready To Move,Bellandur,3 BHK,GrnSpce,1653.0,3.0,0.0,135.2,3,8179.068360556563
Super built-up  Area,Ready To Move,Bellandur,3 BHK,GrnSpce,1802.0,3.0,0.0,145.96,3,8099.889012208657
Plot  Area,Ready To Move,Bellandur,2 BHK,GrnSpce,995.0,2.0,1.0,80.99,2,8139.69849246231
Built-up  Area,Ready To Move,Bellandur,2 BHK,GrnSpce,941.0,2.0,2.0,72.71,2,7726.886291179595
Plot  Area,Ready To Move,Bellandur,2 BHK,GrnSpce,1098.0,2.0,2.0,88.13,2,8026.411657559199
Plot  Area,Ready To Move,Bellandur,3 BHK,GrnSpce,1613.0,4.0,0.0,117.5,3,7284.5629262244265
Plot  Area,Ready To Move,Bellandur,3 BHK,GrnSpce,1860.0,3.0,2.0,137.6,3,7397.8494623655915
Built-up  Area,Ready To Move,Bellandur,1 BHK,GrnSpce,535.0,2.0,3.0,38.31,1,7160.747663551402
Super built-up  Area,Ready To Move,Bellandur,3 BHK,GrnSpce,1900.0,4.0,3.0,147.71,3,7774.210526315789
Super built-up  Area,Ready To Move,Bellandur,2 BHK,GrnSpce,1035.0,3.0,1.0,72.03,2,6959.420289855072
Super built-up  Area,Ready To Move,Bellandur,2 BHK,GrnSpce,961.0,2.0,3.0,75.38,2,7843.912591050988
Carpet  Area,Ready To Move,Bellandur,3 BHK,GrnSpce,1617.0,3.0,0.0,114.94,3,7108.225108225109
Super built-up  Area,Ready To Move,Bellandur,4 BHK,GrnSpce,2967.0,4.0,3.0,232.53,4,7837.209302325581
Built-up  Area,Ready To Move,Bellandur,3 BHK,GrnSpce,1945.0,4.0,1.0,132.11,3,6792.28791773779
Plot  Area,Ready To Move,Bellandur,3 BHK,GrnSpce,1833.0,4.0,0.0,122.92,3,6705.946535733769
Super built-up  Area,Ready To Move,Bellandur,2 BHK,GrnSpce,1261.0,2.0,3.0,89.05,2,7061.855670103093
Super built-up  Area,Ready To Move,Bellandur,1 BHK,GrnSpce,579.0,1.0,0.0,44.22,1,7637.305699481865
Plot  Area,Ready To Move,Bellandur,3 BHK,GrnSpce,1497.0,3.0,2.0,120.95,3,8079.492317969271
Super built-up  Area,Ready To Move,Bellandur,2 BHK,GrnSpce,1081.0,2.0,3.0,87.45,2,8089.731729879741
Built-up  Area,Ready To Move,Bellandur,2 BHK,GrnSpce,1186.0,2.0,2.0,82.65,2,6968.802698145026
Super built-up  Area,Ready To Move,Bellandur,2 BHK,GrnSpce,1042.0,3.0,1.0,75.9,2,7284.069097888677
Super built-up  Area,Ready To Move,Bellandur,2 BHK,GrnSpce,944.0,2.0,1.0,67.2,2,7118.64406779661
Carpet  Area,Ready To Move,Bisuvanahalli,3 BHK,GrnSpce,1826.0,3.0,0.0,71.93,3,3939.2113910186204
Super built-up  Area,Ready To Move,Bisuvanahalli,2 BHK,GrnSpce,1207.0,2.0,2.0,48.52,2,4019.884009942005
Built-up  Area,Ready To Move,Bisuvanahalli,2 BHK,GrnSpce,1271.0,2.0,2.0,48.47,2,3813.532651455547
Super built-up  Area,Ready To Move,Bisuvanahalli,3 BHK,GrnSpce,1923.0,4.0,0.0,70.51,3,3666.666666666667
Super built-up  Area,Ready To Move,Bisuvanahalli,3 BHK,GrnSpce,1874.0,3.0,2.0,78.19,3,4172.358591248666
Built-up  Area,Ready To Move,Bisuvanahalli,2 BHK,GrnSpce,1237.0,2.0,1.0,49.8,2,4025.8690379951495
Super built-up  Area,Ready To Move,Bisuvanahalli,3 BHK,GrnSpce,1553.0,3.0,1.0,64.18,3,4132.646490663233
Super built-up  Area,Ready To Move,Bisuvanahalli,2 BHK,GrnSpce,1278.0,2.0,0.0,54.17,2,4238.654147104851
Super built-up  Area,Ready To Move,Bisuvanahalli,3 BHK,GrnSpce,1584.0,3.0,2.0,65.87,3,4158.459595959596
Super built-up  Area,Ready To Move,Bisuvanahalli,3 BHK,GrnSpce,1994.0,4.0,3.0,71.75,3,3598.294884653962
Super built-up  Area,Ready To Move,Bisuvanahalli,2 BHK,GrnSpce,1175.0,2.0,2.0,46.48,2,3955.744680851064
Super built-up  Area,Ready To Move,Bisuvanahalli,4 BHK,GrnSpce,2566.0,4.0,0.0,102.93,4,4011.3016367887762
Built-up  Area,Ready To Move,Bisuvanahalli,2 BHK,GrnSpce,1290.0,2.0,0.0,46.46,2,3601.5503875968993
Plot  Area,Ready To Move,Bisuvanahalli,2 BHK,GrnSpce,946.0,3.0,2.0,36.61,2,3869.978858350951
Plot  Area,Ready To Move,Bisuvanahalli,3 BHK,GrnSpce,1432.0,4.0,0.0,59.56,3,4159.217877094972
Carpet  Area,Ready To Move,Bisuvanahalli,2 BHK,GrnSpce,1029.0,2.0,0.0,40.0,2,3887.269193391642
Plot  Area,Ready To Move,Bisuvanahalli,4 BHK,GrnSpce,2469.0,5.0,0.0,100.84,4,4084.24463345484
Super built-up  Area,Ready To Move,Bisuvanahalli,2 BHK,GrnSpce,1122.0,3.0,0.0,44.88,2,4000.0
Built-up  Area,Ready To Move,Bisuvanahalli,2 BHK,GrnSpce,1190.0,2.0,3.0,44.84,2,3768.0672268907565
Plot  Area,Ready To Move,Bisuvanahalli,2 BHK,GrnSpce,929.0,2.0,0.0,34.26,2,3687.8363832077503
Super built-up  Area,Ready To Move,Bisuvanahalli,3 BHK,GrnSpce,1827.0,4.0,1.0,73.41,3,4018.062397372742
Plot  Area,Ready To Move,Bisuvanahalli,3 BHK,GrnSpce,1556.0,3.0,3.0,66.05,3,4244.858611825192
Plot  Area,Ready To Move,Bisuvanahalli,2 BHK,GrnSpce,1199.0,2.0,1.0,43.24,2,3606.3386155129274
Super built-up  Area,Ready To Move,Bisuvanahalli,2 BHK,GrnSpce,1072.0,2.0,0.0,46.02,2,4292.910447761194
Super built-up  Area,Ready To Move,Bisuvanahalli,2 BHK,GrnSpce,1220.0,2.0,0.0,51.62,2,4231.147540983607
Super built-up  Area,Ready To Move,Bisuvanahalli,2 BHK,GrnSpce,938.0,2.0,1.0,37.04,2,3948.827292110874
Super built-up  Area,Ready To Move,Bisuvanahalli,2 BHK,GrnSpce,1188.0,3.0,2.0,50.59,2,4258.4175084175085
Super built-up  Area,Ready To Move,Bisuvanahalli,1 BHK,GrnSpce,726.0,1.0,0.0,30.55,1,4207.9889807162535
Super built-up  Area,Ready To Move,Bisuvanahalli,1 BHK,GrnSpce,580.0,1.0,3.0,23.3,1,4017.2413793103447
Plot  Area,Ready To Move,Bisuvanahalli,2 BHK,GrnSpce,1286.0,2.0,2.0,45.86,2,3566.096423017107
Plot  Area,Ready To Move,Bisuvanahalli,3 BHK,GrnSpce,1479.0,3.0,1.0,59.03,3,3991.210277214334
Super built-up  Area,Ready To Move,Bisuvanahalli,2 BHK,GrnSpce,1012.0,2.0,0.0,43.09,2,4257.905138339921
Super built-up  Area,Ready To Move,Bisuvanahalli,3 BHK,GrnSpce,1786.0,4.0,3.0,76.9,3,4305.711086226204
Plot  Area,Ready To Move,Bisuvanahalli,2 BHK,GrnSpce,928.0,2.0,1.0,37.96,2,4090.5172413793102
Built-up  Area,Ready To Move,Bisuvanahalli,3 BHK,GrnSpce,1695.0,3.0,0.0,67.52,3,3983.480825958702
Super built-up  Area,Ready To Move,Bisuvanahalli,2 BHK,GrnSpce,920.0,2.0,0.0,37.21,2,4044.5652173913045
Built-up  Area,Ready To Move,Bisuvanahalli,2 BHK,GrnSpce,911.0,3.0,2.0,36.21,2,3974.7530186608124
Carpet  Area,Ready To Move,Bisuvanahalli,2 BHK,GrnSpce,1206.0,2.0,3.0,50.45,2,4183.250414593698
Super built-up  Area,Ready To Move,Bisuvanahalli,2 BHK,GrnSpce,1053.0,2.0,3.0,40.52,2,3848.053181386515
Super built-up  Area,Ready To Move,Bisuvanahalli,4 BHK,GrnSpce,2313.0,4.0,2.0,82.1,4,3549.502810203199
Built-up  Area,Ready To Move,Bisuvanahalli,2 BHK,GrnSpce,1010.0,2.0,3.0,39.87,2,3947.524752475247
Carpet  Area,Ready To Move,Bisuvanahalli,2 BHK,GrnSpce,1085.0,2.0,2.0,41.12,2,3789.8617511520733
Plot  Area,Ready To Move,Bisuvanahalli,3 BHK,GrnSpce,1476.0,3.0,3.0,60.62,3,4107.046070460705
Super built-up  Area,Ready To Move,Bisuvanahalli,2 BHK,GrnSpce,1176.0,3.0,3.0,45.68,2,3884.3537414965986
Super built-up  Area,Ready To Move,Bisuvanahalli,5 BHK,GrnSpce,4169.0,5.0,2.0,165.25,5,3963.7802830414967
Super built-up  Area,Ready To Move,Bisuvanahalli,2 BHK,GrnSpce,973.0,3.0,1.0,35.03,2,3600.2055498458376
Super built-up  Area,Ready To Move,Bisuvanahalli,3 BHK,GrnSpce,1738.0,4.0,0.0,65.72,3,3781.3578826237053
Super built-up  Area,Ready To Move,Bisuvanahalli,3 BHK,GrnSpce,1429.0,3.0,2.0,57.89,3,4051.0846745976205
Built-up  Area,Ready To Move,Bisuvanahalli,5 BHK,GrnSpce,4250.0,5.0,2.0,150.78,5,3547.764705882353
Built-up  Area,Ready To Move,Bisuvanahalli,3 BHK,GrnSpce,1675.0,3.0,0.0,62.81,3,3749.8507462686566
Super built-up  Area,Ready To Move,Bisuvanahalli,1 BHK,GrnSpce,555.0,1.0,1.0,20.52,1,3697.2972972972975
Built-up  Area,Ready To Move,Bisuvanahalli,3 BHK,GrnSpce,1921.0,3.0,3.0,70.13,3,3650.702758979698
Super built-up  Area,Ready To Move,Bisuvanahalli,3 BHK,GrnSpce,1509.0,3.0,3.0,63.36,3,4198.807157057654
Plot  Area,Ready To Move,Bisuvanahalli,2 BHK,GrnSpce,1250.0,2.0,1.0,52.8,2,4224.0
Super built-up  Area,Ready To Move,Bisuvanahalli,3 BHK,GrnSpce,1731.0,3.0,0.0,69.16,3,3995.378393991912
Built-up  Area,Ready To Move,Bisuvanahalli,3 BHK,GrnSpce,1964.0,3.0,1.0,71.55,3,3643.075356415479
Plot  Area,Ready To Move,Bisuvanahalli,1 BHK,GrnSpce,678.0,1.0,2.0,29.36,1,4330.383480825959
Plot  Area,Ready To Move,Bisuvanahalli,2 BHK,GrnSpce,1108.0,2.0,1.0,44.12,2,3981.9494584837544
Built-up  Area,Ready To Move,Bisuvanahalli,4 BHK,GrnSpce,2790.0,4.0,2.0,106.75,4,3826.1648745519715
Plot  Area,Ready To Move,Bisuvanahalli,1 BHK,GrnSpce,637.0,1.0,2.0,26.42,1,4147.56671899529
Built-up  Area,Ready To Move,Bisuvanahalli,3 BHK,GrnSpce,1451.0,3.0,0.0,61.22,3,4219.159200551344
Built-up  Area,Ready To Move,Bisuvanahalli,2 BHK,GrnSpce,1007.0,2.0,1.0,40.29,2,4000.9930486593844
Super built-up  Area,Ready To Move,Bisuvanahalli,3 BHK,GrnSpce,1696.0,3.0,0.0,63.4,3,3738.2075471698113
Built-up  Area,Ready To Move,Bisuvanahalli,2 BHK,GrnSpce,1059.0,3.0,1.0,43.15,2,4074.5986779981113
Plot  Area,Ready To Move,Bisuvanahalli,1 BHK,GrnSpce,558.0,1.0,3.0,22.7,1,4068.1003584229393
Super built-up  Area,Ready To Move,Bisuvanahalli,3 BHK,GrnSpce,1649.0,4.0,3.0,65.14,3,3950.2728926622194
Carpet  Area,Ready To Move,Bisuvanahalli,3 BHK,GrnSpce,1664.0,4.0,2.0,61.05,3,3668.8701923076924
Built-up  Area,Ready To Move,Bisuvanahalli,3 BHK,GrnSpce,1488.0,3.0,0.0,58.43,3,3926.7473118279568
Super built-up  Area,Ready To Move,Bisuvanahalli,3 BHK,GrnSpce,1617.0,3.0,1.0,59.15,3,3658.008658008658
Super built-up  Area,Ready To Move,Bisuvanahalli,2 BHK,GrnSpce,1096.0,2.0,3.0,42.06,2,3837.5912408759123
Super built-up  Area,Ready To Move,Bisuvanahalli,4 BHK,GrnSpce,2858.0,4.0,3.0,103.77,4,3630.860741777467
Super built-up  Area,Ready To Move,Bisuvanahalli,2 BHK,GrnSpce,1239.0,2.0,2.0,50.34,2,4062.953995157385
Super built-up  Area,Ready To Move,Bisuvanahalli,2 BHK,GrnSpce,1168.0,3.0,2.0,42.57,2,3644.6917808219177
Built-up  Area,Ready To Move,Bisuvanahalli,1 BHK,GrnSpce,606.0,1.0,0.0,23.74,1,3917.4917491749175
Built-up  Area,Ready To Move,Bisuvanahalli,2 BHK,GrnSpce,1057.0,2.0,3.0,40.98,2,3877.0104068117307
Super built-up  Area,Ready To Move,Bisuvanahalli,2 BHK,GrnSpce,1179.0,2.0,0.0,49.03,2,4158.608990670059
Super built-up  Area,Ready To Move,Bisuvanahalli,2 BHK,GrnSpce,1136.0,2.0,0.0,48.12,2,4235.915492957746
Built-up  Area,Ready To Move,Bisuvanahalli,2 BHK,GrnSpce,932.0,2.0,0.0,35.87,2,3848.712446351931
Super built-up  Area,Ready To Move,Bisuvanahalli,3 BHK,GrnSpce,1665.0,4.0,0.0,63.02,3,3784.984984984985
Super built-up  Area,Ready To Move,Bisuvanahalli,5 BHK,GrnSpce,3822.0,6.0,3.0,142.85,5,3737.571951857666
Built-up  Area,Ready To Move,Bisuvanahalli,2 BHK,GrnSpce,903.0,2.0,2.0,33.5,2,3709.856035437431
Super built-up  Area,Ready To Move,Bisuvanahalli,2 BHK,GrnSpce,1182.0,2.0,2.0,43.24,2,3658.206429780034
Plot  Area,Ready To Move,Bisuvanahalli,4 BHK,GrnSpce,2450.0,5.0,1.0,96.46,4,3937.1428571428573
Super built-up  Area,Ready To Move,Bisuvanahalli,2 BHK,GrnSpce,1081.0,2.0,1.0,41.85,2,3871.4153561517114
Plot  Area,Ready To Move,Bisuvanahalli,2 BHK,GrnSpce,935.0,3.0,2.0,34.17,2,3654.5454545454545
Carpet  Area,Ready To Move,Bisuvanahalli,2 BHK,GrnSpce,1278.0,2.0,3.0,52.08,2,4075.1173708920187
Super built-up  Area,Ready To Move,Bisuvanahalli,2 BHK,GrnSpce,1251.0,2.0,2.0,49.97,2,3994.4044764188648
Super built-up  Area,Ready To Move,Bisuvanahalli,2 BHK,GrnSpce,946.0,3.0,0.0,37.95,2,4011.6279069767447
Built-up  Area,Ready To Move,Bisuvanahalli,3 BHK,GrnSpce,1957.0,3.0,3.0,76.65,3,3916.7092488502817
Super built-up  Area,Ready To Move,Bisuvanahalli,4 BHK,GrnSpce,2644.0,4.0,0.0,108.72,4,4111.951588502269
Super built-up  Area,Ready To Move,Bisuvanahalli,3 BHK,GrnSpce,1636.0,3.0,0.0,59.22,3,3619.804400977995
Super built-up  Area,Ready To Move,Bisuvanahalli,2 BHK,GrnSpce,1263.0,3.0,1.0,46.09,2,3649.2478226444973
Plot  Area,Ready To Move,Bisuvanahalli,3 BHK,GrnSpce,1970.0,4.0,2.0,71.84,3,3646.700507614213
Super built-up  Area,Ready To Move,Bisuvanahalli,2 BHK,GrnSpce,1147.0,2.0,1.0,45.91,2,4002.615518744551
Super built-up  Area,Ready To Move,Bisuvanahalli,4 BHK,GrnSpce,2680.0,5.0,0.0,96.99,4,3619.0298507462685
Plot  Area,Ready To Move,Bisuvanahalli,1 BHK,GrnSpce,628.0,1.0,3.0,25.82,1,4111.464968152866
Super built-up  Area,Ready To Move,Bisuvanahalli,3 BHK,GrnSpce,1968.0,3.0,0.0,81.13,3,4122.459349593496
Built-up  Area,Ready To Move,Bisuvanahalli,2 BHK,GrnSpce,1017.0,2.0,2.0,43.4,2,4267.453294001966
Super built-up  Area,Ready To Move,Bisuvanahalli,3 BHK,GrnSpce,1476.0,3.0,3.0,60.55,3,4102.303523035231
Super built-up  Area,Ready To Move,Bisuvanahalli,3 BHK,GrnSpce,1634.0,3.0,3.0,60.24,3,3686.658506731946
Plot  Area,Ready To Move,Bisuvanahalli,2 BHK,GrnSpce,945.0,2.0,3.0,40.08,2,4241.269841269841
Carpet  Area,Ready To Move,Bisuvanahalli,2 BHK,GrnSpce,991.0,2.0,3.0,39.43,2,3978.809283551968
Plot  Area,Ready To Move,Bisuvanahalli,3 BHK,GrnSpce,1797.0,4.0,3.0,74.18,3,4127.991096271564
Super built-up  Area,Ready To Move,Electronic City,3 BHK,GrnSpce,1442.0,3.0,1.0,64.53,3,4475.034674063801
Plot  Area,Ready To Move,Electronic City,3 BHK,GrnSpce,1406.0,3.0,3.0,61.3,3,4359.886201991465
Plot  Area,Ready To Move,Electronic City,2 BHK,GrnSpce,1150.0,2.0,3.0,50.71,2,4409.565217391304
Super built-up  Area,Ready To Move,Electronic City,2 BHK,GrnSpce,936.0,2.0,1.0,40.24,2,4299.145299145299
Plot  Area,Ready To Move,Electronic City,2 BHK,GrnSpce,1192.0,2.0,1.0,55.3,2,4639.261744966443
Super built-up  Area,Ready To Move,Electronic City,2 BHK,GrnSpce,1082.0,2.0,3.0,48.56,2,4487.985212569316
Built-up  Area,Ready To Move,Electronic City,2 BHK,GrnSpce,985.0,2.0,3.0,46.91,2,4762.436548223351
Super built-up  Area,Ready To Move,Electronic City,1 BHK,GrnSpce,543.0,1.0,3.0,24.36,1,4486.187845303867
Super built-up  Area,Ready To Move,Electronic City,2 BHK,GrnSpce,1227.0,2.0,3.0,58.81,2,4792.9910350448245
Super built-up  Area,Ready To Move,Electronic City,3 BHK,GrnSpce,1645.0,3.0,3.0,76.31,3,4638.905775075988
Built-up  Area,Ready To Move,Electronic City,1 BHK,GrnSpce,515.0,1.0,1.0,21.52,1,4178.640776699029
Super built-up  Area,Ready To Move,Electronic City,2 BHK,GrnSpce,1120.0,3.0,3.0,47.58,2,4248.214285714285
Super built-up  Area,Ready To Move,Electronic City,3 BHK,GrnSpce,1523.0,3.0,3.0,69.25,3,4546.946815495732
Plot  Area,Ready To Move,Electronic City,3 BHK,GrnSpce,1495.0,3.0,1.0,66.76,3,4465.551839464883
Super built-up  Area,Ready To Move,Electronic City,2 BHK,GrnSpce,1239.0,2.0,0.0,57.03,2,4602.905569007264
Super built-up  Area,Ready To Move,Electronic City,2 BHK,GrnSpce,1255.0,2.0,0.0,50.81,2,4048.605577689243
Super built-up  Area,Ready To Move,Electronic City,1 BHK,GrnSpce,583.0,2.0,3.0,25.9,1,4442.53859348199
Super built-up  Area,Ready To Move,Electronic City,3 BHK,GrnSpce,1471.0,3.0,0.0,64.32,3,4372.535690006797
Super built-up  Area,Ready To Move,Electronic City,3 BHK,GrnSpce,1424.0,3.0,2.0,66.14,3,4644.662921348315
Super built-up  Area,Ready To Move,Electronic City,1 BHK,GrnSpce,713.0,2.0,3.0,29.79,1,4178.1206171108
Built-up  Area,Ready To Move,Electronic City,2 BHK,GrnSpce,1186.0,2.0,2.0,52.95,2,4464.586846543002
Super built-up  Area,Ready To Move,Electronic City,2 BHK,GrnSpce,1172.0,2.0,1.0,49.54,2,4226.962457337884
Plot  Area,Ready To Move,Electronic City,4 BHK,GrnSpce,2902.0,4.0,1.0,138.29,4,4765.334252239834
Carpet  Area,Ready To Move,Electronic City,2 BHK,GrnSpce,1292.0,2.0,1.0,55.92,2,4328.173374613003
Super built-up  Area,Ready To Move,Electronic City,2 BHK,GrnSpce,1013.0,3.0,1.0,46.78,2,4617.96643632774
Plot  Area,Ready To Move,Electronic City,3 BHK,GrnSpce,1905.0,3.0,0.0,82.8,3,4346.456692913386
Super built-up  Area,Ready To Move,Electronic City,2 BHK,GrnSpce,1173.0,3.0,0.0,55.59,2,4739.130434782609
Plot  Area,Ready To Move,Electronic City,2 BHK,GrnSpce,1181.0,2.0,2.0,55.17,2,4671.4648602878915
Super built-up  Area,Ready To Move,Electronic City,2 BHK,GrnSpce,1109.0,2.0,1.0,48.26,2,4351.668169522092
Super built-up  Area,Ready To Move,Electronic City,3 BHK,GrnSpce,1603.0,3.0,3.0,72.7,3,4535.246412975671
Plot  Area,Ready To Move,Electronic City,3 BHK,GrnSpce,1405.0,3.0,3.0,60.97,3,4339.501779359431
Super built-up  Area,Ready To Move,Electronic City,3 BHK,GrnSpce,1563.0,4.0,1.0,73.4,3,4696.097248880359
Super built-up  Area,Ready To Move,Electronic City,3 BHK,GrnSpce,1716.0,4.0,1.0,70.96,3,4135.198135198135
Super built-up  Area,Ready To Move,Electronic City,2 BHK,GrnSpce,1068.0,2.0,0.0,49.06,2,4593.632958801498
Super built-up  Area,Ready To Move,Electronic City,1 BHK,GrnSpce,746.0,2.0,0.0,32.24,1,4321.71581769437
Plot  Area,Ready To Move,Electronic City,2 BHK,GrnSpce,932.0,2.0,1.0,43.17,2,4631.974248927038
Super built-up  Area,Ready To Move,Electronic City,2 BHK,GrnSpce,1023.0,3.0,1.0,47.87,2,4679.374389051808
Built-up  Area,Ready To Move,Electronic City,2 BHK,GrnSpce,1249.0,2.0,0.0,52.68,2,4217.7742193755
Super built-up  Area,Ready To Move,Electronic City,3 BHK,GrnSpce,1835.0,3.0,3.0,78.12,3,4257.220708446866
Super built-up  Area,Ready To Move,Electronic City,3 BHK,GrnSpce,1989.0,3.0,0.0,88.24,3,4436.400201106084
Plot  Area,Ready To Move,Electronic City,3 BHK,GrnSpce,1492.0,3.0,1.0,66.2,3,4436.997319034853
Super built-up  Area,Ready To Move,Electronic City,3 BHK,GrnSpce,1741.0,3.0,3.0,82.3,3,4727.16829408386
Super built-up  Area,Ready To Move,Electronic City,3 BHK,GrnSpce,1630.0,3.0,1.0,73.41,3,4503.680981595092
Super built-up  Area,Ready To Move,Electronic City,1 BHK,GrnSpce,589.0,1.0,0.0,26.75,1,4541.595925297113
Super built-up  Area,Ready To Move,Electronic City,3 BHK,GrnSpce,1944.0,3.0,1.0,84.92,3,4368.3127572016465
Built-up  Area,Ready To Move,Electronic City,3 BHK,GrnSpce,1707.0,3.0,0.0,75.9,3,4446.39718804921
Super built-up  Area,Ready To Move,Electronic City,2 BHK,GrnSpce,1130.0,3.0,3.0,49.34,2,4366.371681415929
Super built-up  Area,Ready To Move,Electronic City,3 BHK,GrnSpce,1724.0,4.0,1.0,76.64,3,4445.475638051044
Plot  Area,Ready To Move,Electronic City,2 BHK,GrnSpce,993.0,2.0,2.0,40.89,2,4117.824773413898
Super built-up  Area,Ready To Move,Electronic City,2 BHK,GrnSpce,955.0,2.0,1.0,41.39,2,4334.031413612565
Plot  Area,Ready To Move,Electronic City,2 BHK,GrnSpce,1278.0,2.0,3.0,60.1,2,4702.660406885759
Super built-up  Area,Ready To Move,Electronic City,3 BHK,GrnSpce,1822.0,3.0,2.0,76.46,3,4196.48737650933
Super built-up  Area,Ready To Move,Electronic City,3 BHK,GrnSpce,1845.0,3.0,2.0,74.69,3,4048.238482384824
Super built-up  Area,Ready To Move,Electronic City,2 BHK,GrnSpce,1026.0,2.0,0.0,46.35,2,4517.543859649123
Super built-up  Area,Ready To Move,Electronic City,3 BHK,GrnSpce,1840.0,3.0,0.0,85.79,3,4662.5
Super built-up  Area,Ready To Move,Electronic City,1 BHK,GrnSpce,665.0,1.0,3.0,30.04,1,4517.293233082707
Plot  Area,Ready To Move,Electronic City,2 BHK,GrnSpce,1232.0,2.0,1.0,49.51,2,4018.6688311688313
Plot  Area,Ready To Move,Electronic City,3 BHK,GrnSpce,1596.0,4.0,0.0,73.48,3,4604.0100250626565
Built-up  Area,Ready To Move,Electronic City,1 BHK,GrnSpce,505.0,2.0,3.0,21.86,1,4328.712871287129
Plot  Area,Ready To Move,Electronic City,1 BHK,GrnSpce,515.0,1.0,1.0,21.59,1,4192.233009708738
Plot  Area,Ready To Move,Electronic City,2 BHK,GrnSpce,1251.0,2.0,2.0,53.84,2,4303.756994404476
Built-up  Area,Ready To Move,Electronic City,3 BHK,GrnSpce,1663.0,3.0,1.0,77.36,3,4651.834034876729
Plot  Area,Ready To Move,Electronic City,3 BHK,GrnSpce,1409.0,3.0,0.0,60.95,3,4325.762952448545
Built-up  Area,Ready To Move,Electronic City,2 BHK,GrnSpce,1057.0,2.0,1.0,51.02,2,4826.868495742668
Super built-up  Area,Ready To Move,Electronic City,2 BHK,GrnSpce,1150.0,2.0,1.0,53.25,2,4630.434782608696
Super built-up  Area,Ready To Move,Electronic City,2 BHK,GrnSpce,1052.0,2.0,0.0,49.41,2,4696.768060836502
Super built-up  Area,Ready To Move,Electronic City,3 BHK,GrnSpce,1834.0,4.0,1.0,75.22,3,4101.417666303162
Super built-up  Area,Ready To Move,Electronic City,3 BHK,GrnSpce,1864.0,3.0,2.0,78.6,3,4216.738197424892
Super built-up  Area,Ready To Move,Electronic City,2 BHK,GrnSpce,1259.0,2.0,0.0,60.08,2,4772.041302621128
Plot  Area,Ready To Move,Electronic City,2 BHK,GrnSpce,1099.0,3.0,1.0,49.14,2,4471.337579617834
Built-up  Area,Ready To Move,Electronic City,2 BHK,GrnSpce,974.0,3.0,2.0,46.61,2,4785.420944558521
Super built-up  Area,Ready To Move,Electronic City,3 BHK,GrnSpce,1594.0,4.0,3.0,67.05,3,4206.398996235885
Built-up  Area,Ready To Move,Electronic City,2 BHK,GrnSpce,1289.0,2.0,2.0,52.43,2,4067.4941815360744
Super built-up  Area,Ready To Move,Electronic City,2 BHK,GrnSpce,1289.0,2.0,0.0,55.52,2,4307.214895267649
Built-up  Area,Ready To Move,Electronic City,2 BHK,GrnSpce,985.0,2.0,1.0,43.66,2,4432.48730964467
Plot  Area,Ready To Move,Electronic City,2 BHK,GrnSpce,1203.0,2.0,1.0,49.13,2,4083.956774729842
Super built-up  Area,Ready To Move,Electronic City,3 BHK,GrnSpce,1462.0,4.0,2.0,65.52,3,4481.532147742818
Super built-up  Area,Ready To Move,Electronic City,2 BHK,GrnSpce,1223.0,2.0,2.0,57.59,2,4708.912510220769
Super built-up  Area,Ready To Move,Electronic City,2 BHK,GrnSpce,936.0,2.0,0.0,39.09,2,4176.282051282052
Super built-up  Area,Ready To Move,Electronic City,3 BHK,GrnSpce,1891.0,3.0,0.0,90.92,3,4808.038075092543
Built-up  Area,Ready To Move,Electronic City,1 BHK,GrnSpce,743.0,1.0,1.0,33.34,1,4487.21399730821
Super built-up  Area,Ready To Move,Electronic City,2 BHK,GrnSpce,1295.0,3.0,3.0,53.36,2,4120.46332046332
Super built-up  Area,Ready To Move,Electronic City,3 BHK,GrnSpce,1669.0,3.0,0.0,74.19,3,4445.176752546435
Built-up  Area,Ready To Move,Electronic City,2 BHK,GrnSpce,1184.0,2.0,3.0,56.42,2,4765.2027027027025
Built-up  Area,Ready To Move,Electronic City,3 BHK,GrnSpce,1510.0,3.0,0.0,68.73,3,4551.6556291390725
Plot  Area,Ready To Move,Electronic City,3 BHK,GrnSpce,1473.0,4.0,2.0,69.19,3,4697.216564833673
Super built-up  Area,Ready To Move,Electronic City,2 BHK,GrnSpce,913.0,2.0,3.0,39.87,2,4366.922234392114
Plot  Area,Ready To Move,Electronic City,2 BHK,GrnSpce,1082.0,2.0,1.0,49.68,2,4591.497227356746
Built-up  Area,Ready To Move,Electronic City,2 BHK,GrnSpce,1258.0,2.0,1.0,52.08,2,4139.904610492846
Built-up  Area,Ready To Move,Electronic City,2 BHK,GrnSpce,1197.0,2.0,0.0,50.11,2,4186.299081035923
Super built-up  Area,Ready To Move,Electronic City,3 BHK,GrnSpce,1488.0,3.0,2.0,66.34,3,4458.333333333333
Super built-up  Area,Ready To Move,Electronic City,1 BHK,GrnSpce,518.0,2.0,1.0,22.33,1,4310.810810810811
Built-up  Area,Ready To Move,Electronic City,3 BHK,GrnSpce,1864.0,3.0,3.0,90.23,3,4840.665236051502
Super built-up  Area,Ready To Move,Electronic City,2 BHK,GrnSpce,1023.0,2.0,3.0,47.47,2,4640.273704789834
Built-up  Area,Ready To Move,Electronic City,4 BHK,GrnSpce,2761.0,4.0,1.0,130.44,4,4724.375226367259
Carpet  Area,Ready To Move,Electronic City,2 BHK,GrnSpce,1075.0,3.0,0.0,46.19,2,4296.7441860465115
Built-up  Area,Ready To Move,Electronic City,2 BHK,GrnSpce,1038.0,2.0,0.0,49.02,2,4722.543352601156
Super built-up  Area,Ready To Move,Electronic City,2 BHK,GrnSpce,1296.0,2.0,3.0,56.72,2,4376.543209876543
Super built-up  Area,Ready To Move,Electronic City,2 BHK,GrnSpce,1042.0,2.0,2.0,43.85,2,4208.253358925144
Plot  Area,Ready To Move,Electronic City,4 BHK,GrnSpce,2852.0,4.0,3.0,125.14,4,4387.798036465638
Super built-up  Area,Ready To Move,Electronic City Phase II,3 BHK,GrnSpce,1453.0,4.0,3.0,66.34,3,4565.726083964212
Super built-up  Area,Ready To Move,Electronic City Phase II,2 BHK,GrnSpce,1187.0,2.0,1.0,48.56,2,4090.9856781802864
Plot  Area,Ready To Move,Electronic City Phase II,3 BHK,GrnSpce,1817.0,3.0,1.0,77.91,3,4287.8370941111725
Super built-up  Area,Ready To Move,Electronic City Phase II,3 BHK,GrnSpce,1899.0,4.0,1.0,83.55,3,4399.684044233807
Plot  Area,Ready To Move,Electronic City Phase II,3 BHK,GrnSpce,1517.0,3.0,1.0,70.66,3,4657.877389584707
Plot  Area,Ready To Move,Electronic City Phase II,3 BHK,GrnSpce,1454.0,3.0,2.0,65.56,3,4508.940852819807
Super built-up  Area,Ready To Move,Electronic City Phase II,2 BHK,GrnSpce,1212.0,2.0,1.0,48.68,2,4016.5016501650166
Super built-up  Area,Ready To Move,Electronic City Phase II,3 BHK,GrnSpce,1970.0,3.0,2.0,80.78,3,4100.507614213198
Super built-up  Area,Ready To Move,Electronic City Phase II,2 BHK,GrnSpce,1049.0,2.0,2.0,46.8,2,4461.39180171592
Super built-up  Area,Ready To Move,Electronic City Phase II,2 BHK,GrnSpce,1147.0,3.0,3.0,51.21,2,4464.690496948561
Carpet  Area,Ready To Move,Electronic City Phase II,3 BHK,GrnSpce,1781.0,3.0,0.0,74.82,3,4201.010668163953
Super built-up  Area,Ready To Move,Electronic City Phase II,2 BHK,GrnSpce,1266.0,2.0,3.0,53.47,2,4223.538704581359
Super built-up  Area,Ready To Move,Electronic City Phase II,2 BHK,GrnSpce,1060.0,3.0,3.0,48.16,2,4543.396226415094
Built-up  Area,Ready To Move,Electronic City Phase II,4 BHK,GrnSpce,3080.0,4.0,3.0,129.5,4,4204.545454545455
Built-up  Area,Ready To Move,Electronic City Phase II,4 BHK,GrnSpce,2912.0,5.0,2.0,130.5,4,4481.456043956044
Plot  Area,Ready To Move,Electronic City Phase II,2 BHK,GrnSpce,950.0,3.0,0.0,40.97,2,4312.631578947368
Super built-up  Area,Ready To Move,Electronic City Phase II,2 BHK,GrnSpce,1207.0,3.0,3.0,53.23,2,4410.107705053852
Super built-up  Area,Ready To Move,Electronic City Phase II,4 BHK,GrnSpce,2890.0,4.0,3.0,126.15,4,4365.051903114187
Super built-up  Area,Ready To Move,Electronic City Phase II,1 BHK,GrnSpce,537.0,1.0,3.0,24.97,1,4649.9068901303535
Super built-up  Area,Ready To Move,Electronic City Phase II,2 BHK,GrnSpce,946.0,2.0,2.0,38.25,2,4043.340380549683
Super built-up  Area,Ready To Move,Electronic City Phase II,5 BHK,GrnSpce,4794.0,5.0,1.0,199.52,5,4161.869002920317
Super built-up  Area,Ready To Move,Electronic City Phase II,2 BHK,GrnSpce,962.0,2.0,2.0,41.86,2,4351.351351351352
Plot  Area,Ready To Move,Electronic City Phase II,2 BHK,GrnSpce,1198.0,2.0,0.0,48.63,2,4059.2654424040065
Super built-up  Area,Ready To Move,Electronic City Phase II,4 BHK,GrnSpce,2482.0,5.0,1.0,114.47,4,4612.006446414182
Plot  Area,Ready To Move,Electronic City Phase II,3 BHK,GrnSpce,1844.0,3.0,3.0,75.65,3,4102.494577006508
Built-up  Area,Ready To Move,Electronic City Phase II,3 BHK,GrnSpce,1838.0,4.0,2.0,84.23,3,4582.698585418933
Super built-up  Area,Ready To Move,Electronic City Phase II,1 BHK,GrnSpce,529.0,1.0,2.0,23.52,1,4446.124763705104
Super built-up  Area,Ready To Move,Electronic City Phase II,2 BHK,GrnSpce,1182.0,2.0,2.0,49.5,2,4187.8172588832485
Super built-up  Area,Ready To Move,Electronic City Phase II,2 BHK,GrnSpce,933.0,2.0,3.0,40.9,2,4383.708467309753
Built-up  Area,Ready To Move,Electronic City Phase II,2 BHK,GrnSpce,982.0,2.0,3.0,40.63,2,4137.474541751528
Super built-up  Area,Ready To Move,Electronic City Phase II,2 BHK,GrnSpce,1161.0,2.0,2.0,47.18,2,4063.7381567614125
Super built-up  Area,Ready To Move,Electronic City Phase II,3 BHK,GrnSpce,1578.0,3.0,0.0,71.11,3,4506.337135614702
Plot  Area,Ready To Move,Electronic City Phase II,3 BHK,GrnSpce,1508.0,3.0,1.0,61.68,3,4090.185676392573
Plot  Area,Ready To Move,Electronic City Phase II,2 BHK,GrnSpce,1087.0,2.0,2.0,44.62,2,4104.875804967802
Super built-up  Area,Ready To Move,Electronic City Phase II,2 BHK,GrnSpce,930.0,2.0,1.0,38.81,2,4173.118279569892
Super built-up  Area,Ready To Move,Electronic City Phase II,3 BHK,GrnSpce,1604.0,3.0,1.0,73.22,3,4564.837905236907
Super built-up  Area,Ready To Move,Electronic City Phase II,3 BHK,GrnSpce,1989.0,3.0,1.0,77.99,3,3921.0658622423325
Built-up  Area,Ready To Move,Electronic City Phase II,3 BHK,GrnSpce,1482.0,3.0,3.0,63.36,3,4275.3036437246965
Super built-up  Area,Ready To Move,Electronic City Phase II,3 BHK,GrnSpce,1564.0,4.0,0.0,69.44,3,4439.897698209718
Plot  Area,Ready To Move,Electronic City Phase II,1 BHK,GrnSpce,707.0,1.0,2.0,31.79,1,4496.4639321074965
Plot  Area,Ready To Move,Electronic City Phase II,3 BHK,GrnSpce,1422.0,3.0,3.0,59.61,3,4191.983122362869
Super built-up  Area,Ready To Move,Electronic City Phase II,2 BHK,GrnSpce,960.0,2.0,1.0,38.29,2,3988.5416666666665
Super built-up  Area,Ready To Move,Electronic City Phase II,2 BHK,GrnSpce,1010.0,2.0,0.0,39.63,2,3923.7623762376243
Plot  Area,Ready To Move,Electronic City Phase II,2 BHK,GrnSpce,1271.0,2.0,0.0,49.9,2,3926.042486231314
Built-up  Area,Ready To Move,Electronic City Phase II,2 BHK,GrnSpce,928.0,2.0,1.0,38.17,2,4113.146551724138
Super built-up  Area,Ready To Move,Electronic City Phase II,3 BHK,GrnSpce,1780.0,3.0,0.0,83.4,3,4685.393258426967
Super built-up  Area,Ready To Move,Electronic City Phase II,3 BHK,GrnSpce,1568.0,3.0,0.0,62.03,3,3955.9948979591836
Built-up  Area,Ready To Move,Electronic City Phase II,2 BHK,GrnSpce,1198.0,2.0,1.0,52.31,2,4366.444073455759
Plot  Area,Ready To Move,Electronic City Phase II,2 BHK,GrnSpce,1052.0,3.0,3.0,45.55,2,4329.847908745247
Plot  Area,Ready To Move,Electronic City Phase II,2 BHK,GrnSpce,1272.0,2.0,1.0,51.06,2,4014.1509433962265
Super built-up  Area,Ready To Move,Electronic City Phase II,2 BHK,GrnSpce,1084.0,2.0,1.0,49.01,2,4521.217712177122
Super built-up  Area,Ready To Move,Electronic City Phase II,2 BHK,GrnSpce,949.0,2.0,2.0,40.89,2,4308.746048472076
Super built-up  Area,Ready To Move,Electronic City Phase II,4 BHK,GrnSpce,3130.0,5.0,0.0,124.1,4,3964.856230031949
Plot  Area,Ready To Move,Electronic City Phase II,2 BHK,GrnSpce,1167.0,2.0,3.0,52.57,2,4504.71293916024
Super built-up  Area,Ready To Move,Electronic City Phase II,5 BHK,GrnSpce,4738.0,5.0,3.0,196.49,5,4147.108484592655
Super built-up  Area,Ready To Move,Electronic City Phase II,3 BHK,GrnSpce,1723.0,4.0,2.0,79.52,3,4615.20603598375
Built-up  Area,Ready To Move,Electronic City Phase II,3 BHK,GrnSpce,1956.0,3.0,1.0,76.56,3,3914.1104294478528
Plot  Area,Ready To Move,Electronic City Phase II,2 BHK,GrnSpce,1199.0,2.0,2.0,50.45,2,4207.67306088407
Super built-up  Area,Ready To Move,Electronic City Phase II,3 BHK,GrnSpce,1728.0,3.0,0.0,80.82,3,4677.083333333333
Super built-up  Area,Ready To Move,Electronic City Phase II,2 BHK,GrnSpce,1002.0,2.0,1.0,46.49,2,4639.720558882235
Super built-up  Area,Ready To Move,Electronic City Phase II,2 BHK,GrnSpce,1139.0,2.0,3.0,48.93,2,4295.873573309921
Built-up  Area,Ready To Move,Electronic City Phase II,3 BHK,GrnSpce,1921.0,3.0,3.0,87.59,3,4559.604372722541
Built-up  Area,Ready To Move,Electronic City Phase II,1 BHK,GrnSpce,559.0,1.0,2.0,25.9,1,4633.2737030411445
Plot  Area,Ready To Move,Electronic City Phase II,3 BHK,GrnSpce,1887.0,3.0,0.0,80.37,3,4259.141494435612
Super built-up  Area,Ready To Move,Electronic City Phase II,3 BHK,GrnSpce,1953.0,3.0,1.0,85.66,3,4386.072708653353
Built-up  Area,Ready To Move,Electronic City Phase II,3 BHK,GrnSpce,1435.0,3.0,2.0,60.12,3,4189.547038327526
Super built-up  Area,Ready To Move,Electronic City Phase II,1 BHK,GrnSpce,548.0,1.0,1.0,24.59,1,4487.226277372263
Super built-up  Area,Ready To Move,Electronic City Phase II,2 BHK,GrnSpce,1217.0,3.0,0.0,48.11,2,3953.1635168447
Super built-up  Area,Ready To Move,Electronic City Phase II,3 BHK,GrnSpce,1656.0,3.0,3.0,77.68,3,4690.821256038648
Super built-up  Area,Ready To Move,Electronic City Phase II,2 BHK,GrnSpce,935.0,2.0,0.0,39.62,2,4237.4331550802135
Super built-up  Area,Ready To Move,Electronic City Phase II,4 BHK,GrnSpce,2891.0,4.0,2.0,116.87,4,4042.5458318920787
Plot  Area,Ready To Move,Electronic City Phase II,4 BHK,GrnSpce,3032.0,4.0,0.0,130.66,4,4309.366754617415
Super built-up  Area,Ready To Move,Electronic City Phase II,4 BHK,GrnSpce,2703.0,5.0,1.0,106.51,4,3940.4365519792823
Plot  Area,Ready To Move,Electronic City Phase II,2 BHK,GrnSpce,1159.0,2.0,3.0,48.85,2,4214.840379637619
Super built-up  Area,Ready To Move,Electronic City Phase II,3 BHK,GrnSpce,1535.0,3.0,1.0,70.43,3,4588.273615635179
Super built-up  Area,Ready To Move,Electronic City Phase II,3 BHK,GrnSpce,1448.0,3.0,0.0,56.64,3,3911.6022099447514
Carpet  Area,Ready To Move,Electronic City Phase II,2 BHK,GrnSpce,966.0,2.0,3.0,44.34,2,4590.062111801242
Plot  Area,Ready To Move,Electronic City Phase II,1 BHK,GrnSpce,523.0,1.0,3.0,24.73,1,4728.48948374761
Super built-up  Area,Ready To Move,Electronic City Phase II,3 BHK,GrnSpce,1575.0,4.0,1.0,64.52,3,4096.507936507936
Super built-up  Area,Ready To Move,Electronic City Phase II,1 BHK,GrnSpce,640.0,1.0,1.0,28.01,1,4376.5625
Carpet  Area,Ready To Move,Electronic City Phase II,2 BHK,GrnSpce,1231.0,2.0,2.0,51.91,2,4216.896831844029
Carpet  Area,Ready To Move,Electronic City Phase II,2 BHK,GrnSpce,1126.0,2.0,3.0,48.93,2,4345.470692717584
Super built-up  Area,Ready To Move,Electronic City Phase II,1 BHK,GrnSpce,720.0,1.0,2.0,29.28,1,4066.6666666666665
Built-up  Area,Ready To Move,Electronic City Phase II,3 BHK,GrnSpce,1614.0,3.0,0.0,73.99,3,4584.262701363073
Plot  Area,Ready To Move,Electronic City Phase II,3 BHK,GrnSpce,1974.0,3.0,0.0,89.21,3,4519.2502532928065
Super built-up  Area,Ready To Move,Electronic City Phase II,3 BHK,GrnSpce,1864.0,4.0,3.0,77.99,3,4184.01287553648
Super built-up  Area,Ready To Move,Electronic City Phase II,2 BHK,GrnSpce,1149.0,2.0,3.0,48.56,2,4226.283724978242
Built-up  Area,Ready To Move,Electronic City Phase II,3 BHK,GrnSpce,1894.0,3.0,3.0,89.44,3,4722.280887011616
Carpet  Area,Ready To Move,Electronic City Phase II,3 BHK,GrnSpce,1774.0,3.0,0.0,70.27,3,3961.104847801578
Built-up  Area,Ready To Move,Electronic City Phase II,3 BHK,GrnSpce,1707.0,3.0,1.0,69.13,3,4049.7949619214996
Built-up  Area,Ready To Move,Electronic City Phase II,5 BHK,GrnSpce,4171.0,5.0,3.0,186.63,5,4474.4665547830255
Plot  Area,Ready To Move,Electronic City Phase II,2 BHK,GrnSpce,1049.0,2.0,0.0,47.54,2,4531.935176358436
Super built-up  Area,Ready To Move,Electronic City Phase II,2 BHK,GrnSpce,1011.0,2.0,3.0,39.95,2,3951.533135509397
Super built-up  Area,Ready To Move,Electronic City Phase II,2 BHK,GrnSpce,1151.0,2.0,3.0,50.41,2,4379.669852302346
Built-up  Area,Ready To Move,Electronic City Phase II,2 BHK,GrnSpce,1298.0,2.0,3.0,55.01,2,4238.0585516178735
Super built-up  Area,Ready To Move,Electronic City Phase II,2 BHK,GrnSpce,1216.0,2.0,0.0,55.34,2,4550.986842105263
Super built-up  Area,Ready To Move,Electronic City Phase II,3 BHK,GrnSpce,1573.0,3.0,3.0,67.99,3,4322.3140495867765
Plot  Area,Ready To Move,Electronic City Phase II,3 BHK,GrnSpce,1631.0,4.0,0.0,68.87,3,4222.562844880442
Super built-up  Area,Ready To Move,Electronic City Phase II,4 BHK,GrnSpce,3143.0,4.0,0.0,146.51,4,4661.469933184855
Super built-up  Area,Ready To Move,Electronic City Phase II,3 BHK,GrnSpce,1584.0,3.0,3.0,66.72,3,4212.121212121212
Built-up  Area,Ready To Move,Electronic City Phase II,3 BHK,GrnSpce,1907.0,3.0,3.0,74.75,3,3919.76927110645
Super built-up  Area,Ready To Move,Electronic City Phase II,3 BHK,GrnSpce,1964.0,4.0,2.0,90.84,3,4625.254582484725
Super built-up  Area,Ready To Move,Electronic City Phase II,2 BHK,GrnSpce,972.0,3.0,3.0,43.33,2,4457.818930041152
Super built-up  Area,Ready To Move,Electronic City Phase II,3 BHK,GrnSpce,1699.0,4.0,2.0,69.82,3,4109.476162448498
Carpet  Area,Ready To Move,Electronic City Phase II,2 BHK,GrnSpce,1145.0,2.0,0.0,50.32,2,4394.759825327511
Plot  Area,Ready To Move,Electronic City Phase II,1 BHK,GrnSpce,671.0,1.0,2.0,30.92,1,4608.047690014903
Super built-up  Area,Ready To Move,Electronic City Phase II,3 BHK,GrnSpce,1711.0,3.0,1.0,78.89,3,4610.753945061368
Super built-up  Area,Ready To Move,Electronic City Phase II,2 BHK,GrnSpce,1178.0,2.0,2.0,51.99,2,4413.4125636672325
Super built-up  Area,Ready To Move,Electronic City Phase II,3 BHK,GrnSpce,1824.0,4.0,2.0,81.38,3,4461.622807017544
Super built-up  Area,Ready To Move,Electronic City Phase II,3 BHK,GrnSpce,1542.0,3.0,1.0,68.23,3,4424.773022049287
Built-up  Area,Ready To Move,Electronic City Phase II,3 BHK,GrnSpce,1764.0,3.0,3.0,80.27,3,4550.453514739229
Plot  Area,Ready To Move,Electronic City Phase II,3 BHK,GrnSpce,1914.0,3.0,2.0,85.85,3,4485.370950888192
Super built-up  Area,Ready To Move,Electronic City Phase II,2 BHK,GrnSpce,1218.0,2.0,2.0,53.81,2,4417.898193760263
Super built-up  Area,Ready To Move,Electronic City Phase II,2 BHK,GrnSpce,1000.0,2.0,2.0,46.37,2,4637.0
Super built-up  Area,Ready To Move,Electronic City Phase II,3 BHK,GrnSpce,1642.0,4.0,3.0,66.39,3,4043.239951278928
Plot  Area,Ready To Move,Electronic City Phase II,2 BHK,GrnSpce,1203.0,2.0,0.0,53.46,2,4443.890274314214
Built-up  Area,Ready To Move,Electronic City Phase II,3 BHK,GrnSpce,1814.0,3.0,1.0,80.08,3,4414.553472987872
Plot  Area,Ready To Move,HSR Layout,2 BHK,GrnSpce,1100.0,2.0,2.0,117.46,2,10678.181818181818
Super built-up  Area,Ready To Move,HSR Layout,3 BHK,GrnSpce,1807.0,4.0,0.0,181.13,3,10023.796347537354
Super built-up  Area,Ready To Move,HSR Layout,2 BHK,GrnSpce,1174.0,2.0,2.0,108.1,2,9207.836456558773
Super built-up  Area,Ready To Move,HSR Layout,2 BHK,GrnSpce,994.0,2.0,3.0,105.25,2,10588.531187122737
Super built-up  Area,Ready To Move,HSR Layout,2 BHK,GrnSpce,912.0,2.0,1.0,85.89,2,9417.763157894737
Built-up  Area,Ready To Move,HSR Layout,2 BHK,GrnSpce,906.0,2.0,3.0,81.99,2,9049.668874172185
Super built-up  Area,Ready To Move,HSR Layout,3 BHK,GrnSpce,1401.0,4.0,0.0,139.78,3,9977.159172019985
Super built-up  Area,Ready To Move,HSR Layout,1 BHK,GrnSpce,592.0,1.0,1.0,55.93,1,9447.635135135135
Super built-up  Area,Ready To Move,HSR Layout,3 BHK,GrnSpce,1773.0,3.0,3.0,192.04,3,10831.359278059786
Super built-up  Area,Ready To Move,HSR Layout,3 BHK,GrnSpce,1868.0,3.0,0.0,179.03,3,9584.04710920771
Super built-up  Area,Ready To Move,HSR Layout,2 BHK,GrnSpce,1249.0,2.0,0.0,118.31,2,9472.377902321858
Super built-up  Area,Ready To Move,HSR Layout,2 BHK,GrnSpce,990.0,3.0,3.0,90.64,2,9155.555555555555
Super built-up  Area,Ready To Move,HSR Layout,3 BHK,GrnSpce,1514.0,3.0,2.0,159.74,3,10550.858652575958
Super built-up  Area,Ready To Move,HSR Layout,3 BHK,GrnSpce,1844.0,3.0,1.0,166.18,3,9011.930585683298
Carpet  Area,Ready To Move,HSR Layout,1 BHK,GrnSpce,642.0,1.0,2.0,57.29,1,8923.67601246106
Super built-up  Area,Ready To Move,HSR Layout,2 BHK,GrnSpce,921.0,3.0,0.0,93.91,2,10196.525515743757
Super built-up  Area,Ready To Move,HSR Layout,3 BHK,GrnSpce,1588.0,3.0,0.0,152.97,3,9632.87153652393
Super built-up  Area,Ready To Move,HSR Layout,3 BHK,GrnSpce,1507.0,3.0,3.0,148.62,3,9861.977438619775
Super built-up  Area,Ready To Move,HSR Layout,2 BHK,GrnSpce,1297.0,3.0,3.0,134.58,2,10376.252891287588
Plot  Area,Ready To Move,HSR Layout,2 BHK,GrnSpce,951.0,3.0,3.0,87.47,2,9197.686645636173
Super built-up  Area,Ready To Move,HSR Layout,2 BHK,GrnSpce,1022.0,2.0,2.0,107.86,2,10553.816046966733
Built-up  Area,Ready To Move,HSR Layout,3 BHK,GrnSpce,1614.0,3.0,3.0,172.98,3,10717.472118959107
Built-up  Area,Ready To Move,HSR Layout,3 BHK,GrnSpce,1592.0,3.0,1.0,155.38,3,9760.050251256282
Built-up  Area,Ready To Move,HSR Layout,2 BHK,GrnSpce,1111.0,2.0,3.0,102.13,2,9192.619261926193
Plot  Area,Ready To Move,HSR Layout,3 BHK,GrnSpce,1915.0,3.0,1.0,201.98,3,10547.258485639686
Super built-up  Area,Ready To Move,HSR Layout,1 BHK,GrnSpce,739.0,1.0,0.0,73.95,1,10006.765899864682
Plot  Area,Ready To Move,HSR Layout,3 BHK,GrnSpce,1693.0,3.0,1.0,166.98,3,9862.965150620199
Super built-up  Area,Ready To Move,HSR Layout,2 BHK,GrnSpce,1078.0,2.0,3.0,102.39,2,9498.144712430427
Built-up  Area,Ready To Move,HSR Layout,2 BHK,GrnSpce,1075.0,2.0,0.0,99.8,2,9283.720930232557
Super built-up  Area,Ready To Move,HSR Layout,2 BHK,GrnSpce,1110.0,2.0,1.0,101.96,2,9185.585585585586
Plot  Area,Ready To Move,HSR Layout,3 BHK,GrnSpce,1532.0,4.0,1.0,162.39,3,10599.869451697126
Super built-up  Area,Ready To Move,HSR Layout,2 BHK,GrnSpce,1155.0,2.0,3.0,125.52,2,10867.532467532468
Built-up  Area,Ready To Move,HSR Layout,2 BHK,GrnSpce,1013.0,2.0,1.0,101.08,2,9978.282329713722
Super built-up  Area,Ready To Move,HSR Layout,3 BHK,GrnSpce,1652.0,3.0,3.0,155.2,3,9394.673123486682
Plot  Area,Ready To Move,HSR Layout,2 BHK,GrnSpce,1148.0,2.0,3.0,116.06,2,10109.756097560976
Super built-up  Area,Ready To Move,HSR Layout,2 BHK,GrnSpce,959.0,3.0,1.0,91.96,2,9589.155370177268
Built-up  Area,Ready To Move,HSR Layout,3 BHK,GrnSpce,1814.0,3.0,3.0,189.6,3,10452.039691289967
Super built-up  Area,Ready To Move,HSR Layout,3 BHK,GrnSpce,1691.0,3.0,2.0,150.28,3,8887.049083382613
Built-up  Area,Ready To Move,HSR Layout,2 BHK,GrnSpce,1148.0,3.0,3.0,107.35,2,9351.045296167247
Super built-up  Area,Ready To Move,HSR Layout,2 BHK,GrnSpce,928.0,3.0,3.0,87.89,2,9470.905172413793
Plot  Area,Ready To Move,HSR Layout,2 BHK,GrnSpce,1245.0,2.0,1.0,122.95,2,9875.502008032128
Super built-up  Area,Ready To Move,HSR Layout,1 BHK,GrnSpce,536.0,1.0,1.0,50.41,1,9404.850746268658
Super built-up  Area,Ready To Move,HSR Layout,1 BHK,GrnSpce,556.0,1.0,0.0,49.6,1,8920.863309352519
Plot  Area,Ready To Move,HSR Layout,1 BHK,GrnSpce,520.0,1.0,3.0,50.67,1,9744.23076923077
Super built-up  Area,Ready To Move,HSR Layout,3 BHK,GrnSpce,1798.0,3.0,1.0,179.37,3,9976.084538375973
Built-up  Area,Ready To Move,HSR Layout,2 BHK,GrnSpce,1203.0,2.0,2.0,113.86,2,9464.671654197839
Super built-up  Area,Ready To Move,HSR Layout,3 BHK,GrnSpce,1940.0,3.0,0.0,172.88,3,8911.340206185567
Super built-up  Area,Ready To Move,HSR Layout,3 BHK,GrnSpce,1901.0,3.0,1.0,204.73,3,10769.594950026301
Plot  Area,Ready To Move,HSR Layout,3 BHK,GrnSpce,1896.0,3.0,3.0,198.93,3,10492.088607594937
Super built-up  Area,Ready To Move,HSR Layout,2 BHK,GrnSpce,1095.0,2.0,0.0,107.42,2,9810.045662100456
Super built-up  Area,Ready To Move,HSR Layout,3 BHK,GrnSpce,1978.0,3.0,0.0,199.1,3,10065.72295247725
Carpet  Area,Ready To Move,HSR Layout,2 BHK,GrnSpce,1281.0,2.0,1.0,130.65,2,10199.063231850118
Super built-up  Area,Ready To Move,HSR Layout,3 BHK,GrnSpce,1427.0,3.0,0.0,135.62,3,9503.85423966363
Super built-up  Area,Ready To Move,HSR Layout,2 BHK,GrnSpce,1120.0,2.0,1.0,115.16,2,10282.142857142857
Super built-up  Area,Ready To Move,HSR Layout,3 BHK,GrnSpce,1938.0,3.0,3.0,175.86,3,9074.303405572755
Super built-up  Area,Ready To Move,HSR Layout,3 BHK,GrnSpce,1863.0,3.0,0.0,194.07,3,10417.0692431562
Super built-up  Area,Ready To Move,HSR Layout,3 BHK,GrnSpce,1545.0,4.0,2.0,155.01,3,10033.009708737864
Plot  Area,Ready To Move,HSR Layout,1 BHK,GrnSpce,722.0,2.0,2.0,71.44,1,9894.736842105263
Super built-up  Area,Ready To Move,HSR Layout,3 BHK,GrnSpce,1504.0,4.0,3.0,151.2,3,10053.191489361701
Super built-up  Area,Ready To Move,HSR Layout,1 BHK,GrnSpce,590.0,1.0,2.0,56.86,1,9637.28813559322
Plot  Area,Ready To Move,HSR Layout,1 BHK,GrnSpce,723.0,2.0,1.0,67.63,1,9354.080221300139
Super built-up  Area,Ready To Move,HSR Layout,1 BHK,GrnSpce,677.0,1.0,3.0,64.47,1,9522.895125553914
Super built-up  Area,Ready To Move,HSR Layout,2 BHK,GrnSpce,1151.0,2.0,3.0,103.76,2,9014.769765421373
Super built-up  Area,Ready To Move,HSR Layout,3 BHK,GrnSpce,1749.0,4.0,0.0,173.39,3,9913.6649514008
Super built-up  Area,Ready To Move,HSR Layout,3 BHK,GrnSpce,1484.0,3.0,3.0,140.71,3,9481.805929919137
Super built-up  Area,Ready To Move,HSR Layout,1 BHK,GrnSpce,500.0,1.0,1.0,46.3,1,9260.0
Plot  Area,Ready To Move,HSR Layout,1 BHK,GrnSpce,542.0,1.0,3.0,55.15,1,10175.276752767528
Plot  Area,Ready To Move,HSR Layout,3 BHK,GrnSpce,1804.0,4.0,2.0,169.95,3,9420.731707317073
Plot  Area,Ready To Move,HSR Layout,2 BHK,GrnSpce,1066.0,2.0,2.0,108.61,2,10188.555347091933
Built-up  Area,Ready To Move,HSR Layout,4 BHK,GrnSpce,2568.0,4.0,0.0,235.01,4,9151.479750778817
Plot  Area,Ready To Move,HSR Layout,2 BHK,GrnSpce,1298.0,3.0,3.0,116.47,2,8973.035439137135
Super built-up  Area,Ready To Move,HSR Layout,1 BHK,GrnSpce,518.0,1.0,1.0,52.53,1,10140.92664092664
Built-up  Area,Ready To Move,HSR Layout,2 BHK,GrnSpce,998.0,3.0,1.0,97.84,2,9803.607214428857
Super built-up  Area,Ready To Move,HSR Layout,3 BHK,GrnSpce,1598.0,3.0,2.0,157.72,3,9869.837296620775
Super built-up  Area,Ready To Move,HSR Layout,2 BHK,GrnSpce,1127.0,2.0,0.0,108.86,2,9659.27240461402
Super built-up  Area,Ready To Move,HSR Layout,4 BHK,GrnSpce,2591.0,4.0,3.0,233.59,4,9015.438054805094
Carpet  Area,Ready To Move,HSR Layout,3 BHK,GrnSpce,1908.0,3.0,2.0,206.97,3,10847.48427672956
Plot  Area,Ready To Move,HSR Layout,3 BHK,GrnSpce,1620.0,3.0,0.0,172.69,3,10659.876543209877
Super built-up  Area,Ready To Move,HSR Layout,3 BHK,GrnSpce,1989.0,3.0,2.0,203.77,3,10244.846656611362
Super built-up  Area,Ready To Move,HSR Layout,2 BHK,GrnSpce,958.0,3.0,1.0,94.39,2,9852.818371607516
Plot  Area,Ready To Move,HSR Layout,2 BHK,GrnSpce,970.0,2.0,2.0,96.26,2,9923.711340206186
Super built-up  Area,Ready To Move,HSR Layout,3 BHK,GrnSpce,1884.0,3.0,0.0,188.32,3,9995.753715498939
Plot  Area,Ready To Move,HSR Layout,2 BHK,GrnSpce,1131.0,2.0,3.0,113.22,2,10010.610079575597
Built-up  Area,Ready To Move,HSR Layout,3 BHK,GrnSpce,1560.0,4.0,3.0,142.05,3,9105.769230769232
Super built-up  Area,Ready To Move,HSR Layout,1 BHK,GrnSpce,509.0,1.0,0.0,54.79,1,10764.243614931238
Super built-up  Area,Ready To Move,HSR Layout,2 BHK,GrnSpce,1205.0,2.0,2.0,119.01,2,9876.348547717842
Plot  Area,Ready To Move,HSR Layout,2 BHK,GrnSpce,1111.0,2.0,1.0,112.11,2,10090.90909090909
Plot  Area,Ready To Move,HSR Layout,1 BHK,GrnSpce,641.0,1.0,2.0,65.82,1,10268.330733229328
Super built-up  Area,Ready To Move,HSR Layout,3 BHK,GrnSpce,1845.0,3.0,1.0,173.74,3,9416.80216802168
Super built-up  Area,Ready To Move,HSR Layout,2 BHK,GrnSpce,1200.0,2.0,1.0,110.7,2,9225.0
Super built-up  Area,Ready To Move,HSR Layout,1 BHK,GrnSpce,595.0,2.0,0.0,59.17,1,9944.53781512605
Super built-up  Area,Ready To Move,HSR Layout,3 BHK,GrnSpce,1922.0,4.0,1.0,189.17,3,9842.351716961499
Super built-up  Area,Ready To Move,HSR Layout,3 BHK,GrnSpce,1765.0,3.0,0.0,182.39,3,10333.71104815864
Super built-up  Area,Ready To Move,HSR Layout,4 BHK,GrnSpce,3129.0,4.0,0.0,291.07,4,9302.33301374241
Plot  Area,Ready To Move,HSR Layout,3 BHK,GrnSpce,1879.0,3.0,0.0,188.17,3,10014.369345396488
Super built-up  Area,Ready To Move,HSR Layout,1 BHK,GrnSpce,593.0,1.0,0.0,57.09,1,9627.318718381113
Super built-up  Area,Ready To Move,HSR Layout,2 BHK,GrnSpce,1105.0,2.0,1.0,104.88,2,9491.402714932126
Plot  Area,Ready To Move,HSR Layout,3 BHK,GrnSpce,1626.0,3.0,3.0,168.96,3,10391.143911439114
Super built-up  Area,Ready To Move,HSR Layout,1 BHK,GrnSpce,509.0,1.0,2.0,48.79,1,9585.461689587426
Plot  Area,Ready To Move,HSR Layout,3 BHK,GrnSpce,1508.0,3.0,0.0,151.91,3,10073.607427055704
Plot  Area,Ready To Move,HSR Layout,2 BHK,GrnSpce,1206.0,2.0,2.0,119.6,2,9917.081260364843
Plot  Area,Ready To Move,HSR Layout,1 BHK,GrnSpce,737.0,1.0,0.0,73.94,1,10032.564450474898
Super built-up  Area,Ready To Move,HSR Layout,2 BHK,GrnSpce,902.0,3.0,2.0,97.32,2,10789.356984478936
Super built-up  Area,Ready To Move,HSR Layout,3 BHK,GrnSpce,1987.0,3.0,0.0,180.65,3,9091.595369904378
Super built-up  Area,Ready To Move,HSR Layout,2 BHK,GrnSpce,1027.0,2.0,1.0,110.9,2,10798.44206426485
Plot  Area,Ready To Move,HSR Layout,2 BHK,GrnSpce,1043.0,2.0,0.0,96.9,2,9290.508149568552
Plot  Area,Ready To Move,HSR Layout,2 BHK,GrnSpce,980.0,3.0,1.0,106.32,2,10848.979591836734
Plot  Area,Ready To Move,HSR Layout,4 BHK,GrnSpce,2701.0,4.0,3.0,265.85,4,9842.650870048132
Super built-up  Area,Ready To Move,HSR Layout,2 BHK,GrnSpce,1101.0,2.0,1.0,108.33,2,9839.23705722071
Super built-up  Area,Ready To Move,HSR Layout,2 BHK,GrnSpce,1231.0,3.0,3.0,122.72,2,9969.130787977254
Plot  Area,Ready To Move,Hebbal,2 BHK,GrnSpce,1157.0,2.0,0.0,96.04,2,8300.777873811581
Plot  Area,Ready To Move,Hebbal,4 BHK,GrnSpce,2854.0,4.0,0.0,235.34,4,8245.970567624387
Super built-up  Area,Ready To Move,Hebbal,4 BHK,GrnSpce,2285.0,4.0,2.0,199.92,4,8749.234135667397
Plot  Area,Ready To Move,Hebbal,3 BHK,GrnSpce,1903.0,3.0,0.0,148.76,3,7817.13084603258
Super built-up  Area,Ready To Move,Hebbal,2 BHK,GrnSpce,1126.0,2.0,3.0,95.51,2,8482.238010657193
Super built-up  Area,Ready To Move,Hebbal,2 BHK,GrnSpce,933.0,2.0,3.0,73.13,2,7838.156484458736
Plot  Area,Ready To Move,Hebbal,2 BHK,GrnSpce,1054.0,3.0,2.0,82.31,2,7809.297912713472
Built-up  Area,Ready To Move,Hebbal,5 BHK,GrnSpce,3574.0,6.0,3.0,278.55,5,7793.788472299944
Plot  Area,Ready To Move,Hebbal,3 BHK,GrnSpce,1695.0,3.0,2.0,155.95,3,9200.589970501474
Super built-up  Area,Ready To Move,Hebbal,3 BHK,GrnSpce,1551.0,3.0,3.0,144.39,3,9309.477756286266
Built-up  Area,Ready To Move,Hebbal,2 BHK,GrnSpce,1056.0,2.0,2.0,94.72,2,8969.69696969697
Super built-up  Area,Ready To Move,Hebbal,2 BHK,GrnSpce,1249.0,2.0,3.0,98.55,2,7890.31224979984
Super built-up  Area,Ready To Move,Hebbal,1 BHK,GrnSpce,606.0,1.0,1.0,55.19,1,9107.260726072607
Super built-up  Area,Ready To Move,Hebbal,2 BHK,GrnSpce,1026.0,2.0,1.0,94.07,2,9168.615984405458
Built-up  Area,Ready To Move,Hebbal,2 BHK,GrnSpce,1188.0,2.0,1.0,90.72,2,7636.363636363636
Super built-up  Area,Ready To Move,Hebbal,1 BHK,GrnSpce,583.0,1.0,0.0,49.63,1,8512.864493996569
Super built-up  Area,Ready To Move,Hebbal,3 BHK,GrnSpce,1625.0,3.0,0.0,147.48,3,9075.692307692307
Super built-up  Area,Ready To Move,Hebbal,3 BHK,GrnSpce,1848.0,3.0,3.0,165.05,3,8931.277056277057
Plot  Area,Ready To Move,Hebbal,4 BHK,GrnSpce,3096.0,4.0,2.0,282.17,4,9114.018087855296
Super built-up  Area,Ready To Move,Hebbal,5 BHK,GrnSpce,4973.0,5.0,2.0,388.11,5,7804.343454655138
Built-up  Area,Ready To Move,Hebbal,4 BHK,GrnSpce,2871.0,5.0,0.0,227.69,4,7930.686172065482
Super built-up  Area,Ready To Move,Hebbal,2 BHK,GrnSpce,1093.0,2.0,0.0,93.41,2,8546.203110704482
Built-up  Area,Ready To Move,Hebbal,2 BHK,GrnSpce,1288.0,2.0,2.0,111.96,2,8692.546583850932
Super built-up  Area,Ready To Move,Hebbal,2 BHK,GrnSpce,1021.0,2.0,1.0,95.55,2,9358.47208619001
Plot  Area,Ready To Move,Hebbal,4 BHK,GrnSpce,2798.0,4.0,1.0,257.03,4,9186.204431736953
Super built-up  Area,Ready To Move,Hebbal,4 BHK,GrnSpce,2293.0,4.0,3.0,207.82,4,9063.235935455736
Plot  Area,Ready To Move,Hebbal,3 BHK,GrnSpce,1480.0,3.0,3.0,115.0,3,7770.27027027027
Super built-up  Area,Ready To Move,Hebbal,3 BHK,GrnSpce,1674.0,3.0,1.0,133.07,3,7949.223416965352
Super built-up  Area,Ready To Move,Hebbal,3 BHK,GrnSpce,1614.0,3.0,2.0,133.32,3,8260.223048327138
Super built-up  Area,Ready To Move,Hebbal,3 BHK,GrnSpce,1630.0,3.0,3.0,148.24,3,9094.478527607362
Super built-up  Area,Ready To Move,Hebbal,1 BHK,GrnSpce,614.0,1.0,0.0,47.86,1,7794.788273615635
Super built-up  Area,Ready To Move,Hebbal,1 BHK,GrnSpce,506.0,1.0,0.0,42.25,1,8349.802371541502
Plot  Area,Ready To Move,Hebbal,3 BHK,GrnSpce,1540.0,4.0,1.0,130.08,3,8446.753246753247
Plot  Area,Ready To Move,Hebbal,2 BHK,GrnSpce,976.0,2.0,3.0,85.05,2,8714.139344262296
Plot  Area,Ready To Move,Hebbal,2 BHK,GrnSpce,1213.0,2.0,1.0,102.32,2,8435.284418796373
Super built-up  Area,Ready To Move,Hebbal,2 BHK,GrnSpce,1028.0,2.0,1.0,82.85,2,8059.338521400778
Super built-up  Area,Ready To Move,Hebbal,2 BHK,GrnSpce,960.0,2.0,3.0,80.33,2,8367.708333333334
Super built-up  Area,Ready To Move,Hebbal,2 BHK,GrnSpce,920.0,2.0,0.0,84.41,2,9175.0
Plot  Area,Ready To Move,Hebbal,3 BHK,GrnSpce,1892.0,3.0,0.0,164.5,3,8694.503171247357
Built-up  Area,Ready To Move,Hebbal,1 BHK,GrnSpce,566.0,1.0,1.0,48.89,1,8637.809187279152
Super built-up  Area,Ready To Move,Hebbal,4 BHK,GrnSpce,2535.0,4.0,1.0,219.27,4,8649.704142011835
Super built-up  Area,Ready To Move,Hebbal,3 BHK,GrnSpce,1469.0,4.0,0.0,130.24,3,8865.895166780123
Super built-up  Area,Ready To Move,Hebbal,3 BHK,GrnSpce,1537.0,3.0,2.0,127.71,3,8309.04359141184
Super built-up  Area,Ready To Move,Hebbal,2 BHK,GrnSpce,1080.0,2.0,2.0,96.48,2,8933.333333333334
Super built-up  Area,Ready To Move,Hebbal,3 BHK,GrnSpce,1797.0,3.0,3.0,145.06,3,8072.342793544797
Super built-up  Area,Ready To Move,Hebbal,2 BHK,GrnSpce,1165.0,2.0,3.0,97.3,2,8351.931330472104
Super built-up  Area,Ready To Move,Hebbal,2 BHK,GrnSpce,923.0,2.0,2.0,86.38,2,9358.613217768147
Built-up  Area,Ready To Move,Hebbal,3 BHK,GrnSpce,1653.0,4.0,1.0,132.38,3,8008.469449485783
Plot  Area,Ready To Move,Hebbal,3 BHK,GrnSpce,1477.0,3.0,2.0,119.67,3,8102.234258632363
Super built-up  Area,Ready To Move,Hebbal,2 BHK,GrnSpce,1125.0,2.0,0.0,104.03,2,9247.111111111111
Super built-up  Area,Ready To Move,Hebbal,5 BHK,GrnSpce,4374.0,6.0,3.0,370.13,5,8462.048468221308
Super built-up  Area,Ready To Move,Hebbal,3 BHK,GrnSpce,1498.0,3.0,2.0,114.31,3,7630.841121495327
Super built-up  Area,Ready To Move,Hebbal,3 BHK,GrnSpce,1543.0,3.0,1.0,123.9,3,8029.812054439404
Super built-up  Area,Ready To Move,Hebbal,2 BHK,GrnSpce,1158.0,2.0,1.0,90.74,2,7835.924006908463
Super built-up  Area,Ready To Move,Hebbal,2 BHK,GrnSpce,1284.0,3.0,1.0,107.61,2,8380.841121495327
Super built-up  Area,Ready To Move,Hebbal,2 BHK,GrnSpce,965.0,2.0,1.0,80.96,2,8389.637305699482
Super built-up  Area,Ready To Move,Hebbal,2 BHK,GrnSpce,1095.0,2.0,2.0,98.13,2,8961.643835616438
Built-up  Area,Ready To Move,Hebbal,3 BHK,GrnSpce,1864.0,4.0,3.0,155.73,3,8354.613733905579
Super built-up  Area,Ready To Move,Hebbal,2 BHK,GrnSpce,958.0,2.0,1.0,88.87,2,9276.617954070982
Super built-up  Area,Ready To Move,Hebbal,2 BHK,GrnSpce,968.0,2.0,0.0,74.68,2,7714.8760330578525
Built-up  Area,Ready To Move,Hebbal,3 BHK,GrnSpce,1653.0,3.0,2.0,146.58,3,8867.513611615246
Built-up  Area,Ready To Move,Hebbal,2 BHK,GrnSpce,983.0,2.0,3.0,81.35,2,8275.686673448627
Super built-up  Area,Ready To Move,Hebbal,2 BHK,GrnSpce,955.0,2.0,2.0,78.45,2,8214.659685863875
Super built-up  Area,Ready To Move,Hebbal,2 BHK,GrnSpce,948.0,2.0,2.0,83.46,2,8803.797468354429
Super built-up  Area,Ready To Move,Hebbal,2 BHK,GrnSpce,1251.0,2.0,0.0,101.79,2,8136.690647482014
Built-up  Area,Ready To Move,Hebbal,3 BHK,GrnSpce,1656.0,3.0,1.0,143.25,3,8650.36231884058
Built-up  Area,Ready To Move,Hebbal,3 BHK,GrnSpce,1983.0,3.0,3.0,173.07,3,8727.68532526475
Super built-up  Area,Ready To Move,Hebbal,2 BHK,GrnSpce,1110.0,2.0,1.0,102.31,2,9217.117117117117
Super built-up  Area,Ready To Move,Hebbal,2 BHK,GrnSpce,1106.0,3.0,0.0,90.19,2,8154.611211573237
Super built-up  Area,Ready To Move,Hebbal,3 BHK,GrnSpce,1406.0,3.0,3.0,117.76,3,8375.533428165007
Super built-up  Area,Ready To Move,Hebbal,2 BHK,GrnSpce,940.0,2.0,2.0,88.05,2,9367.021276595744
Super built-up  Area,Ready To Move,Hebbal,2 BHK,GrnSpce,1230.0,2.0,1.0,98.27,2,7989.430894308943
Super built-up  Area,Ready To Move,Hebbal,2 BHK,GrnSpce,908.0,2.0,2.0,81.2,2,8942.73127753304
Built-up  Area,Ready To Move,Hebbal,2 BHK,GrnSpce,1068.0,2.0,3.0,94.37,2,8836.142322097377
Super built-up  Area,Ready To Move,Hebbal,2 BHK,GrnSpce,1128.0,3.0,2.0,103.85,2,9206.560283687943
Super built-up  Area,Ready To Move,Hebbal,1 BHK,GrnSpce,664.0,1.0,2.0,59.15,1,8908.132530120482
Built-up  Area,Ready To Move,Hebbal,3 BHK,GrnSpce,1606.0,4.0,2.0,133.34,3,8302.615193026151
Super built-up  Area,Ready To Move,Hebbal,4 BHK,GrnSpce,3077.0,4.0,2.0,273.8,4,8898.277543061424
Super built-up  Area,Ready To Move,Hebbal,2 BHK,GrnSpce,1208.0,2.0,3.0,108.28,2,8963.576158940397
Built-up  Area,Ready To Move,Hebbal,2 BHK,GrnSpce,1245.0,2.0,3.0,102.34,2,8220.08032128514
Super built-up  Area,Ready To Move,Hebbal,1 BHK,GrnSpce,578.0,2.0,1.0,51.39,1,8891.003460207612
Plot  Area,Ready To Move,Hebbal,1 BHK,GrnSpce,574.0,1.0,0.0,52.47,1,9141.114982578398
Super built-up  Area,Ready To Move,Hebbal,2 BHK,GrnSpce,1268.0,2.0,2.0,112.64,2,8883.280757097791
Built-up  Area,Ready To Move,Hebbal,2 BHK,GrnSpce,1122.0,2.0,3.0,91.28,2,8135.472370766488
Super built-up  Area,Ready To Move,Hebbal,3 BHK,GrnSpce,1981.0,3.0,3.0,171.82,3,8673.397274103987
Super built-up  Area,Ready To Move,Hebbal,3 BHK,GrnSpce,1864.0,4.0,3.0,150.14,3,8054.721030042918
Super built-up  Area,Ready To Move,Hebbal,3 BHK,GrnSpce,1745.0,3.0,2.0,143.1,3,8200.57306590258
Plot  Area,Ready To Move,Hebbal,2 BHK,GrnSpce,1173.0,2.0,1.0,94.67,2,8070.75873827792
Carpet  Area,Ready To Move,Hebbal,3 BHK,GrnSpce,1728.0,3.0,3.0,158.79,3,9189.236111111111
Super built-up  Area,Ready To Move,Hebbal,3 BHK,GrnSpce,1586.0,3.0,2.0,145.53,3,9175.914249684742
Super built-up  Area,Ready To Move,Hebbal,3 BHK,GrnSpce,1437.0,3.0,2.0,128.62,3,8950.591510090466
Super built-up  Area,Ready To Move,Hebbal,3 BHK,GrnSpce,1665.0,3.0,1.0,142.68,3,8569.36936936937
Super built-up  Area,Ready To Move,Hebbal,2 BHK,GrnSpce,1087.0,2.0,0.0,99.66,2,9168.353265869366
Plot  Area,Ready To Move,Hebbal,3 BHK,GrnSpce,1539.0,3.0,3.0,142.22,3,9241.065627030539
Super built-up  Area,Ready To Move,Hebbal,2 BHK,GrnSpce,915.0,2.0,0.0,78.39,2,8567.213114754099
Built-up  Area,Ready To Move,Hebbal,2 BHK,GrnSpce,1124.0,2.0,2.0,90.97,2,8093.416370106762
Super built-up  Area,Ready To Move,Hebbal,3 BHK,GrnSpce,1471.0,3.0,0.0,132.23,3,8989.123045547245
Built-up  Area,Ready To Move,Hebbal,4 BHK,GrnSpce,2443.0,5.0,2.0,226.29,4,9262.791649611134
Super built-up  Area,Ready To Move,Hebbal,3 BHK,GrnSpce,1532.0,4.0,3.0,129.71,3,8466.710182767623
Super built-up  Area,Ready To Move,Hebbal,3 BHK,GrnSpce,1766.0,3.0,0.0,149.51,3,8466.024915062288
Super built-up  Area,Ready To Move,Hebbal,3 BHK,GrnSpce,1928.0,4.0,2.0,168.25,3,8726.659751037345
Carpet  Area,Ready To Move,Hebbal,3 BHK,GrnSpce,1840.0,3.0,2.0,153.07,3,8319.021739130434
Built-up  Area,Ready To Move,Hebbal,3 BHK,GrnSpce,1879.0,3.0,3.0,170.26,3,9061.202767429484
Super built-up  Area,Ready To Move,Hebbal,2 BHK,GrnSpce,916.0,2.0,1.0,82.2,2,8973.799126637554
Super built-up  Area,Ready To Move,Indiranagar,2 BHK,GrnSpce,1299.0,2.0,1.0,197.72,2,15220.939183987683
Super built-up  Area,Ready To Move,Indiranagar,3 BHK,GrnSpce,1672.0,3.0,1.0,226.45,3,13543.66028708134
Super built-up  Area,Ready To Move,Indiranagar,4 BHK,GrnSpce,2279.0,4.0,0.0,326.21,4,14313.734093900832
Super built-up  Area,Ready To Move,Indiranagar,3 BHK,GrnSpce,1507.0,4.0,1.0,217.69,3,14445.255474452555
Super built-up  Area,Ready To Move,Indiranagar,2 BHK,GrnSpce,1045.0,2.0,3.0,148.76,2,14235.406698564593
Plot  Area,Ready To Move,Indiranagar,3 BHK,GrnSpce,1825.0,3.0,2.0,246.04,3,13481.643835616438
Super built-up  Area,Ready To Move,Indiranagar,3 BHK,GrnSpce,1759.0,4.0,0.0,264.81,3,15054.576463899943
Super built-up  Area,Ready To Move,Indiranagar,3 BHK,GrnSpce,1755.0,3.0,1.0,259.73,3,14799.430199430199
Plot  Area,Ready To Move,Indiranagar,2 BHK,GrnSpce,1274.0,3.0,3.0,171.33,2,13448.194662480377
Super built-up  Area,Ready To Move,Indiranagar,3 BHK,GrnSpce,1517.0,4.0,2.0,210.78,3,13894.52867501648
Super built-up  Area,Ready To Move,Indiranagar,4 BHK,GrnSpce,3027.0,5.0,0.0,425.86,4,14068.714899240173
Plot  Area,Ready To Move,Indiranagar,2 BHK,GrnSpce,986.0,2.0,0.0,134.49,2,13639.959432048681
Super built-up  Area,Ready To Move,Indiranagar,1 BHK,GrnSpce,608.0,1.0,0.0,84.07,1,13827.302631578947
Super built-up  Area,Ready To Move,Indiranagar,2 BHK,GrnSpce,1182.0,2.0,2.0,165.26,2,13981.387478849409
Carpet  Area,Ready To Move,Indiranagar,2 BHK,GrnSpce,1139.0,2.0,3.0,168.15,2,14762.949956101844
Super built-up  Area,Ready To Move,Indiranagar,3 BHK,GrnSpce,1701.0,3.0,2.0,256.51,3,15079.952968841857
Built-up  Area,Ready To Move,Indiranagar,4 BHK,GrnSpce,2835.0,4.0,2.0,375.63,4,13249.73544973545
Super built-up  Area,Ready To Move,Indiranagar,4 BHK,GrnSpce,2361.0,4.0,3.0,342.21,4,14494.28208386277
Super built-up  Area,Ready To Move,Indiranagar,3 BHK,GrnSpce,1723.0,3.0,3.0,221.14,3,12834.590829947765
Super built-up  Area,Ready To Move,Indiranagar,1 BHK,GrnSpce,552.0,1.0,1.0,83.01,1,15038.043478260872
Plot  Area,Ready To Move,Indiranagar,4 BHK,GrnSpce,2914.0,4.0,2.0,437.77,4,15022.99245024022
Super built-up  Area,Ready To Move,Indiranagar,3 BHK,GrnSpce,1893.0,3.0,1.0,277.53,3,14660.855784469095
Super built-up  Area,Ready To Move,Indiranagar,2 BHK,GrnSpce,1298.0,2.0,0.0,188.54,2,14525.42372881356
Plot  Area,Ready To Move,Indiranagar,3 BHK,GrnSpce,1913.0,3.0,2.0,243.39,3,12722.948248823837
Super built-up  Area,Ready To Move,Indiranagar,3 BHK,GrnSpce,1926.0,3.0,1.0,275.88,3,14323.98753894081
Super built-up  Area,Ready To Move,Indiranagar,2 BHK,GrnSpce,985.0,2.0,3.0,129.47,2,13144.162436548224
Super built-up  Area,Ready To Move,Indiranagar,3 BHK,GrnSpce,1712.0,3.0,0.0,217.69,3,12715.53738317757
Super built-up  Area,Ready To Move,Indiranagar,2 BHK,GrnSpce,1067.0,2.0,2.0,146.64,2,13743.205248359885
Plot  Area,Ready To Move,Indiranagar,3 BHK,GrnSpce,1447.0,3.0,3.0,213.93,3,14784.381478921907
Super built-up  Area,Ready To Move,Indiranagar,4 BHK,GrnSpce,2296.0,5.0,1.0,339.35,4,14780.052264808362
Super built-up  Area,Ready To Move,Indiranagar,2 BHK,GrnSpce,921.0,2.0,2.0,126.76,2,13763.30076004343
Super built-up  Area,Ready To Move,Indiranagar,2 BHK,GrnSpce,1131.0,2.0,2.0,159.48,2,14100.795755968167
Super built-up  Area,Ready To Move,Indiranagar,2 BHK,GrnSpce,999.0,2.0,3.0,134.65,2,13478.478478478479
Super built-up  Area,Ready To Move,Indiranagar,2 BHK,GrnSpce,1150.0,2.0,2.0,176.03,2,15306.95652173913
Super built-up  Area,Ready To Move,Indiranagar,3 BHK,GrnSpce,1687.0,3.0,2.0,235.86,3,13981.031416716063
Super built-up  Area,Ready To Move,Indiranagar,3 BHK,GrnSpce,1660.0,3.0,3.0,229.52,3,13826.506024096385
Plot  Area,Ready To Move,Indiranagar,3 BHK,GrnSpce,1743.0,3.0,2.0,256.72,3,14728.628800917959
Plot  Area,Ready To Move,Indiranagar,3 BHK,GrnSpce,1474.0,3.0,0.0,215.15,3,14596.336499321575
Super built-up  Area,Ready To Move,Indiranagar,1 BHK,GrnSpce,620.0,1.0,2.0,81.4,1,13129.032258064517
Super built-up  Area,Ready To Move,Indiranagar,2 BHK,GrnSpce,1117.0,2.0,3.0,149.9,2,13419.87466427932
Carpet  Area,Ready To Move,Indiranagar,2 BHK,GrnSpce,1247.0,2.0,1.0,169.92,2,13626.303127506015
Super built-up  Area,Ready To Move,Indiranagar,3 BHK,GrnSpce,1903.0,3.0,2.0,249.12,3,13090.90909090909
Plot  Area,Ready To Move,Indiranagar,2 BHK,GrnSpce,1009.0,2.0,3.0,130.39,2,12922.695738354805
Plot  Area,Ready To Move,Indiranagar,2 BHK,GrnSpce,1127.0,3.0,2.0,165.36,2,14672.582076308787
Super built-up  Area,Ready To Move,Indiranagar,1 BHK,GrnSpce,634.0,1.0,0.0,85.49,1,13484.22712933754
Carpet  Area,Ready To Move,Indiranagar,2 BHK,GrnSpce,1076.0,2.0,3.0,149.74,2,13916.35687732342
Super built-up  Area,Ready To Move,Indiranagar,4 BHK,GrnSpce,3025.0,4.0,0.0,457.13,4,15111.735537190083
Super built-up  Area,Ready To Move,Indiranagar,3 BHK,GrnSpce,1692.0,3.0,3.0,240.43,3,14209.810874704492
Super built-up  Area,Ready To Move,Indiranagar,1 BHK,GrnSpce,705.0,1.0,3.0,97.94,1,13892.198581560284
Plot  Area,Ready To Move,Indiranagar,2 BHK,GrnSpce,1234.0,2.0,0.0,162.76,2,13189.627228525122
Super built-up  Area,Ready To Move,Indiranagar,3 BHK,GrnSpce,1679.0,4.0,2.0,220.08,3,13107.802263251935
Plot  Area,Ready To Move,Indiranagar,2 BHK,GrnSpce,992.0,2.0,1.0,146.06,2,14723.790322580646
Super built-up  Area,Ready To Move,Indiranagar,2 BHK,GrnSpce,900.0,2.0,3.0,123.57,2,13730.0
Super built-up  Area,Ready To Move,Indiranagar,2 BHK,GrnSpce,1161.0,2.0,0.0,172.4,2,14849.267872523686
Super built-up  Area,Ready To Move,Indiranagar,1 BHK,GrnSpce,580.0,2.0,1.0,79.97,1,13787.931034482759
Super built-up  Area,Ready To Move,Indiranagar,1 BHK,GrnSpce,620.0,1.0,2.0,88.87,1,14333.870967741936
Super built-up  Area,Ready To Move,Indiranagar,3 BHK,GrnSpce,1893.0,3.0,1.0,246.33,3,13012.678288431061
Plot  Area,Ready To Move,Indiranagar,2 BHK,GrnSpce,968.0,2.0,0.0,146.43,2,15127.066115702479
Super built-up  Area,Ready To Move,Indiranagar,3 BHK,GrnSpce,1746.0,3.0,1.0,223.69,3,12811.569301260022
Super built-up  Area,Ready To Move,Indiranagar,3 BHK,GrnSpce,1850.0,3.0,1.0,274.02,3,14811.891891891892
Plot  Area,Ready To Move,Indiranagar,2 BHK,GrnSpce,906.0,2.0,3.0,128.87,2,14224.061810154526
Super built-up  Area,Ready To Move,Indiranagar,5 BHK,GrnSpce,4007.0,5.0,0.0,528.59,5,13191.664586972798
Super built-up  Area,Ready To Move,Indiranagar,2 BHK,GrnSpce,1015.0,2.0,0.0,130.67,2,12873.89162561576
Plot  Area,Ready To Move,Indiranagar,1 BHK,GrnSpce,744.0,1.0,3.0,95.3,1,12809.139784946237
Super built-up  Area,Ready To Move,Indiranagar,3 BHK,GrnSpce,1499.0,3.0,3.0,206.77,3,13793.862575050034
Plot  Area,Ready To Move,Indiranagar,3 BHK,GrnSpce,1659.0,4.0,2.0,242.18,3,14597.950572634118
Super built-up  Area,Ready To Move,Indiranagar,2 BHK,GrnSpce,1064.0,2.0,3.0,137.57,2,12929.511278195489
Super built-up  Area,Ready To Move,Indiranagar,1 BHK,GrnSpce,721.0,1.0,1.0,106.52,1,14773.925104022192
Super built-up  Area,Ready To Move,Indiranagar,4 BHK,GrnSpce,2514.0,4.0,3.0,365.03,4,14519.88862370724
Plot  Area,Ready To Move,Indiranagar,3 BHK,GrnSpce,1941.0,3.0,1.0,257.79,3,13281.298299845443
Carpet  Area,Ready To Move,Indiranagar,1 BHK,GrnSpce,518.0,1.0,1.0,77.62,1,14984.555984555984
Super built-up  Area,Ready To Move,Indiranagar,2 BHK,GrnSpce,1092.0,2.0,0.0,159.99,2,14651.098901098901
Super built-up  Area,Ready To Move,Indiranagar,3 BHK,GrnSpce,1644.0,3.0,2.0,212.15,3,12904.501216545012
Super built-up  Area,Ready To Move,Indiranagar,1 BHK,GrnSpce,574.0,2.0,1.0,78.2,1,13623.69337979094
Carpet  Area,Ready To Move,Indiranagar,3 BHK,GrnSpce,1487.0,3.0,3.0,210.64,3,14165.433759246805
Built-up  Area,Ready To Move,Indiranagar,2 BHK,GrnSpce,1035.0,2.0,3.0,146.79,2,14182.608695652174
Plot  Area,Ready To Move,Indiranagar,1 BHK,GrnSpce,734.0,1.0,1.0,105.31,1,14347.41144414169
Carpet  Area,Ready To Move,Indiranagar,2 BHK,GrnSpce,1288.0,2.0,0.0,170.43,2,13232.142857142857
Built-up  Area,Ready To Move,Indiranagar,3 BHK,GrnSpce,1539.0,3.0,0.0,230.01,3,14945.41910331384
Super built-up  Area,Ready To Move,Indiranagar,2 BHK,GrnSpce,1143.0,2.0,0.0,151.05,2,13215.223097112863
Super built-up  Area,Ready To Move,Indiranagar,2 BHK,GrnSpce,1056.0,2.0,1.0,152.57,2,14447.916666666666
Super built-up  Area,Ready To Move,Indiranagar,2 BHK,GrnSpce,951.0,3.0,0.0,132.1,2,13890.641430073607
Built-up  Area,Ready To Move,Indiranagar,1 BHK,GrnSpce,559.0,1.0,3.0,83.43,1,14924.865831842577
Super built-up  Area,Ready To Move,Indiranagar,2 BHK,GrnSpce,986.0,3.0,1.0,128.17,2,12998.985801217037
Super built-up  Area,Ready To Move,Indiranagar,3 BHK,GrnSpce,1880.0,3.0,0.0,264.73,3,14081.382978723404
Built-up  Area,Ready To Move,Indiranagar,2 BHK,GrnSpce,1223.0,2.0,0.0,155.95,2,12751.43090760425
Plot  Area,Ready To Move,Indiranagar,2 BHK,GrnSpce,1132.0,2.0,1.0,165.65,2,14633.39222614841
Super built-up  Area,Ready To Move,Indiranagar,2 BHK,GrnSpce,961.0,2.0,3.0,135.55,2,14105.098855359003
Plot  Area,Ready To Move,Indiranagar,3 BHK,GrnSpce,1464.0,4.0,1.0,221.33,3,15118.169398907105
Super built-up  Area,Ready To Move,Indiranagar,4 BHK,GrnSpce,2225.0,4.0,2.0,340.97,4,15324.494382022473
Plot  Area,Ready To Move,Indiranagar,3 BHK,GrnSpce,1868.0,4.0,2.0,280.96,3,15040.685224839399
Super built-up  Area,Ready To Move,Indiranagar,2 BHK,GrnSpce,1296.0,2.0,3.0,190.16,2,14672.839506172839
Super built-up  Area,Ready To Move,Indiranagar,2 BHK,GrnSpce,1136.0,2.0,1.0,150.74,2,13269.366197183099
Built-up  Area,Ready To Move,Indiranagar,3 BHK,GrnSpce,1702.0,4.0,2.0,245.77,3,14440.070505287897
Super built-up  Area,Ready To Move,Indiranagar,2 BHK,GrnSpce,1184.0,2.0,1.0,174.56,2,14743.243243243243
Built-up  Area,Ready To Move,Indiranagar,4 BHK,GrnSpce,2860.0,4.0,1.0,414.29,4,14485.664335664336
Super built-up  Area,Ready To Move,Indiranagar,1 BHK,GrnSpce,715.0,1.0,3.0,96.8,1,13538.461538461539
Super built-up  Area,Ready To Move,Indiranagar,3 BHK,GrnSpce,1979.0,3.0,1.0,285.86,3,14444.66902475998
Super built-up  Area,Ready To Move,Indiranagar,3 BHK,GrnSpce,1979.0,3.0,2.0,274.87,3,13889.33804951996
Super built-up  Area,Ready To Move,Indiranagar,2 BHK,GrnSpce,905.0,2.0,2.0,132.63,2,14655.24861878453
Super built-up  Area,Ready To Move,Indiranagar,2 BHK,GrnSpce,916.0,2.0,2.0,130.2,2,14213.973799126636
Carpet  Area,Ready To Move,Indiranagar,2 BHK,GrnSpce,961.0,2.0,2.0,147.97,2,15397.502601456816
Super built-up  Area,Ready To Move,Indiranagar,2 BHK,GrnSpce,961.0,2.0,2.0,133.83,2,13926.118626430803
Super built-up  Area,Ready To Move,KR Puram,2 BHK,GrnSpce,950.0,2.0,1.0,45.47,2,4786.315789473684
Super built-up  Area,Ready To Move,KR Puram,1 BHK,GrnSpce,663.0,1.0,2.0,34.4,1,5188.536953242836
Built-up  Area,Ready To Move,KR Puram,2 BHK,GrnSpce,1289.0,3.0,0.0,66.79,2,5181.536074476339
Super built-up  Area,Ready To Move,KR Puram,2 BHK,GrnSpce,1249.0,2.0,1.0,62.75,2,5024.019215372298
Super built-up  Area,Ready To Move,KR Puram,3 BHK,GrnSpce,1667.0,3.0,0.0,86.93,3,5214.757048590282
Plot  Area,Ready To Move,KR Puram,3 BHK,GrnSpce,1442.0,3.0,2.0,77.0,3,5339.805825242718
Super built-up  Area,Ready To Move,KR Puram,2 BHK,GrnSpce,1299.0,2.0,2.0,64.82,2,4989.992301770592
Built-up  Area,Ready To Move,KR Puram,3 BHK,GrnSpce,1951.0,3.0,3.0,90.66,3,4646.847770374167
Super built-up  Area,Ready To Move,KR Puram,2 BHK,GrnSpce,1131.0,3.0,1.0,57.49,2,5083.112290008842
Super built-up  Area,Ready To Move,KR Puram,3 BHK,GrnSpce,1848.0,3.0,2.0,101.8,3,5508.658008658009
Super built-up  Area,Ready To Move,KR Puram,2 BHK,GrnSpce,975.0,2.0,1.0,51.92,2,5325.128205128205
Super built-up  Area,Ready To Move,KR Puram,2 BHK,GrnSpce,1088.0,2.0,0.0,51.64,2,4746.323529411765
Super built-up  Area,Ready To Move,KR Puram,1 BHK,GrnSpce,599.0,1.0,1.0,32.38,1,5405.676126878131
Plot  Area,Ready To Move,KR Puram,2 BHK,GrnSpce,912.0,2.0,1.0,47.13,2,5167.763157894737
Super built-up  Area,Ready To Move,KR Puram,3 BHK,GrnSpce,1901.0,3.0,1.0,92.79,3,4881.115202524987
Super built-up  Area,Ready To Move,KR Puram,2 BHK,GrnSpce,1223.0,3.0,3.0,62.46,2,5107.113654946852
Super built-up  Area,Ready To Move,KR Puram,3 BHK,GrnSpce,1856.0,3.0,1.0,97.2,3,5237.068965517241
Built-up  Area,Ready To Move,KR Puram,4 BHK,GrnSpce,3031.0,4.0,0.0,147.89,4,4879.247773012206
Plot  Area,Ready To Move,KR Puram,1 BHK,GrnSpce,614.0,1.0,3.0,32.27,1,5255.7003257329
Super built-up  Area,Ready To Move,KR Puram,2 BHK,GrnSpce,1136.0,2.0,0.0,58.22,2,5125.0
Super built-up  Area,Ready To Move,KR Puram,2 BHK,GrnSpce,913.0,3.0,1.0,46.55,2,5098.576122672508
Plot  Area,Ready To Move,KR Puram,2 BHK,GrnSpce,1269.0,2.0,1.0,59.24,2,4668.242710795902
Super built-up  Area,Ready To Move,KR Puram,1 BHK,GrnSpce,665.0,1.0,3.0,35.52,1,5341.353383458647
Super built-up  Area,Ready To Move,KR Puram,3 BHK,GrnSpce,1522.0,3.0,0.0,77.46,3,5089.356110381077
Built-up  Area,Ready To Move,KR Puram,2 BHK,GrnSpce,1096.0,2.0,0.0,52.24,2,4766.423357664234
Built-up  Area,Ready To Move,KR Puram,3 BHK,GrnSpce,1683.0,3.0,2.0,82.89,3,4925.133689839572
Built-up  Area,Ready To Move,KR Puram,2 BHK,GrnSpce,1235.0,3.0,3.0,60.56,2,4903.643724696356
Built-up  Area,Ready To Move,KR Puram,2 BHK,GrnSpce,1094.0,2.0,2.0,51.88,2,4742.2303473491775
Built-up  Area,Ready To Move,KR Puram,5 BHK,GrnSpce,4386.0,5.0,3.0,224.17,5,5111.035111719107
Built-up  Area,Ready To Move,KR Puram,1 BHK,GrnSpce,655.0,1.0,0.0,36.17,1,5522.137404580153
Super built-up  Area,Ready To Move,KR Puram,2 BHK,GrnSpce,1123.0,3.0,1.0,59.25,2,5276.046304541407
Super built-up  Area,Ready To Move,KR Puram,2 BHK,GrnSpce,1103.0,3.0,3.0,53.47,2,4847.68812330009
Plot  Area,Ready To Move,KR Puram,2 BHK,GrnSpce,1219.0,2.0,2.0,65.77,2,5395.406070549631
Super built-up  Area,Ready To Move,KR Puram,1 BHK,GrnSpce,606.0,1.0,1.0,31.27,1,5160.06600660066
Built-up  Area,Ready To Move,KR Puram,4 BHK,GrnSpce,2269.0,4.0,2.0,106.4,4,4689.290436315558
Super built-up  Area,Ready To Move,KR Puram,3 BHK,GrnSpce,1863.0,3.0,3.0,92.49,3,4964.573268921095
Built-up  Area,Ready To Move,KR Puram,2 BHK,GrnSpce,1006.0,2.0,2.0,51.53,2,5122.2664015904575
Built-up  Area,Ready To Move,KR Puram,3 BHK,GrnSpce,1589.0,4.0,1.0,84.91,3,5343.612334801762
Super built-up  Area,Ready To Move,KR Puram,2 BHK,GrnSpce,907.0,2.0,2.0,43.76,2,4824.696802646086
Super built-up  Area,Ready To Move,KR Puram,4 BHK,GrnSpce,2760.0,4.0,1.0,143.29,4,5191.666666666667
Super built-up  Area,Ready To Move,KR Puram,2 BHK,GrnSpce,1055.0,2.0,0.0,52.69,2,4994.312796208531
Super built-up  Area,Ready To Move,KR Puram,1 BHK,GrnSpce,516.0,2.0,0.0,24.12,1,4674.418604651163
Super built-up  Area,Ready To Move,KR Puram,2 BHK,GrnSpce,1217.0,3.0,3.0,66.14,2,5434.67543138866
Plot  Area,Ready To Move,KR Puram,2 BHK,GrnSpce,956.0,3.0,1.0,50.24,2,5255.230125523012
Super built-up  Area,Ready To Move,KR Puram,2 BHK,GrnSpce,1165.0,3.0,3.0,59.45,2,5103.004291845494
Super built-up  Area,Ready To Move,KR Puram,2 BHK,GrnSpce,917.0,2.0,0.0,42.59,2,4644.492911668484
Plot  Area,Ready To Move,KR Puram,3 BHK,GrnSpce,1765.0,3.0,2.0,88.63,3,5021.529745042493
Super built-up  Area,Ready To Move,KR Puram,2 BHK,GrnSpce,1074.0,2.0,1.0,59.62,2,5551.2104283054005
Plot  Area,Ready To Move,KR Puram,3 BHK,GrnSpce,1900.0,4.0,3.0,99.22,3,5222.105263157895
Carpet  Area,Ready To Move,KR Puram,4 BHK,GrnSpce,2605.0,5.0,2.0,130.71,4,5017.658349328215
Super built-up  Area,Ready To Move,KR Puram,1 BHK,GrnSpce,589.0,1.0,2.0,28.44,1,4828.522920203735
Super built-up  Area,Ready To Move,KR Puram,1 BHK,GrnSpce,525.0,1.0,0.0,28.72,1,5470.476190476191
Built-up  Area,Ready To Move,KR Puram,3 BHK,GrnSpce,1746.0,4.0,2.0,90.37,3,5175.830469644902
Carpet  Area,Ready To Move,KR Puram,1 BHK,GrnSpce,519.0,1.0,3.0,24.39,1,4699.421965317919
Super built-up  Area,Ready To Move,KR Puram,2 BHK,GrnSpce,1237.0,2.0,1.0,59.47,2,4807.599029911075
Plot  Area,Ready To Move,KR Puram,3 BHK,GrnSpce,1548.0,3.0,3.0,73.29,3,4734.496124031009
Carpet  Area,Ready To Move,KR Puram,2 BHK,GrnSpce,915.0,2.0,1.0,44.22,2,4832.786885245901
Super built-up  Area,Ready To Move,KR Puram,3 BHK,GrnSpce,1907.0,3.0,2.0,97.46,3,5110.644992134242
Super built-up  Area,Ready To Move,KR Puram,3 BHK,GrnSpce,1489.0,4.0,0.0,68.05,3,4570.181329751511
Super built-up  Area,Ready To Move,KR Puram,2 BHK,GrnSpce,981.0,3.0,3.0,53.79,2,5483.180428134557
Super built-up  Area,Ready To Move,KR Puram,3 BHK,GrnSpce,1601.0,3.0,0.0,81.02,3,5060.587133041849
Built-up  Area,Ready To Move,KR Puram,3 BHK,GrnSpce,1898.0,3.0,3.0,97.78,3,5151.738672286618
Plot  Area,Ready To Move,KR Puram,3 BHK,GrnSpce,1526.0,4.0,3.0,69.84,3,4576.671035386632
Plot  Area,Ready To Move,KR Puram,2 BHK,GrnSpce,1282.0,2.0,1.0,58.92,2,4595.94383775351
Super built-up  Area,Ready To Move,KR Puram,2 BHK,GrnSpce,973.0,2.0,0.0,50.86,2,5227.132579650565
Super built-up  Area,Ready To Move,KR Puram,1 BHK,GrnSpce,623.0,1.0,0.0,32.25,1,5176.565008025682
Super built-up  Area,Ready To Move,KR Puram,1 BHK,GrnSpce,726.0,1.0,1.0,37.32,1,5140.495867768595
Built-up  Area,Ready To Move,KR Puram,3 BHK,GrnSpce,1791.0,3.0,3.0,81.94,3,4575.097710776103
Built-up  Area,Ready To Move,KR Puram,3 BHK,GrnSpce,1571.0,3.0,3.0,77.2,3,4914.0674729471675
Super built-up  Area,Ready To Move,KR Puram,2 BHK,GrnSpce,1211.0,2.0,0.0,65.07,2,5373.245251857968
Built-up  Area,Ready To Move,KR Puram,2 BHK,GrnSpce,1201.0,2.0,2.0,59.96,2,4992.506244796004
Built-up  Area,Ready To Move,KR Puram,2 BHK,GrnSpce,1136.0,2.0,1.0,63.06,2,5551.056338028169
Super built-up  Area,Ready To Move,KR Puram,2 BHK,GrnSpce,1012.0,2.0,1.0,54.16,2,5351.778656126482
Plot  Area,Ready To Move,KR Puram,2 BHK,GrnSpce,1002.0,2.0,0.0,48.28,2,4818.363273453094
Carpet  Area,Ready To Move,KR Puram,2 BHK,GrnSpce,922.0,2.0,3.0,45.5,2,4934.924078091106
Plot  Area,Ready To Move,KR Puram,2 BHK,GrnSpce,1186.0,2.0,3.0,58.8,2,4957.841483979764
Built-up  Area,Ready To Move,KR Puram,2 BHK,GrnSpce,969.0,2.0,2.0,49.66,2,5124.871001031992
Plot  Area,Ready To Move,KR Puram,2 BHK,GrnSpce,1112.0,2.0,3.0,58.09,2,5223.920863309352
Super built-up  Area,Ready To Move,KR Puram,2 BHK,GrnSpce,930.0,3.0,3.0,45.69,2,4912.903225806452
Super built-up  Area,Ready To Move,KR Puram,1 BHK,GrnSpce,663.0,1.0,3.0,32.33,1,4876.3197586727
Plot  Area,Ready To Move,KR Puram,3 BHK,GrnSpce,1561.0,3.0,2.0,75.88,3,4860.986547085202
Super built-up  Area,Ready To Move,KR Puram,2 BHK,GrnSpce,1265.0,2.0,0.0,57.53,2,4547.826086956522
Super built-up  Area,Ready To Move,KR Puram,2 BHK,GrnSpce,1191.0,2.0,2.0,62.78,2,5271.20067170445
Super built-up  Area,Ready To Move,KR Puram,2 BHK,GrnSpce,1043.0,2.0,0.0,53.02,2,5083.413231064238
Super built-up  Area,Ready To Move,KR Puram,3 BHK,GrnSpce,1844.0,3.0,2.0,93.52,3,5071.583514099783
Super built-up  Area,Ready To Move,KR Puram,3 BHK,GrnSpce,1676.0,3.0,2.0,78.08,3,4658.711217183771
Super built-up  Area,Ready To Move,KR Puram,2 BHK,GrnSpce,1161.0,2.0,0.0,55.95,2,4819.121447028424
Plot  Area,Ready To Move,KR Puram,4 BHK,GrnSpce,2269.0,5.0,2.0,111.61,4,4918.907007492287
Super built-up  Area,Ready To Move,KR Puram,3 BHK,GrnSpce,1404.0,4.0,2.0,67.61,3,4815.527065527065
Super built-up  Area,Ready To Move,KR Puram,2 BHK,GrnSpce,925.0,2.0,0.0,42.03,2,4543.783783783784
Carpet  Area,Ready To Move,KR Puram,2 BHK,GrnSpce,1038.0,2.0,3.0,56.35,2,5428.709055876686
Super built-up  Area,Ready To Move,KR Puram,4 BHK,GrnSpce,2558.0,4.0,1.0,120.94,4,4727.912431587178
Plot  Area,Ready To Move,KR Puram,3 BHK,GrnSpce,1698.0,3.0,2.0,93.16,3,5486.454652532391
Super built-up  Area,Ready To Move,KR Puram,3 BHK,GrnSpce,1659.0,3.0,1.0,87.64,3,5282.700421940928
Plot  Area,Ready To Move,KR Puram,4 BHK,GrnSpce,2210.0,4.0,3.0,114.71,4,5190.497737556561
Plot  Area,Ready To Move,KR Puram,1 BHK,GrnSpce,704.0,2.0,1.0,38.34,1,5446.022727272728
Super built-up  Area,Ready To Move,KR Puram,2 BHK,GrnSpce,1276.0,2.0,1.0,64.07,2,5021.15987460815
Super built-up  Area,Ready To Move,KR Puram,2 BHK,GrnSpce,1076.0,2.0,2.0,54.29,2,5045.539033457249
Super built-up  Area,Ready To Move,KR Puram,3 BHK,GrnSpce,1442.0,3.0,2.0,77.75,3,5391.816920943134
Super built-up  Area,Ready To Move,KR Puram,3 BHK,GrnSpce,1957.0,3.0,1.0,88.02,3,4497.700562084824
Built-up  Area,Ready To Move,KR Puram,3 BHK,GrnSpce,1409.0,4.0,1.0,67.48,3,4789.212207239177
Built-up  Area,Ready To Move,KR Puram,4 BHK,GrnSpce,2461.0,4.0,2.0,134.89,4,5481.105241771636
Super built-up  Area,Ready To Move,KR Puram,3 BHK,GrnSpce,1624.0,3.0,2.0,83.71,3,5154.556650246305
Plot  Area,Ready To Move,KR Puram,2 BHK,GrnSpce,1009.0,2.0,2.0,53.35,2,5287.413280475718
Super built-up  Area,Ready To Move,KR Puram,1 BHK,GrnSpce,627.0,2.0,1.0,34.24,1,5460.925039872408
Built-up  Area,Ready To Move,KR Puram,3 BHK,GrnSpce,1878.0,3.0,1.0,95.6,3,5090.5218317358895
Built-up  Area,Ready To Move,Kaggadasapura,3 BHK,GrnSpce,1420.0,3.0,2.0,71.67,3,5047.183098591549
Super built-up  Area,Ready To Move,Kaggadasapura,5 BHK,GrnSpce,4251.0,5.0,2.0,211.26,5,4969.654199011997
Super built-up  Area,Ready To Move,Kaggadasapura,3 BHK,GrnSpce,1877.0,3.0,3.0,99.38,3,5294.619072988812
Plot  Area,Ready To Move,Kaggadasapura,5 BHK,GrnSpce,3918.0,5.0,1.0,215.38,5,5497.192445125063
Super built-up  Area,Ready To Move,Kaggadasapura,3 BHK,GrnSpce,1560.0,3.0,2.0,82.38,3,5280.7692307692305
Super built-up  Area,Ready To Move,Kaggadasapura,2 BHK,GrnSpce,1040.0,2.0,0.0,50.78,2,4882.692307692308
Built-up  Area,Ready To Move,Kaggadasapura,3 BHK,GrnSpce,1796.0,3.0,1.0,97.74,3,5442.093541202673
Super built-up  Area,Ready To Move,Kaggadasapura,3 BHK,GrnSpce,1627.0,3.0,1.0,85.4,3,5248.924400737554
Super built-up  Area,Ready To Move,Kaggadasapura,3 BHK,GrnSpce,1993.0,3.0,1.0,100.46,3,5040.642247867537
Built-up  Area,Ready To Move,Kaggadasapura,2 BHK,GrnSpce,1100.0,2.0,0.0,58.72,2,5338.181818181818
Super built-up  Area,Ready To Move,Kaggadasapura,2 BHK,GrnSpce,1080.0,2.0,1.0,60.04,2,5559.259259259259
Plot  Area,Ready To Move,Kaggadasapura,2 BHK,GrnSpce,1169.0,2.0,0.0,61.12,2,5228.4003421727975
Built-up  Area,Ready To Move,Kaggadasapura,3 BHK,GrnSpce,1775.0,3.0,1.0,89.72,3,5054.647887323944
Carpet  Area,Ready To Move,Kaggadasapura,2 BHK,GrnSpce,1260.0,2.0,1.0,67.75,2,5376.984126984127
Super built-up  Area,Ready To Move,Kaggadasapura,2 BHK,GrnSpce,1050.0,2.0,0.0,54.2,2,5161.9047619047615
Built-up  Area,Ready To Move,Kaggadasapura,3 BHK,GrnSpce,1943.0,4.0,1.0,104.61,3,5383.942357179619
Super built-up  Area,Ready To Move,Kaggadasapura,1 BHK,GrnSpce,590.0,1.0,3.0,28.79,1,4879.661016949152
Plot  Area,Ready To Move,Kaggadasapura,1 BHK,GrnSpce,708.0,1.0,1.0,37.73,1,5329.09604519774
Plot  Area,Ready To Move,Kaggadasapura,2 BHK,GrnSpce,906.0,2.0,2.0,49.19,2,5429.359823399558
Super built-up  Area,Ready To Move,Kaggadasapura,3 BHK,GrnSpce,1878.0,3.0,3.0,100.64,3,5358.892438764643
Super built-up  Area,Ready To Move,Kaggadasapura,1 BHK,GrnSpce,691.0,2.0,0.0,36.57,1,5292.32995658466
Super built-up  Area,Ready To Move,Kaggadasapura,1 BHK,GrnSpce,539.0,1.0,1.0,28.11,1,5215.213358070501
Super built-up  Area,Ready To Move,Kaggadasapura,3 BHK,GrnSpce,1561.0,3.0,3.0,84.15,3,5390.7751441383725
Super built-up  Area,Ready To Move,Kaggadasapura,3 BHK,GrnSpce,1442.0,3.0,1.0,79.83,3,5536.0610263522885
Plot  Area,Ready To Move,Kaggadasapura,3 BHK,GrnSpce,1530.0,3.0,2.0,77.51,3,5066.013071895425
Super built-up  Area,Ready To Move,Kaggadasapura,2 BHK,GrnSpce,1110.0,2.0,2.0,59.34,2,5345.945945945946
Plot  Area,Ready To Move,Kaggadasapura,3 BHK,GrnSpce,1728.0,3.0,0.0,82.57,3,4778.356481481481
Super built-up  Area,Ready To Move,Kaggadasapura,2 BHK,GrnSpce,1265.0,3.0,0.0,62.11,2,4909.881422924901
Built-up  Area,Ready To Move,Kaggadasapura,1 BHK,GrnSpce,648.0,2.0,0.0,32.79,1,5060.185185185185
Super built-up  Area,Ready To Move,Kaggadasapura,2 BHK,GrnSpce,904.0,2.0,3.0,48.15,2,5326.327433628318
Carpet  Area,Ready To Move,Kaggadasapura,3 BHK,GrnSpce,1608.0,3.0,0.0,79.64,3,4952.73631840796
Super built-up  Area,Ready To Move,Kaggadasapura,2 BHK,GrnSpce,1085.0,3.0,2.0,59.57,2,5490.322580645161
Super built-up  Area,Ready To Move,Kaggadasapura,2 BHK,GrnSpce,1147.0,3.0,1.0,62.59,2,5456.843940714908
Built-up  Area,Ready To Move,Kaggadasapura,3 BHK,GrnSpce,1988.0,3.0,3.0,103.58,3,5210.261569416499
Super built-up  Area,Ready To Move,Kaggadasapura,3 BHK,GrnSpce,1500.0,3.0,0.0,73.48,3,4898.666666666667
Super built-up  Area,Ready To Move,Kaggadasapura,4 BHK,GrnSpce,2405.0,4.0,1.0,117.94,4,4903.950103950104
Super built-up  Area,Ready To Move,Kaggadasapura,3 BHK,GrnSpce,1900.0,4.0,3.0,102.1,3,5373.684210526316
Super built-up  Area,Ready To Move,Kaggadasapura,2 BHK,GrnSpce,1101.0,2.0,1.0,58.41,2,5305.177111716621
Built-up  Area,Ready To Move,Kaggadasapura,1 BHK,GrnSpce,579.0,2.0,1.0,27.91,1,4820.379965457686
Super built-up  Area,Ready To Move,Kaggadasapura,5 BHK,GrnSpce,3632.0,6.0,3.0,201.03,5,5534.966960352423
Super built-up  Area,Ready To Move,Kaggadasapura,2 BHK,GrnSpce,1004.0,2.0,0.0,49.54,2,4934.262948207172
Super built-up  Area,Ready To Move,Kaggadasapura,2 BHK,GrnSpce,1081.0,3.0,3.0,56.09,2,5188.714153561517
Super built-up  Area,Ready To Move,Kaggadasapura,4 BHK,GrnSpce,2877.0,5.0,2.0,164.59,4,5720.889815780327
Super built-up  Area,Ready To Move,Kaggadasapura,2 BHK,GrnSpce,1064.0,3.0,0.0,57.14,2,5370.300751879699
Super built-up  Area,Ready To Move,Kaggadasapura,2 BHK,GrnSpce,924.0,2.0,0.0,48.79,2,5280.30303030303
Plot  Area,Ready To Move,Kaggadasapura,4 BHK,GrnSpce,2659.0,5.0,2.0,131.67,4,4951.861602106054
Plot  Area,Ready To Move,Kaggadasapura,2 BHK,GrnSpce,980.0,2.0,1.0,46.79,2,4774.489795918367
Plot  Area,Ready To Move,Kaggadasapura,2 BHK,GrnSpce,1207.0,2.0,3.0,66.09,2,5475.559237779619
Super built-up  Area,Ready To Move,Kaggadasapura,1 BHK,GrnSpce,653.0,1.0,3.0,34.88,1,5341.500765696785
Super built-up  Area,Ready To Move,Kaggadasapura,2 BHK,GrnSpce,944.0,2.0,0.0,50.91,2,5393.0084745762715
Super built-up  Area,Ready To Move,Kaggadasapura,2 BHK,GrnSpce,1151.0,2.0,3.0,62.43,2,5423.979148566464
Super built-up  Area,Ready To Move,Kaggadasapura,4 BHK,GrnSpce,2479.0,4.0,3.0,133.33,4,5378.378378378379
Built-up  Area,Ready To Move,Kaggadasapura,2 BHK,GrnSpce,1272.0,2.0,0.0,64.44,2,5066.037735849057
Super built-up  Area,Ready To Move,Kaggadasapura,3 BHK,GrnSpce,1889.0,3.0,3.0,92.76,3,4910.534674430915
Super built-up  Area,Ready To Move,Kaggadasapura,3 BHK,GrnSpce,1680.0,4.0,1.0,85.26,3,5075.0
Plot  Area,Ready To Move,Kaggadasapura,3 BHK,GrnSpce,1838.0,3.0,2.0,104.56,3,5688.792165397171
Super built-up  Area,Ready To Move,Kaggadasapura,2 BHK,GrnSpce,924.0,2.0,1.0,48.44,2,5242.424242424242
Super built-up  Area,Ready To Move,Kaggadasapura,2 BHK,GrnSpce,1071.0,2.0,2.0,59.69,2,5573.295985060691
Super built-up  Area,Ready To Move,Kaggadasapura,1 BHK,GrnSpce,650.0,1.0,3.0,32.83,1,5050.7692307692305
Super built-up  Area,Ready To Move,Kaggadasapura,2 BHK,GrnSpce,1270.0,2.0,1.0,70.03,2,5514.173228346457
Super built-up  Area,Ready To Move,Kaggadasapura,2 BHK,GrnSpce,1277.0,3.0,1.0,63.95,2,5007.8308535630385
Super built-up  Area,Ready To Move,Kaggadasapura,1 BHK,GrnSpce,589.0,1.0,2.0,32.89,1,5584.040747028863
Carpet  Area,Ready To Move,Kaggadasapura,2 BHK,GrnSpce,1124.0,2.0,1.0,57.37,2,5104.092526690391
Super built-up  Area,Ready To Move,Kaggadasapura,3 BHK,GrnSpce,1826.0,4.0,2.0,99.99,3,5475.903614457831
Super built-up  Area,Ready To Move,Kaggadasapura,3 BHK,GrnSpce,1514.0,3.0,0.0,86.36,3,5704.095112285337
Super built-up  Area,Ready To Move,Kaggadasapura,4 BHK,GrnSpce,2857.0,4.0,1.0,150.37,4,5263.213160658033
Super built-up  Area,Ready To Move,Kaggadasapura,1 BHK,GrnSpce,529.0,1.0,1.0,28.72,1,5429.111531190926
Super built-up  Area,Ready To Move,Kaggadasapura,2 BHK,GrnSpce,1287.0,2.0,1.0,64.01,2,4973.581973581974
Super built-up  Area,Ready To Move,Kaggadasapura,2 BHK,GrnSpce,964.0,2.0,3.0,47.11,2,4886.929460580913
Super built-up  Area,Ready To Move,Kaggadasapura,2 BHK,GrnSpce,1039.0,2.0,1.0,52.6,2,5062.560153994225
Super built-up  Area,Ready To Move,Kaggadasapura,3 BHK,GrnSpce,1718.0,4.0,1.0,93.22,3,5426.076833527357
Super built-up  Area,Ready To Move,Kaggadasapura,3 BHK,GrnSpce,1932.0,3.0,3.0,104.17,3,5391.821946169773
Super built-up  Area,Ready To Move,Kaggadasapura,2 BHK,GrnSpce,1222.0,2.0,3.0,59.74,2,4888.7070376432075
Super built-up  Area,Ready To Move,Kaggadasapura,3 BHK,GrnSpce,1874.0,3.0,0.0,97.33,3,5193.703308431163
Super built-up  Area,Ready To Move,Kaggadasapura,2 BHK,GrnSpce,1067.0,2.0,1.0,55.49,2,5200.562324273665
Plot  Area,Ready To Move,Kaggadasapura,2 BHK,GrnSpce,1199.0,3.0,2.0,67.68,2,5644.7039199332785
Super built-up  Area,Ready To Move,Kaggadasapura,2 BHK,GrnSpce,909.0,2.0,0.0,46.34,2,5097.909790979098
Super built-up  Area,Ready To Move,Kaggadasapura,1 BHK,GrnSpce,596.0,1.0,1.0,32.47,1,5447.986577181208
Plot  Area,Ready To Move,Kaggadasapura,4 BHK,GrnSpce,2714.0,4.0,0.0,154.73,4,5701.179071481208
Super built-up  Area,Ready To Move,Kaggadasapura,1 BHK,GrnSpce,692.0,1.0,3.0,38.01,1,5492.774566473989
Super built-up  Area,Ready To Move,Kaggadasapura,2 BHK,GrnSpce,1075.0,2.0,0.0,53.91,2,5014.883720930233
Super built-up  Area,Ready To Move,Kaggadasapura,3 BHK,GrnSpce,1437.0,4.0,1.0,80.09,3,5573.416840640222
Plot  Area,Ready To Move,Kaggadasapura,1 BHK,GrnSpce,534.0,1.0,0.0,26.77,1,5013.10861423221
Super built-up  Area,Ready To Move,Kaggadasapura,3 BHK,GrnSpce,1716.0,3.0,1.0,85.71,3,4994.755244755244
Super built-up  Area,Ready To Move,Kaggadasapura,2 BHK,GrnSpce,1085.0,3.0,2.0,55.9,2,5152.0737327188945
Super built-up  Area,Ready To Move,Kaggadasapura,4 BHK,GrnSpce,2366.0,4.0,1.0,122.24,4,5166.525781910397
Carpet  Area,Ready To Move,Kaggadasapura,3 BHK,GrnSpce,1525.0,3.0,3.0,80.01,3,5246.557377049181
Super built-up  Area,Ready To Move,Kaggadasapura,3 BHK,GrnSpce,1540.0,4.0,0.0,86.32,3,5605.194805194805
Super built-up  Area,Ready To Move,Kaggadasapura,4 BHK,GrnSpce,2452.0,4.0,0.0,125.12,4,5102.773246329527
Super built-up  Area,Ready To Move,Kaggadasapura,3 BHK,GrnSpce,1687.0,3.0,2.0,91.75,3,5438.648488441019
Super built-up  Area,Ready To Move,Kaggadasapura,2 BHK,GrnSpce,959.0,2.0,1.0,53.73,2,5602.711157455683
Super built-up  Area,Ready To Move,Kaggadasapura,1 BHK,GrnSpce,547.0,1.0,0.0,30.64,1,5601.46252285192
Super built-up  Area,Ready To Move,Kaggadasapura,1 BHK,GrnSpce,722.0,1.0,2.0,39.13,1,5419.667590027701
Super built-up  Area,Ready To Move,Kanakapura Road,1 BHK,GrnSpce,703.0,2.0,0.0,40.86,1,5812.233285917497
Built-up  Area,Ready To Move,Kanakapura Road,2 BHK,GrnSpce,1090.0,2.0,0.0,60.63,2,5562.385321100917
Super built-up  Area,Ready To Move,Kanakapura Road,4 BHK,GrnSpce,2482.0,4.0,3.0,146.07,4,5885.173247381144
Super built-up  Area,Ready To Move,Kanakapura Road,4 BHK,GrnSpce,3146.0,4.0,1.0,192.8,4,6128.417037507947
Super built-up  Area,Ready To Move,Kanakapura Road,3 BHK,GrnSpce,1741.0,3.0,1.0,106.55,3,6120.045950603102
Super built-up  Area,Ready To Move,Kanakapura Road,3 BHK,GrnSpce,1656.0,3.0,2.0,102.13,3,6167.270531400966
Super built-up  Area,Ready To Move,Kanakapura Road,2 BHK,GrnSpce,1180.0,2.0,3.0,71.88,2,6091.525423728814
Built-up  Area,Ready To Move,Kanakapura Road,3 BHK,GrnSpce,1592.0,3.0,1.0,88.39,3,5552.13567839196
Super built-up  Area,Ready To Move,Kanakapura Road,4 BHK,GrnSpce,2211.0,5.0,0.0,124.07,4,5611.488014473089
Plot  Area,Ready To Move,Kanakapura Road,3 BHK,GrnSpce,1780.0,4.0,3.0,91.82,3,5158.426966292135
Super built-up  Area,Ready To Move,Kanakapura Road,3 BHK,GrnSpce,1913.0,3.0,0.0,98.48,3,5147.935180345008
Plot  Area,Ready To Move,Kanakapura Road,4 BHK,GrnSpce,2723.0,5.0,0.0,164.62,4,6045.538009548292
Super built-up  Area,Ready To Move,Kanakapura Road,1 BHK,GrnSpce,560.0,1.0,0.0,32.42,1,5789.285714285715
Super built-up  Area,Ready To Move,Kanakapura Road,2 BHK,GrnSpce,1087.0,2.0,1.0,62.89,2,5785.648574057038
Super built-up  Area,Ready To Move,Kanakapura Road,3 BHK,GrnSpce,1789.0,3.0,3.0,103.92,3,5808.831749580771
Built-up  Area,Ready To Move,Kanakapura Road,2 BHK,GrnSpce,1046.0,3.0,1.0,54.62,2,5221.7973231357555
Super built-up  Area,Ready To Move,Kanakapura Road,4 BHK,GrnSpce,2994.0,4.0,1.0,158.12,4,5281.2291249165
Super built-up  Area,Ready To Move,Kanakapura Road,2 BHK,GrnSpce,1234.0,2.0,3.0,72.94,2,5910.8589951377635
Super built-up  Area,Ready To Move,Kanakapura Road,3 BHK,GrnSpce,1603.0,3.0,3.0,97.97,3,6111.66562694947
Plot  Area,Ready To Move,Kanakapura Road,1 BHK,GrnSpce,688.0,2.0,2.0,38.38,1,5578.488372093024
Super built-up  Area,Ready To Move,Kanakapura Road,1 BHK,GrnSpce,723.0,2.0,0.0,38.7,1,5352.697095435686
Built-up  Area,Ready To Move,Kanakapura Road,3 BHK,GrnSpce,1949.0,3.0,1.0,108.51,3,5567.4704976911235
Super built-up  Area,Ready To Move,Kanakapura Road,2 BHK,GrnSpce,1277.0,3.0,3.0,72.1,2,5646.0454189506645
Plot  Area,Ready To Move,Kanakapura Road,2 BHK,GrnSpce,1267.0,2.0,1.0,67.36,2,5316.495659037096
Super built-up  Area,Ready To Move,Kanakapura Road,3 BHK,GrnSpce,1408.0,3.0,3.0,75.52,3,5363.636363636364
Plot  Area,Ready To Move,Kanakapura Road,3 BHK,GrnSpce,1755.0,3.0,1.0,104.96,3,5980.626780626781
Plot  Area,Ready To Move,Kanakapura Road,1 BHK,GrnSpce,687.0,1.0,0.0,41.29,1,6010.18922852984
Super built-up  Area,Ready To Move,Kanakapura Road,2 BHK,GrnSpce,1227.0,3.0,1.0,63.6,2,5183.3740831295845
Carpet  Area,Ready To Move,Kanakapura Road,3 BHK,GrnSpce,1678.0,3.0,0.0,101.41,3,6043.504171632896
Super built-up  Area,Ready To Move,Kanakapura Road,2 BHK,GrnSpce,1057.0,2.0,1.0,58.59,2,5543.046357615894
Super built-up  Area,Ready To Move,Kanakapura Road,2 BHK,GrnSpce,1282.0,2.0,2.0,70.31,2,5484.399375975039
Super built-up  Area,Ready To Move,Kanakapura Road,2 BHK,GrnSpce,988.0,3.0,3.0,61.41,2,6215.587044534413
Super built-up  Area,Ready To Move,Kanakapura Road,2 BHK,GrnSpce,1177.0,3.0,1.0,67.57,2,5740.866610025488
Plot  Area,Ready To Move,Kanakapura Road,3 BHK,GrnSpce,1601.0,3.0,3.0,95.22,3,5947.532792004997
Super built-up  Area,Ready To Move,Kanakapura Road,2 BHK,GrnSpce,1179.0,2.0,3.0,72.58,2,6156.064461407973
Super built-up  Area,Ready To Move,Kanakapura Road,1 BHK,GrnSpce,710.0,1.0,2.0,44.25,1,6232.394366197183
Super built-up  Area,Ready To Move,Kanakapura Road,3 BHK,GrnSpce,1422.0,3.0,2.0,84.1,3,5914.205344585092
Super built-up  Area,Ready To Move,Kanakapura Road,1 BHK,GrnSpce,547.0,1.0,3.0,28.25,1,5164.53382084095
Super built-up  Area,Ready To Move,Kanakapura Road,2 BHK,GrnSpce,1005.0,2.0,3.0,62.73,2,6241.79104477612
Super built-up  Area,Ready To Move,Kanakapura Road,2 BHK,GrnSpce,1230.0,3.0,2.0,70.96,2,5769.10569105691
Super built-up  Area,Ready To Move,Kanakapura Road,3 BHK,GrnSpce,1792.0,3.0,2.0,95.72,3,5341.517857142857
Super built-up  Area,Ready To Move,Kanakapura Road,2 BHK,GrnSpce,982.0,2.0,3.0,56.32,2,5735.234215885947
Built-up  Area,Ready To Move,Kanakapura Road,3 BHK,GrnSpce,1412.0,3.0,0.0,77.69,3,5502.1246458923515
Carpet  Area,Ready To Move,Kanakapura Road,3 BHK,GrnSpce,1643.0,3.0,0.0,95.55,3,5815.581253804017
Super built-up  Area,Ready To Move,Kanakapura Road,1 BHK,GrnSpce,536.0,2.0,1.0,29.7,1,5541.044776119403
Super built-up  Area,Ready To Move,Kanakapura Road,3 BHK,GrnSpce,1422.0,3.0,0.0,86.36,3,6073.1364275668075
Super built-up  Area,Ready To Move,Kanakapura Road,2 BHK,GrnSpce,1249.0,2.0,3.0,66.13,2,5294.635708566853
Super built-up  Area,Ready To Move,Kanakapura Road,2 BHK,GrnSpce,1043.0,2.0,0.0,65.3,2,6260.7861936721
Plot  Area,Ready To Move,Kanakapura Road,2 BHK,GrnSpce,1194.0,2.0,1.0,73.57,2,6161.641541038525
Super built-up  Area,Ready To Move,Kanakapura Road,3 BHK,GrnSpce,1867.0,3.0,3.0,96.59,3,5173.540439207284
Super built-up  Area,Ready To Move,Kanakapura Road,2 BHK,GrnSpce,1232.0,3.0,2.0,76.96,2,6246.753246753246
Super built-up  Area,Ready To Move,Kanakapura Road,2 BHK,GrnSpce,1077.0,2.0,2.0,56.49,2,5245.1253481894155
Super built-up  Area,Ready To Move,Kanakapura Road,2 BHK,GrnSpce,964.0,3.0,0.0,54.29,2,5631.7427385892115
Plot  Area,Ready To Move,Kanakapura Road,1 BHK,GrnSpce,675.0,1.0,3.0,39.89,1,5909.62962962963
Plot  Area,Ready To Move,Kanakapura Road,3 BHK,GrnSpce,1579.0,3.0,1.0,90.01,3,5700.443318556048
Built-up  Area,Ready To Move,Kanakapura Road,2 BHK,GrnSpce,902.0,2.0,2.0,49.81,2,5522.172949002217
Super built-up  Area,Ready To Move,Kanakapura Road,3 BHK,GrnSpce,1897.0,3.0,3.0,103.86,3,5474.960463890353
Super built-up  Area,Ready To Move,Kanakapura Road,2 BHK,GrnSpce,1216.0,2.0,1.0,63.13,2,5191.611842105263
Built-up  Area,Ready To Move,Kanakapura Road,1 BHK,GrnSpce,604.0,2.0,0.0,34.49,1,5710.264900662251
Super built-up  Area,Ready To Move,Kanakapura Road,3 BHK,GrnSpce,1910.0,4.0,3.0,117.36,3,6144.502617801048
Super built-up  Area,Ready To Move,Kanakapura Road,1 BHK,GrnSpce,581.0,1.0,0.0,30.21,1,5199.6557659208265
Super built-up  Area,Ready To Move,Kanakapura Road,2 BHK,GrnSpce,1201.0,2.0,3.0,63.86,2,5317.2356369691925
Super built-up  Area,Ready To Move,Kanakapura Road,2 BHK,GrnSpce,954.0,2.0,3.0,52.76,2,5530.398322851153
Super built-up  Area,Ready To Move,Kanakapura Road,3 BHK,GrnSpce,1933.0,3.0,2.0,107.42,3,5557.165028453182
Super built-up  Area,Ready To Move,Kanakapura Road,2 BHK,GrnSpce,1158.0,3.0,2.0,60.74,2,5245.250431778929
Built-up  Area,Ready To Move,Kanakapura Road,3 BHK,GrnSpce,1599.0,3.0,1.0,91.84,3,5743.589743589743
Super built-up  Area,Ready To Move,Kanakapura Road,3 BHK,GrnSpce,1908.0,4.0,2.0,116.56,3,6109.014675052411
Plot  Area,Ready To Move,Kanakapura Road,4 BHK,GrnSpce,2957.0,4.0,2.0,175.92,4,5949.272911734866
Super built-up  Area,Ready To Move,Kanakapura Road,3 BHK,GrnSpce,1849.0,3.0,2.0,104.98,3,5677.663601946999
Plot  Area,Ready To Move,Kanakapura Road,2 BHK,GrnSpce,1200.0,2.0,1.0,72.87,2,6072.5
Built-up  Area,Ready To Move,Kanakapura Road,2 BHK,GrnSpce,973.0,2.0,3.0,56.27,2,5783.144912641315
Super built-up  Area,Ready To Move,Kanakapura Road,2 BHK,GrnSpce,1003.0,2.0,0.0,53.33,2,5317.048853439681
Carpet  Area,Ready To Move,Kanakapura Road,2 BHK,GrnSpce,1044.0,2.0,2.0,65.16,2,6241.379310344828
Built-up  Area,Ready To Move,Kanakapura Road,2 BHK,GrnSpce,1077.0,2.0,3.0,56.79,2,5272.980501392758
Super built-up  Area,Ready To Move,Kanakapura Road,2 BHK,GrnSpce,1150.0,2.0,0.0,70.1,2,6095.652173913043
Built-up  Area,Ready To Move,Kanakapura Road,3 BHK,GrnSpce,1477.0,3.0,1.0,91.42,3,6189.57345971564
Super built-up  Area,Ready To Move,Kanakapura Road,1 BHK,GrnSpce,653.0,1.0,1.0,37.23,1,5701.378254211331
Super built-up  Area,Ready To Move,Kanakapura Road,2 BHK,GrnSpce,1065.0,2.0,2.0,65.5,2,6150.234741784037
Plot  Area,Ready To Move,Kanakapura Road,2 BHK,GrnSpce,906.0,2.0,2.0,51.27,2,5658.940397350993
Super built-up  Area,Ready To Move,Kanakapura Road,2 BHK,GrnSpce,1054.0,2.0,2.0,61.19,2,5805.502846299811
Super built-up  Area,Ready To Move,Kanakapura Road,2 BHK,GrnSpce,1095.0,2.0,2.0,62.44,2,5702.2831050228315
Carpet  Area,Ready To Move,Kanakapura Road,5 BHK,GrnSpce,3903.0,5.0,1.0,202.43,5,5186.523187291827
Super built-up  Area,Ready To Move,Kanakapura Road,2 BHK,GrnSpce,1109.0,2.0,2.0,61.01,2,5501.352569882777
Built-up  Area,Ready To Move,Kanakapura Road,4 BHK,GrnSpce,2943.0,4.0,3.0,170.56,4,5795.446822969759
Built-up  Area,Ready To Move,Kanakapura Road,2 BHK,GrnSpce,961.0,2.0,0.0,52.35,2,5447.450572320499
Super built-up  Area,Ready To Move,Kanakapura Road,3 BHK,GrnSpce,1859.0,4.0,2.0,102.43,3,5509.951586874664
Super built-up  Area,Ready To Move,Kanakapura Road,2 BHK,GrnSpce,1179.0,2.0,1.0,69.92,2,5930.449533502969
Built-up  Area,Ready To Move,Kanakapura Road,2 BHK,GrnSpce,955.0,3.0,3.0,58.4,2,6115.1832460732985
Super built-up  Area,Ready To Move,Kanakapura Road,2 BHK,GrnSpce,1299.0,3.0,2.0,73.63,2,5668.206312548114
Super built-up  Area,Ready To Move,Kanakapura Road,2 BHK,GrnSpce,973.0,2.0,2.0,55.45,2,5698.869475847893
Built-up  Area,Ready To Move,Kanakapura Road,1 BHK,GrnSpce,743.0,1.0,1.0,38.52,1,5184.387617765815
Plot  Area,Ready To Move,Kanakapura Road,2 BHK,GrnSpce,1076.0,2.0,0.0,64.83,2,6025.092936802974
Plot  Area,Ready To Move,Kanakapura Road,2 BHK,GrnSpce,1218.0,2.0,3.0,62.72,2,5149.425287356322
Super built-up  Area,Ready To Move,Kanakapura Road,2 BHK,GrnSpce,1166.0,2.0,2.0,68.38,2,5864.493996569468
Super built-up  Area,Ready To Move,Kanakapura Road,2 BHK,GrnSpce,1076.0,2.0,3.0,58.42,2,5429.368029739777
Super built-up  Area,Ready To Move,Kanakapura Road,2 BHK,GrnSpce,1166.0,2.0,1.0,63.4,2,5437.392795883362
Super built-up  Area,Ready To Move,Kanakapura Road,2 BHK,GrnSpce,1129.0,2.0,2.0,67.3,2,5961.027457927369
Plot  Area,Ready To Move,Kanakapura Road,1 BHK,GrnSpce,525.0,1.0,1.0,30.36,1,5782.857142857143
Plot  Area,Ready To Move,Kanakapura Road,4 BHK,GrnSpce,2430.0,4.0,0.0,134.24,4,5524.279835390947
Super built-up  Area,Ready To Move,Kanakapura Road,3 BHK,GrnSpce,1889.0,4.0,3.0,116.54,3,6169.4017998941235
Super built-up  Area,Ready To Move,Kanakapura Road,2 BHK,GrnSpce,944.0,3.0,0.0,57.34,2,6074.152542372882
Carpet  Area,Ready To Move,Kanakapura Road,2 BHK,GrnSpce,1119.0,2.0,1.0,62.11,2,5550.491510277033
Super built-up  Area,Ready To Move,Kanakapura Road,2 BHK,GrnSpce,1211.0,3.0,1.0,68.2,2,5631.7093311312965
Super built-up  Area,Ready To Move,Kanakapura Road,4 BHK,GrnSpce,2210.0,5.0,2.0,133.41,4,6036.651583710407
Super built-up  Area,Ready To Move,Kanakapura Road,2 BHK,GrnSpce,1284.0,2.0,0.0,79.67,2,6204.828660436137
Super built-up  Area,Ready To Move,Kanakapura Road,4 BHK,GrnSpce,2997.0,4.0,2.0,183.19,4,6112.445779112446
Plot  Area,Ready To Move,Kanakapura Road,3 BHK,GrnSpce,1631.0,3.0,3.0,96.49,3,5916.002452483139
Super built-up  Area,Ready To Move,Kanakapura Road,3 BHK,GrnSpce,1573.0,3.0,2.0,92.32,3,5869.0400508582325
Super built-up  Area,Ready To Move,Koramangala,3 BHK,GrnSpce,1739.0,3.0,0.0,234.06,3,13459.45945945946
Super built-up  Area,Ready To Move,Koramangala,2 BHK,GrnSpce,1245.0,2.0,2.0,169.54,2,13617.670682730924
Built-up  Area,Ready To Move,Koramangala,4 BHK,GrnSpce,2236.0,4.0,0.0,297.72,4,13314.847942754921
Super built-up  Area,Ready To Move,Koramangala,1 BHK,GrnSpce,737.0,1.0,1.0,94.03,1,12758.480325644505
Built-up  Area,Ready To Move,Koramangala,3 BHK,GrnSpce,1851.0,4.0,3.0,267.7,3,14462.452728254997
Super built-up  Area,Ready To Move,Koramangala,1 BHK,GrnSpce,692.0,1.0,2.0,95.82,1,13846.820809248555
Super built-up  Area,Ready To Move,Koramangala,2 BHK,GrnSpce,1217.0,2.0,0.0,161.47,2,13267.871815940838
Super built-up  Area,Ready To Move,Koramangala,2 BHK,GrnSpce,1080.0,2.0,0.0,143.44,2,13281.481481481482
Super built-up  Area,Ready To Move,Koramangala,3 BHK,GrnSpce,1827.0,4.0,1.0,239.71,3,13120.415982484948
Super built-up  Area,Ready To Move,Koramangala,2 BHK,GrnSpce,1119.0,2.0,1.0,156.24,2,13962.466487935657
Built-up  Area,Ready To Move,Koramangala,1 BHK,GrnSpce,689.0,2.0,2.0,90.68,1,13161.1030478955
Carpet  Area,Ready To Move,Koramangala,2 BHK,GrnSpce,929.0,2.0,3.0,126.24,2,13588.80516684607
Super built-up  Area,Ready To Move,Koramangala,2 BHK,GrnSpce,1005.0,2.0,1.0,129.16,2,12851.74129353234
Super built-up  Area,Ready To Move,Koramangala,2 BHK,GrnSpce,1185.0,2.0,3.0,172.9,2,14590.717299578058
Super built-up  Area,Ready To Move,Koramangala,1 BHK,GrnSpce,623.0,2.0,3.0,81.5,1,13081.861958266452
Built-up  Area,Ready To Move,Koramangala,3 BHK,GrnSpce,1950.0,4.0,0.0,271.29,3,13912.307692307695
Plot  Area,Ready To Move,Koramangala,1 BHK,GrnSpce,537.0,1.0,1.0,72.8,1,13556.797020484171
Super built-up  Area,Ready To Move,Koramangala,2 BHK,GrnSpce,1146.0,2.0,0.0,140.38,2,12249.56369982548
Built-up  Area,Ready To Move,Koramangala,3 BHK,GrnSpce,1765.0,3.0,3.0,249.99,3,14163.739376770538
Built-up  Area,Ready To Move,Koramangala,2 BHK,GrnSpce,1223.0,2.0,1.0,157.56,2,12883.074407195421
Super built-up  Area,Ready To Move,Koramangala,3 BHK,GrnSpce,1962.0,3.0,0.0,282.79,3,14413.353720693172
Super built-up  Area,Ready To Move,Koramangala,2 BHK,GrnSpce,1254.0,2.0,0.0,154.23,2,12299.043062200955
Super built-up  Area,Ready To Move,Koramangala,2 BHK,GrnSpce,1083.0,2.0,1.0,143.66,2,13265.00461680517
Plot  Area,Ready To Move,Koramangala,3 BHK,GrnSpce,1496.0,3.0,2.0,212.49,3,14203.877005347593
Super built-up  Area,Ready To Move,Koramangala,3 BHK,GrnSpce,1834.0,3.0,1.0,270.27,3,14736.641221374046
Plot  Area,Ready To Move,Koramangala,3 BHK,GrnSpce,1677.0,4.0,3.0,219.0,3,13059.033989266547
Super built-up  Area,Ready To Move,Koramangala,2 BHK,GrnSpce,901.0,2.0,2.0,121.76,2,13513.873473917869
Super built-up  Area,Ready To Move,Koramangala,3 BHK,GrnSpce,1424.0,3.0,1.0,204.42,3,14355.337078651686
Built-up  Area,Ready To Move,Koramangala,3 BHK,GrnSpce,1777.0,3.0,2.0,241.45,3,13587.507034327518
Plot  Area,Ready To Move,Koramangala,2 BHK,GrnSpce,1167.0,2.0,2.0,160.34,2,13739.502999143102
Super built-up  Area,Ready To Move,Koramangala,3 BHK,GrnSpce,1914.0,3.0,3.0,276.04,3,14422.152560083596
Plot  Area,Ready To Move,Koramangala,3 BHK,GrnSpce,1819.0,3.0,0.0,235.83,3,12964.815832875207
Plot  Area,Ready To Move,Koramangala,3 BHK,GrnSpce,1722.0,3.0,0.0,238.77,3,13865.853658536585
Built-up  Area,Ready To Move,Koramangala,1 BHK,GrnSpce,660.0,1.0,0.0,90.28,1,13678.787878787878
Plot  Area,Ready To Move,Koramangala,1 BHK,GrnSpce,734.0,1.0,2.0,96.75,1,13181.198910081745
Built-up  Area,Ready To Move,Koramangala,2 BHK,GrnSpce,1247.0,2.0,2.0,175.74,2,14093.023255813954
Built-up  Area,Ready To Move,Koramangala,2 BHK,GrnSpce,1008.0,2.0,0.0,142.29,2,14116.07142857143
Super built-up  Area,Ready To Move,Koramangala,2 BHK,GrnSpce,992.0,2.0,1.0,142.34,2,14348.790322580646
Super built-up  Area,Ready To Move,Koramangala,3 BHK,GrnSpce,1812.0,4.0,3.0,240.19,3,13255.51876379691
Super built-up  Area,Ready To Move,Koramangala,4 BHK,GrnSpce,2398.0,5.0,2.0,355.04,4,14805.671392827357
Super built-up  Area,Ready To Move,Koramangala,5 BHK,GrnSpce,4486.0,5.0,3.0,584.05,5,13019.393669193043
Carpet  Area,Ready To Move,Koramangala,1 BHK,GrnSpce,712.0,1.0,3.0,101.02,1,14188.202247191011
Built-up  Area,Ready To Move,Koramangala,3 BHK,GrnSpce,1786.0,4.0,3.0,219.51,3,12290.593505039194
Super built-up  Area,Ready To Move,Koramangala,3 BHK,GrnSpce,1886.0,3.0,3.0,228.96,3,12139.978791092259
Super built-up  Area,Ready To Move,Koramangala,2 BHK,GrnSpce,1178.0,2.0,0.0,148.87,2,12637.521222410865
Super built-up  Area,Ready To Move,Koramangala,2 BHK,GrnSpce,1237.0,3.0,1.0,174.71,2,14123.686337914309
Built-up  Area,Ready To Move,Koramangala,2 BHK,GrnSpce,1062.0,2.0,0.0,148.99,2,14029.190207156309
Plot  Area,Ready To Move,Koramangala,5 BHK,GrnSpce,4074.0,5.0,1.0,495.05,5,12151.448208149239
Super built-up  Area,Ready To Move,Koramangala,2 BHK,GrnSpce,1175.0,2.0,3.0,153.58,2,13070.638297872341
Super built-up  Area,Ready To Move,Koramangala,3 BHK,GrnSpce,1402.0,4.0,3.0,189.73,3,13532.81027104137
Super built-up  Area,Ready To Move,Koramangala,5 BHK,GrnSpce,4369.0,5.0,0.0,530.0,5,12130.922407873655
Super built-up  Area,Ready To Move,Koramangala,4 BHK,GrnSpce,2748.0,4.0,1.0,347.76,4,12655.021834061135
Super built-up  Area,Ready To Move,Koramangala,2 BHK,GrnSpce,1137.0,2.0,0.0,165.0,2,14511.873350923483
Super built-up  Area,Ready To Move,Koramangala,3 BHK,GrnSpce,1529.0,3.0,1.0,225.33,3,14737.083060824069
Plot  Area,Ready To Move,Koramangala,2 BHK,GrnSpce,1195.0,2.0,0.0,176.85,2,14799.163179916319
Super built-up  Area,Ready To Move,Koramangala,2 BHK,GrnSpce,991.0,3.0,0.0,134.5,2,13572.149344096872
Carpet  Area,Ready To Move,Koramangala,2 BHK,GrnSpce,911.0,3.0,1.0,110.85,2,12167.94731064764
Super built-up  Area,Ready To Move,Koramangala,3 BHK,GrnSpce,1560.0,3.0,2.0,228.25,3,14631.410256410256
Built-up  Area,Ready To Move,Koramangala,2 BHK,GrnSpce,1259.0,2.0,1.0,153.23,2,12170.77045274027
Super built-up  Area,Ready To Move,Koramangala,3 BHK,GrnSpce,1469.0,3.0,0.0,211.45,3,14394.145677331519
Super built-up  Area,Ready To Move,Koramangala,1 BHK,GrnSpce,706.0,1.0,3.0,101.36,1,14356.940509915014
Built-up  Area,Ready To Move,Koramangala,3 BHK,GrnSpce,1632.0,3.0,2.0,235.83,3,14450.367647058823
Super built-up  Area,Ready To Move,Koramangala,4 BHK,GrnSpce,3134.0,4.0,2.0,414.94,4,13239.948947032546
Plot  Area,Ready To Move,Koramangala,3 BHK,GrnSpce,1684.0,3.0,3.0,240.96,3,14308.788598574822
Built-up  Area,Ready To Move,Koramangala,2 BHK,GrnSpce,929.0,2.0,1.0,133.1,2,14327.233584499461
Super built-up  Area,Ready To Move,Koramangala,3 BHK,GrnSpce,1736.0,3.0,3.0,222.67,3,12826.612903225807
Plot  Area,Ready To Move,Koramangala,2 BHK,GrnSpce,937.0,2.0,0.0,125.63,2,13407.684098185699
Carpet  Area,Ready To Move,Koramangala,1 BHK,GrnSpce,616.0,1.0,1.0,81.45,1,13222.402597402597
Plot  Area,Ready To Move,Koramangala,2 BHK,GrnSpce,1119.0,2.0,1.0,151.56,2,13544.235924932977
Super built-up  Area,Ready To Move,Koramangala,2 BHK,GrnSpce,1101.0,2.0,2.0,160.63,2,14589.464123524069
Super built-up  Area,Ready To Move,Koramangala,2 BHK,GrnSpce,1284.0,2.0,1.0,179.71,2,13996.105919003116
Built-up  Area,Ready To Move,Koramangala,3 BHK,GrnSpce,1550.0,3.0,1.0,199.88,3,12895.483870967742
Carpet  Area,Ready To Move,Koramangala,1 BHK,GrnSpce,589.0,1.0,0.0,74.24,1,12604.4142614601
Super built-up  Area,Ready To Move,Koramangala,3 BHK,GrnSpce,1672.0,3.0,1.0,202.09,3,12086.722488038278
Plot  Area,Ready To Move,Koramangala,2 BHK,GrnSpce,1210.0,2.0,0.0,164.74,2,13614.876033057852
Super built-up  Area,Ready To Move,Koramangala,3 BHK,GrnSpce,1570.0,3.0,0.0,219.32,3,13969.426751592357
Super built-up  Area,Ready To Move,Koramangala,2 BHK,GrnSpce,1196.0,2.0,1.0,149.06,2,12463.210702341137
Super built-up  Area,Ready To Move,Koramangala,4 BHK,GrnSpce,2736.0,4.0,0.0,386.69,4,14133.406432748538
Super built-up  Area,Ready To Move,Koramangala,2 BHK,GrnSpce,1179.0,2.0,0.0,165.45,2,14033.078880407124
Built-up  Area,Ready To Move,Koramangala,1 BHK,GrnSpce,597.0,2.0,3.0,83.53,1,13991.624790619766
Super built-up  Area,Ready To Move,Koramangala,3 BHK,GrnSpce,1926.0,3.0,3.0,243.35,3,12634.994807892004
Super built-up  Area,Ready To Move,Koramangala,3 BHK,GrnSpce,1910.0,4.0,1.0,232.35,3,12164.921465968586
Carpet  Area,Ready To Move,Koramangala,2 BHK,GrnSpce,997.0,2.0,2.0,128.5,2,12888.665997993981
Carpet  Area,Ready To Move,Koramangala,2 BHK,GrnSpce,993.0,2.0,2.0,121.32,2,12217.522658610273
Carpet  Area,Ready To Move,Koramangala,4 BHK,GrnSpce,3094.0,5.0,1.0,424.11,4,13707.498383968972
Super built-up  Area,Ready To Move,Koramangala,3 BHK,GrnSpce,1613.0,3.0,1.0,201.44,3,12488.530688158711
Built-up  Area,Ready To Move,Koramangala,2 BHK,GrnSpce,1057.0,3.0,2.0,131.12,2,12404.919583727531
Super built-up  Area,Ready To Move,Koramangala,2 BHK,GrnSpce,1122.0,3.0,2.0,153.19,2,13653.297682709448
Built-up  Area,Ready To Move,Koramangala,4 BHK,GrnSpce,2633.0,4.0,2.0,358.27,4,13606.912267375617
Super built-up  Area,Ready To Move,Koramangala,3 BHK,GrnSpce,1524.0,3.0,0.0,195.69,3,12840.551181102363
Built-up  Area,Ready To Move,Koramangala,1 BHK,GrnSpce,552.0,1.0,3.0,67.89,1,12298.91304347826
Super built-up  Area,Ready To Move,Koramangala,3 BHK,GrnSpce,1503.0,3.0,3.0,188.31,3,12528.942115768463
Carpet  Area,Ready To Move,Koramangala,3 BHK,GrnSpce,1881.0,3.0,0.0,244.35,3,12990.43062200957
Super built-up  Area,Ready To Move,Koramangala,3 BHK,GrnSpce,1621.0,3.0,3.0,199.53,3,12309.06847624923
Super built-up  Area,Ready To Move,Koramangala,3 BHK,GrnSpce,1759.0,3.0,3.0,244.3,3,13888.57305287095
Super built-up  Area,Ready To Move,Koramangala,3 BHK,GrnSpce,1919.0,3.0,3.0,265.6,3,13840.541948931737
Super built-up  Area,Ready To Move,Koramangala,1 BHK,GrnSpce,581.0,1.0,1.0,81.99,1,14111.876075731496
Plot  Area,Ready To Move,Koramangala,2 BHK,GrnSpce,1214.0,2.0,0.0,164.2,2,13525.535420098846
Built-up  Area,Ready To Move,Koramangala,2 BHK,GrnSpce,1079.0,2.0,1.0,148.08,2,13723.818350324376
Super built-up  Area,Ready To Move,Koramangala,2 BHK,GrnSpce,966.0,2.0,1.0,124.81,2,12920.289855072464
Super built-up  Area,Ready To Move,Koramangala,3 BHK,GrnSpce,1470.0,4.0,3.0,199.31,3,13558.503401360544
Super built-up  Area,Ready To Move,Malleshwaram,3 BHK,GrnSpce,1800.0,4.0,0.0,235.29,3,13071.666666666666
Carpet  Area,Ready To Move,Malleshwaram,3 BHK,GrnSpce,1625.0,3.0,3.0,187.84,3,11559.384615384615
Built-up  Area,Ready To Move,Malleshwaram,2 BHK,GrnSpce,958.0,3.0,3.0,120.39,2,12566.805845511482
Super built-up  Area,Ready To Move,Malleshwaram,3 BHK,GrnSpce,1923.0,3.0,1.0,229.01,3,11908.996359854395
Super built-up  Area,Ready To Move,Malleshwaram,3 BHK,GrnSpce,1729.0,4.0,0.0,211.99,3,12260.844418739156
Carpet  Area,Ready To Move,Malleshwaram,2 BHK,GrnSpce,1007.0,3.0,1.0,114.6,2,11380.33763654419
Plot  Area,Ready To Move,Malleshwaram,2 BHK,GrnSpce,1099.0,2.0,1.0,129.05,2,11742.493175614196
Super built-up  Area,Ready To Move,Malleshwaram,1 BHK,GrnSpce,734.0,1.0,1.0,94.55,1,12881.471389645776
Super built-up  Area,Ready To Move,Malleshwaram,3 BHK,GrnSpce,1752.0,3.0,0.0,221.52,3,12643.835616438357
Super built-up  Area,Ready To Move,Malleshwaram,2 BHK,GrnSpce,1196.0,2.0,3.0,135.37,2,11318.561872909699
Built-up  Area,Ready To Move,Malleshwaram,2 BHK,GrnSpce,1158.0,2.0,0.0,140.6,2,12141.623488773748
Super built-up  Area,Ready To Move,Malleshwaram,2 BHK,GrnSpce,1055.0,2.0,0.0,119.44,2,11321.32701421801
Super built-up  Area,Ready To Move,Malleshwaram,2 BHK,GrnSpce,1256.0,2.0,0.0,152.36,2,12130.573248407645
Super built-up  Area,Ready To Move,Malleshwaram,3 BHK,GrnSpce,1571.0,4.0,3.0,185.99,3,11838.956078930618
Carpet  Area,Ready To Move,Malleshwaram,3 BHK,GrnSpce,1672.0,4.0,1.0,201.18,3,12032.296650717703
Super built-up  Area,Ready To Move,Malleshwaram,3 BHK,GrnSpce,1837.0,3.0,0.0,202.41,3,11018.508437670114
Plot  Area,Ready To Move,Malleshwaram,3 BHK,GrnSpce,1707.0,4.0,2.0,194.33,3,11384.299941417692
Plot  Area,Ready To Move,Malleshwaram,2 BHK,GrnSpce,1270.0,3.0,1.0,138.78,2,10927.55905511811
Super built-up  Area,Ready To Move,Malleshwaram,2 BHK,GrnSpce,924.0,2.0,0.0,113.81,2,12317.099567099567
Super built-up  Area,Ready To Move,Malleshwaram,4 BHK,GrnSpce,2567.0,4.0,2.0,321.69,4,12531.749123490456
Plot  Area,Ready To Move,Malleshwaram,2 BHK,GrnSpce,1138.0,2.0,2.0,143.38,2,12599.297012302284
Super built-up  Area,Ready To Move,Malleshwaram,2 BHK,GrnSpce,970.0,2.0,1.0,116.27,2,11986.59793814433
Super built-up  Area,Ready To Move,Malleshwaram,2 BHK,GrnSpce,965.0,2.0,3.0,123.7,2,12818.652849740933
Super built-up  Area,Ready To Move,Malleshwaram,3 BHK,GrnSpce,1738.0,4.0,1.0,217.61,3,12520.71346375144
Super built-up  Area,Ready To Move,Malleshwaram,3 BHK,GrnSpce,1450.0,3.0,1.0,172.15,3,11872.413793103447
Built-up  Area,Ready To Move,Malleshwaram,4 BHK,GrnSpce,2729.0,4.0,3.0,300.49,4,11010.993037742763
Built-up  Area,Ready To Move,Malleshwaram,2 BHK,GrnSpce,960.0,2.0,0.0,125.41,2,13063.541666666666
Super built-up  Area,Ready To Move,Malleshwaram,2 BHK,GrnSpce,1178.0,2.0,2.0,137.04,2,11633.27674023769
Built-up  Area,Ready To Move,Malleshwaram,1 BHK,GrnSpce,701.0,1.0,3.0,84.15,1,12004.279600570613
Carpet  Area,Ready To Move,Malleshwaram,3 BHK,GrnSpce,1956.0,3.0,0.0,236.55,3,12093.558282208589
Super built-up  Area,Ready To Move,Malleshwaram,2 BHK,GrnSpce,1278.0,3.0,2.0,151.39,2,11845.852895148668
Super built-up  Area,Ready To Move,Malleshwaram,2 BHK,GrnSpce,1257.0,2.0,2.0,146.14,2,11626.093874303897
Super built-up  Area,Ready To Move,Malleshwaram,2 BHK,GrnSpce,972.0,2.0,2.0,108.26,2,11137.860082304527
Super built-up  Area,Ready To Move,Malleshwaram,3 BHK,GrnSpce,1717.0,4.0,0.0,206.89,3,12049.50495049505
Super built-up  Area,Ready To Move,Malleshwaram,1 BHK,GrnSpce,538.0,1.0,1.0,69.29,1,12879.182156133831
Super built-up  Area,Ready To Move,Malleshwaram,4 BHK,GrnSpce,2346.0,5.0,1.0,268.75,4,11455.669224211424
Super built-up  Area,Ready To Move,Malleshwaram,2 BHK,GrnSpce,1067.0,3.0,0.0,126.45,2,11850.984067478912
Plot  Area,Ready To Move,Malleshwaram,2 BHK,GrnSpce,1065.0,3.0,0.0,131.97,2,12391.549295774648
Built-up  Area,Ready To Move,Malleshwaram,2 BHK,GrnSpce,979.0,3.0,2.0,111.42,2,11381.00102145046
Super built-up  Area,Ready To Move,Malleshwaram,2 BHK,GrnSpce,1101.0,2.0,3.0,135.94,2,12346.957311534969
Built-up  Area,Ready To Move,Malleshwaram,1 BHK,GrnSpce,652.0,1.0,3.0,71.39,1,10949.386503067484
Super built-up  Area,Ready To Move,Malleshwaram,2 BHK,GrnSpce,1110.0,2.0,3.0,124.36,2,11203.603603603604
Super built-up  Area,Ready To Move,Malleshwaram,3 BHK,GrnSpce,1945.0,4.0,0.0,249.58,3,12831.876606683805
Plot  Area,Ready To Move,Malleshwaram,1 BHK,GrnSpce,573.0,2.0,2.0,63.14,1,11019.197207678882
Plot  Area,Ready To Move,Malleshwaram,1 BHK,GrnSpce,625.0,1.0,0.0,79.18,1,12668.800000000001
Super built-up  Area,Ready To Move,Malleshwaram,2 BHK,GrnSpce,1091.0,2.0,0.0,135.97,2,12462.878093492209
Built-up  Area,Ready To Move,Malleshwaram,1 BHK,GrnSpce,667.0,1.0,0.0,75.8,1,11364.31784107946
Super built-up  Area,Ready To Move,Malleshwaram,2 BHK,GrnSpce,981.0,2.0,1.0,122.58,2,12495.412844036697
Built-up  Area,Ready To Move,Malleshwaram,2 BHK,GrnSpce,985.0,2.0,2.0,119.99,2,12181.725888324872
Super built-up  Area,Ready To Move,Malleshwaram,3 BHK,GrnSpce,1587.0,3.0,3.0,208.32,3,13126.654064272212
Super built-up  Area,Ready To Move,Malleshwaram,3 BHK,GrnSpce,1616.0,3.0,3.0,181.69,3,11243.19306930693
Super built-up  Area,Ready To Move,Malleshwaram,2 BHK,GrnSpce,988.0,2.0,3.0,121.3,2,12277.327935222673
Super built-up  Area,Ready To Move,Malleshwaram,2 BHK,GrnSpce,1048.0,2.0,3.0,119.75,2,11426.526717557252
Super built-up  Area,Ready To Move,Malleshwaram,2 BHK,GrnSpce,948.0,2.0,0.0,112.4,2,11856.540084388185
Super built-up  Area,Ready To Move,Malleshwaram,2 BHK,GrnSpce,906.0,3.0,2.0,110.04,2,12145.69536423841
Built-up  Area,Ready To Move,Malleshwaram,2 BHK,GrnSpce,1146.0,3.0,1.0,138.1,2,12050.610820244328
Super built-up  Area,Ready To Move,Malleshwaram,5 BHK,GrnSpce,3693.0,5.0,1.0,463.59,5,12553.208773354996
Super built-up  Area,Ready To Move,Malleshwaram,3 BHK,GrnSpce,1450.0,3.0,1.0,179.41,3,12373.103448275862
Built-up  Area,Ready To Move,Malleshwaram,3 BHK,GrnSpce,1838.0,4.0,0.0,225.38,3,12262.241566920566
Plot  Area,Ready To Move,Malleshwaram,2 BHK,GrnSpce,949.0,2.0,3.0,111.98,2,11799.789251844046
Carpet  Area,Ready To Move,Malleshwaram,3 BHK,GrnSpce,1911.0,4.0,1.0,211.83,3,11084.772370486657
Super built-up  Area,Ready To Move,Malleshwaram,2 BHK,GrnSpce,1184.0,2.0,2.0,152.19,2,12853.885135135135
Super built-up  Area,Ready To Move,Malleshwaram,3 BHK,GrnSpce,1557.0,3.0,3.0,173.95,3,11172.125883108542
Super built-up  Area,Ready To Move,Malleshwaram,2 BHK,GrnSpce,926.0,3.0,3.0,117.61,2,12700.863930885529
Plot  Area,Ready To Move,Malleshwaram,2 BHK,GrnSpce,1244.0,2.0,0.0,156.77,2,12602.090032154343
Plot  Area,Ready To Move,Malleshwaram,3 BHK,GrnSpce,1774.0,3.0,2.0,214.73,3,12104.284103720405
Super built-up  Area,Ready To Move,Malleshwaram,1 BHK,GrnSpce,565.0,1.0,2.0,73.9,1,13079.646017699117
Super built-up  Area,Ready To Move,Malleshwaram,2 BHK,GrnSpce,1046.0,2.0,0.0,129.67,2,12396.749521988526
Plot  Area,Ready To Move,Malleshwaram,3 BHK,GrnSpce,1814.0,4.0,0.0,220.17,3,12137.265711135611
Super built-up  Area,Ready To Move,Malleshwaram,3 BHK,GrnSpce,1804.0,3.0,3.0,205.99,3,11418.514412416851
Super built-up  Area,Ready To Move,Malleshwaram,2 BHK,GrnSpce,1084.0,2.0,3.0,119.45,2,11019.372693726937
Plot  Area,Ready To Move,Malleshwaram,2 BHK,GrnSpce,1220.0,3.0,2.0,151.0,2,12377.04918032787
Super built-up  Area,Ready To Move,Malleshwaram,3 BHK,GrnSpce,1878.0,3.0,1.0,229.44,3,12217.252396166134
Built-up  Area,Ready To Move,Malleshwaram,3 BHK,GrnSpce,1890.0,3.0,2.0,220.12,3,11646.560846560846
Super built-up  Area,Ready To Move,Malleshwaram,2 BHK,GrnSpce,916.0,2.0,0.0,113.47,2,12387.554585152839
Super built-up  Area,Ready To Move,Malleshwaram,3 BHK,GrnSpce,1899.0,3.0,3.0,220.26,3,11598.736176935228
Built-up  Area,Ready To Move,Malleshwaram,1 BHK,GrnSpce,700.0,1.0,2.0,80.95,1,11564.285714285714
Plot  Area,Ready To Move,Malleshwaram,2 BHK,GrnSpce,1024.0,2.0,2.0,129.98,2,12693.359374999998
Super built-up  Area,Ready To Move,Malleshwaram,3 BHK,GrnSpce,1651.0,4.0,3.0,216.86,3,13135.069654754694
Carpet  Area,Ready To Move,Malleshwaram,1 BHK,GrnSpce,550.0,1.0,1.0,68.18,1,12396.363636363638
Plot  Area,Ready To Move,Malleshwaram,2 BHK,GrnSpce,1279.0,2.0,1.0,142.87,2,11170.4456606724
Super built-up  Area,Ready To Move,Malleshwaram,3 BHK,GrnSpce,1915.0,3.0,3.0,225.55,3,11778.067885117494
Super built-up  Area,Ready To Move,Malleshwaram,4 BHK,GrnSpce,2335.0,4.0,1.0,278.55,4,11929.336188436831
Super built-up  Area,Ready To Move,Malleshwaram,3 BHK,GrnSpce,1564.0,4.0,1.0,180.66,3,11551.150895140665
Built-up  Area,Ready To Move,Malleshwaram,2 BHK,GrnSpce,1024.0,2.0,2.0,125.22,2,12228.515625
Super built-up  Area,Ready To Move,Malleshwaram,2 BHK,GrnSpce,1099.0,2.0,0.0,138.88,2,12636.942675159236
Super built-up  Area,Ready To Move,Malleshwaram,4 BHK,GrnSpce,2725.0,4.0,2.0,329.33,4,12085.504587155963
Carpet  Area,Ready To Move,Malleshwaram,2 BHK,GrnSpce,1011.0,2.0,2.0,125.92,2,12454.995054401583
Built-up  Area,Ready To Move,Malleshwaram,3 BHK,GrnSpce,1914.0,3.0,0.0,244.03,3,12749.738766980146
Built-up  Area,Ready To Move,Malleshwaram,2 BHK,GrnSpce,1192.0,2.0,3.0,148.26,2,12437.919463087248
Plot  Area,Ready To Move,Malleshwaram,4 BHK,GrnSpce,2492.0,4.0,1.0,294.58,4,11821.027287319423
Super built-up  Area,Ready To Move,Malleshwaram,3 BHK,GrnSpce,1730.0,3.0,2.0,211.52,3,12226.589595375723
Built-up  Area,Ready To Move,Malleshwaram,4 BHK,GrnSpce,2905.0,5.0,2.0,321.71,4,11074.354561101547
Plot  Area,Ready To Move,Malleshwaram,3 BHK,GrnSpce,1940.0,3.0,0.0,250.8,3,12927.835051546392
Plot  Area,Ready To Move,Malleshwaram,3 BHK,GrnSpce,1868.0,3.0,2.0,243.91,3,13057.28051391863
Super built-up  Area,Ready To Move,Malleshwaram,2 BHK,GrnSpce,940.0,2.0,2.0,108.19,2,11509.574468085106
Built-up  Area,Ready To Move,Malleshwaram,3 BHK,GrnSpce,1831.0,3.0,0.0,224.19,3,12244.12889131622
Super built-up  Area,Ready To Move,Marathahalli,2 BHK,GrnSpce,1085.0,2.0,3.0,80.98,2,7463.594470046083
Built-up  Area,Ready To Move,Marathahalli,1 BHK,GrnSpce,617.0,1.0,1.0,39.78,1,6447.325769854133
Plot  Area,Ready To Move,Marathahalli,3 BHK,GrnSpce,1805.0,3.0,2.0,121.21,3,6715.235457063712
Carpet  Area,Ready To Move,Marathahalli,2 BHK,GrnSpce,913.0,2.0,1.0,61.3,2,6714.129244249726
Plot  Area,Ready To Move,Marathahalli,3 BHK,GrnSpce,1876.0,3.0,0.0,132.91,3,7084.754797441365
Plot  Area,Ready To Move,Marathahalli,3 BHK,GrnSpce,1862.0,3.0,1.0,122.53,3,6580.558539205156
Built-up  Area,Ready To Move,Marathahalli,2 BHK,GrnSpce,1013.0,2.0,0.0,67.36,2,6649.555774925962
Super built-up  Area,Ready To Move,Marathahalli,2 BHK,GrnSpce,1091.0,2.0,2.0,74.09,2,6791.017415215399
Plot  Area,Ready To Move,Marathahalli,3 BHK,GrnSpce,1780.0,4.0,3.0,124.88,3,7015.730337078651
Plot  Area,Ready To Move,Marathahalli,1 BHK,GrnSpce,700.0,1.0,1.0,43.84,1,6262.857142857143
Plot  Area,Ready To Move,Marathahalli,5 BHK,GrnSpce,4146.0,5.0,1.0,278.44,5,6715.870718765074
Super built-up  Area,Ready To Move,Marathahalli,3 BHK,GrnSpce,1413.0,3.0,1.0,97.85,3,6924.982307147912
Plot  Area,Ready To Move,Marathahalli,2 BHK,GrnSpce,993.0,2.0,3.0,71.39,2,7189.32527693857
Built-up  Area,Ready To Move,Marathahalli,5 BHK,GrnSpce,4457.0,5.0,0.0,275.83,5,6188.691945254655
Super built-up  Area,Ready To Move,Marathahalli,1 BHK,GrnSpce,723.0,1.0,1.0,48.85,1,6756.569847856155
Plot  Area,Ready To Move,Marathahalli,3 BHK,GrnSpce,1699.0,4.0,1.0,126.31,3,7434.373160682754
Super built-up  Area,Ready To Move,Marathahalli,1 BHK,GrnSpce,624.0,1.0,1.0,41.02,1,6573.717948717949
Built-up  Area,Ready To Move,Marathahalli,3 BHK,GrnSpce,1629.0,3.0,0.0,113.36,3,6958.870472682627
Super built-up  Area,Ready To Move,Marathahalli,4 BHK,GrnSpce,2475.0,4.0,1.0,154.5,4,6242.424242424242
Built-up  Area,Ready To Move,Marathahalli,4 BHK,GrnSpce,2527.0,4.0,1.0,160.56,4,6353.779184804115
Super built-up  Area,Ready To Move,Marathahalli,1 BHK,GrnSpce,516.0,1.0,2.0,32.63,1,6323.643410852714
Super built-up  Area,Ready To Move,Marathahalli,3 BHK,GrnSpce,1500.0,3.0,2.0,92.53,3,6168.666666666667
Super built-up  Area,Ready To Move,Marathahalli,3 BHK,GrnSpce,1605.0,3.0,0.0,118.59,3,7388.785046728972
Plot  Area,Ready To Move,Marathahalli,3 BHK,GrnSpce,1458.0,3.0,1.0,91.61,3,6283.264746227709
Super built-up  Area,Ready To Move,Marathahalli,2 BHK,GrnSpce,973.0,2.0,3.0,65.05,2,6685.508735868448
Carpet  Area,Ready To Move,Marathahalli,2 BHK,GrnSpce,1005.0,2.0,3.0,63.34,2,6302.487562189055
Super built-up  Area,Ready To Move,Marathahalli,2 BHK,GrnSpce,1115.0,2.0,2.0,76.57,2,6867.26457399103
Super built-up  Area,Ready To Move,Marathahalli,2 BHK,GrnSpce,1205.0,2.0,3.0,84.89,2,7044.813278008299
Plot  Area,Ready To Move,Marathahalli,2 BHK,GrnSpce,954.0,2.0,1.0,64.34,2,6744.234800838574
Built-up  Area,Ready To Move,Marathahalli,3 BHK,GrnSpce,1585.0,3.0,1.0,103.57,3,6534.384858044164
Super built-up  Area,Ready To Move,Marathahalli,3 BHK,GrnSpce,1611.0,3.0,1.0,111.45,3,6918.063314711359
Built-up  Area,Ready To Move,Marathahalli,3 BHK,GrnSpce,1906.0,3.0,0.0,130.65,3,6854.669464847849
Super built-up  Area,Ready To Move,Marathahalli,2 BHK,GrnSpce,952.0,2.0,2.0,70.33,2,7387.605042016807
Super built-up  Area,Ready To Move,Marathahalli,4 BHK,GrnSpce,2223.0,4.0,1.0,160.72,4,7229.869545659019
Super built-up  Area,Ready To Move,Marathahalli,3 BHK,GrnSpce,1869.0,3.0,1.0,121.07,3,6477.795612627074
Super built-up  Area,Ready To Move,Marathahalli,2 BHK,GrnSpce,905.0,2.0,2.0,64.55,2,7132.596685082873
Super built-up  Area,Ready To Move,Marathahalli,3 BHK,GrnSpce,1692.0,3.0,2.0,120.72,3,7134.751773049646
Carpet  Area,Ready To Move,Marathahalli,3 BHK,GrnSpce,1645.0,3.0,0.0,119.7,3,7276.595744680851
Super built-up  Area,Ready To Move,Marathahalli,2 BHK,GrnSpce,995.0,2.0,1.0,62.77,2,6308.542713567839
Super built-up  Area,Ready To Move,Marathahalli,2 BHK,GrnSpce,1258.0,2.0,2.0,86.59,2,6883.147853736089
Plot  Area,Ready To Move,Marathahalli,3 BHK,GrnSpce,1730.0,3.0,1.0,122.42,3,7076.300578034682
Built-up  Area,Ready To Move,Marathahalli,2 BHK,GrnSpce,1090.0,2.0,0.0,78.87,2,7235.779816513761
Plot  Area,Ready To Move,Marathahalli,3 BHK,GrnSpce,1913.0,3.0,1.0,137.04,3,7163.617354939885
Super built-up  Area,Ready To Move,Marathahalli,3 BHK,GrnSpce,1536.0,3.0,0.0,105.26,3,6852.864583333333
Plot  Area,Ready To Move,Marathahalli,2 BHK,GrnSpce,1034.0,2.0,1.0,72.23,2,6985.493230174081
Super built-up  Area,Ready To Move,Marathahalli,3 BHK,GrnSpce,1433.0,3.0,0.0,95.01,3,6630.146545708304
Carpet  Area,Ready To Move,Marathahalli,2 BHK,GrnSpce,1157.0,2.0,1.0,76.72,2,6630.942091616249
Super built-up  Area,Ready To Move,Marathahalli,2 BHK,GrnSpce,1116.0,2.0,2.0,79.52,2,7125.448028673835
Super built-up  Area,Ready To Move,Marathahalli,4 BHK,GrnSpce,2489.0,4.0,2.0,165.18,4,6636.400160707111
Built-up  Area,Ready To Move,Marathahalli,3 BHK,GrnSpce,1867.0,3.0,3.0,127.25,3,6815.747188002142
Plot  Area,Ready To Move,Marathahalli,1 BHK,GrnSpce,538.0,2.0,3.0,33.51,1,6228.624535315985
Plot  Area,Ready To Move,Marathahalli,3 BHK,GrnSpce,1870.0,4.0,1.0,127.94,3,6841.711229946524
Plot  Area,Ready To Move,Marathahalli,1 BHK,GrnSpce,612.0,1.0,0.0,38.32,1,6261.437908496732
Super built-up  Area,Ready To Move,Marathahalli,4 BHK,GrnSpce,3181.0,4.0,1.0,208.85,4,6565.545425966677
Super built-up  Area,Ready To Move,Marathahalli,3 BHK,GrnSpce,1767.0,4.0,2.0,121.6,3,6881.720430107527
Super built-up  Area,Ready To Move,Marathahalli,3 BHK,GrnSpce,1929.0,3.0,3.0,133.62,3,6926.905132192846
Super built-up  Area,Ready To Move,Marathahalli,2 BHK,GrnSpce,970.0,2.0,2.0,66.74,2,6880.41237113402
Built-up  Area,Ready To Move,Marathahalli,2 BHK,GrnSpce,1144.0,2.0,3.0,76.69,2,6703.671328671328
Built-up  Area,Ready To Move,Marathahalli,2 BHK,GrnSpce,1182.0,2.0,1.0,74.34,2,6289.340101522843
Super built-up  Area,Ready To Move,Marathahalli,4 BHK,GrnSpce,3004.0,4.0,1.0,203.23,4,6765.31291611185
Super built-up  Area,Ready To Move,Marathahalli,2 BHK,GrnSpce,1204.0,2.0,3.0,75.9,2,6303.986710963456
Carpet  Area,Ready To Move,Marathahalli,1 BHK,GrnSpce,578.0,1.0,1.0,37.06,1,6411.764705882353
Plot  Area,Ready To Move,Marathahalli,2 BHK,GrnSpce,1240.0,2.0,1.0,88.24,2,7116.129032258064
Super built-up  Area,Ready To Move,Marathahalli,3 BHK,GrnSpce,1418.0,3.0,3.0,95.79,3,6755.289139633286
Super built-up  Area,Ready To Move,Marathahalli,2 BHK,GrnSpce,1058.0,3.0,0.0,72.19,2,6823.2514177693765
Super built-up  Area,Ready To Move,Marathahalli,3 BHK,GrnSpce,1593.0,3.0,2.0,108.17,3,6790.332705586943
Plot  Area,Ready To Move,Marathahalli,2 BHK,GrnSpce,1170.0,3.0,0.0,77.48,2,6622.222222222223
Super built-up  Area,Ready To Move,Marathahalli,5 BHK,GrnSpce,4606.0,5.0,1.0,321.03,5,6969.8219713417275
Carpet  Area,Ready To Move,Marathahalli,3 BHK,GrnSpce,1640.0,3.0,0.0,113.55,3,6923.780487804878
Super built-up  Area,Ready To Move,Marathahalli,3 BHK,GrnSpce,1754.0,4.0,2.0,120.31,3,6859.179019384264
Super built-up  Area,Ready To Move,Marathahalli,3 BHK,GrnSpce,1624.0,3.0,2.0,101.64,3,6258.620689655172
Plot  Area,Ready To Move,Marathahalli,2 BHK,GrnSpce,1084.0,2.0,1.0,66.42,2,6127.306273062731
Super built-up  Area,Ready To Move,Marathahalli,3 BHK,GrnSpce,1817.0,3.0,2.0,111.1,3,6114.474408365438
Plot  Area,Ready To Move,Marathahalli,3 BHK,GrnSpce,1947.0,3.0,1.0,142.43,3,7315.356959424756
Super built-up  Area,Ready To Move,Marathahalli,3 BHK,GrnSpce,1946.0,4.0,0.0,121.01,3,6218.396711202467
Built-up  Area,Ready To Move,Marathahalli,3 BHK,GrnSpce,1542.0,3.0,1.0,111.89,3,7256.160830090791
Plot  Area,Ready To Move,Marathahalli,1 BHK,GrnSpce,656.0,1.0,1.0,47.91,1,7303.3536585365855
Super built-up  Area,Ready To Move,Marathahalli,2 BHK,GrnSpce,1157.0,2.0,2.0,83.11,2,7183.23249783924
Built-up  Area,Ready To Move,Marathahalli,3 BHK,GrnSpce,1798.0,3.0,1.0,123.55,3,6871.523915461624
Super built-up  Area,Ready To Move,Marathahalli,3 BHK,GrnSpce,1735.0,3.0,1.0,113.15,3,6521.613832853026
Super built-up  Area,Ready To Move,Marathahalli,3 BHK,GrnSpce,1603.0,3.0,1.0,118.89,3,7416.718652526512
Plot  Area,Ready To Move,Marathahalli,1 BHK,GrnSpce,698.0,2.0,2.0,49.54,1,7097.421203438395
Built-up  Area,Ready To Move,Marathahalli,4 BHK,GrnSpce,2829.0,4.0,1.0,201.73,4,7130.788264404383
Carpet  Area,Ready To Move,Marathahalli,4 BHK,GrnSpce,2775.0,5.0,2.0,192.79,4,6947.387387387387
Super built-up  Area,Ready To Move,Marathahalli,2 BHK,GrnSpce,1296.0,2.0,1.0,84.71,2,6536.265432098766
Super built-up  Area,Ready To Move,Marathahalli,3 BHK,GrnSpce,1972.0,3.0,1.0,139.41,3,7069.47261663286
Carpet  Area,Ready To Move,Marathahalli,2 BHK,GrnSpce,969.0,2.0,0.0,63.73,2,6576.88338493292
Super built-up  Area,Ready To Move,Marathahalli,2 BHK,GrnSpce,1208.0,2.0,0.0,89.92,2,7443.7086092715235
Carpet  Area,Ready To Move,Marathahalli,3 BHK,GrnSpce,1822.0,3.0,0.0,134.33,3,7372.667398463228
Super built-up  Area,Ready To Move,Marathahalli,2 BHK,GrnSpce,1163.0,2.0,1.0,77.78,2,6687.876182287188
Plot  Area,Ready To Move,Marathahalli,2 BHK,GrnSpce,1117.0,2.0,3.0,70.96,2,6352.730528200536
Super built-up  Area,Ready To Move,Marathahalli,3 BHK,GrnSpce,1910.0,3.0,0.0,139.28,3,7292.146596858639
Super built-up  Area,Ready To Move,Marathahalli,3 BHK,GrnSpce,1489.0,3.0,0.0,103.7,3,6964.405641370047
Plot  Area,Ready To Move,Marathahalli,2 BHK,GrnSpce,1235.0,2.0,3.0,85.1,2,6890.688259109312
Super built-up  Area,Ready To Move,Marathahalli,2 BHK,GrnSpce,1140.0,2.0,2.0,76.66,2,6724.561403508772
Super built-up  Area,Ready To Move,Marathahalli,3 BHK,GrnSpce,1740.0,3.0,0.0,129.76,3,7457.471264367816
Built-up  Area,Ready To Move,Marathahalli,2 BHK,GrnSpce,1112.0,3.0,3.0,81.04,2,7287.769784172663
Built-up  Area,Ready To Move,Marathahalli,2 BHK,GrnSpce,920.0,2.0,3.0,62.63,2,6807.608695652174
Super built-up  Area,Ready To Move,Marathahalli,1 BHK,GrnSpce,671.0,1.0,3.0,42.35,1,6311.475409836065
Super built-up  Area,Ready To Move,Marathahalli,3 BHK,GrnSpce,1545.0,3.0,2.0,95.98,3,6212.297734627832
Super built-up  Area,Ready To Move,Marathahalli,3 BHK,GrnSpce,1742.0,4.0,0.0,114.1,3,6549.942594718714
Built-up  Area,Ready To Move,Marathahalli,3 BHK,GrnSpce,1750.0,3.0,3.0,125.03,3,7144.571428571428
Super built-up  Area,Ready To Move,Marathahalli,3 BHK,GrnSpce,1599.0,3.0,2.0,104.37,3,6527.204502814259
Plot  Area,Ready To Move,Marathahalli,2 BHK,GrnSpce,1121.0,2.0,2.0,78.35,2,6989.295272078501
Super built-up  Area,Ready To Move,Marathahalli,3 BHK,GrnSpce,1875.0,3.0,3.0,134.0,3,7146.666666666667
Super built-up  Area,Ready To Move,Marathahalli,2 BHK,GrnSpce,1077.0,2.0,3.0,75.09,2,6972.1448467966575
Super built-up  Area,Ready To Move,Marathahalli,5 BHK,GrnSpce,4653.0,6.0,2.0,311.75,5,6699.978508489146
Plot  Area,Ready To Move,Marathahalli,2 BHK,GrnSpce,1041.0,2.0,3.0,69.18,2,6645.533141210375
Built-up  Area,Ready To Move,Rajaji Nagar,4 BHK,GrnSpce,3003.0,4.0,1.0,338.53,4,11273.060273060273
Super built-up  Area,Ready To Move,Rajaji Nagar,4 BHK,GrnSpce,2872.0,4.0,2.0,356.63,4,12417.479108635098
Super built-up  Area,Ready To Move,Rajaji Nagar,2 BHK,GrnSpce,972.0,2.0,0.0,114.38,2,11767.489711934157
Built-up  Area,Ready To Move,Rajaji Nagar,4 BHK,GrnSpce,2763.0,5.0,2.0,313.0,4,11328.266377126312
Plot  Area,Ready To Move,Rajaji Nagar,2 BHK,GrnSpce,983.0,2.0,1.0,111.04,2,11296.032553407935
Super built-up  Area,Ready To Move,Rajaji Nagar,3 BHK,GrnSpce,1937.0,3.0,0.0,227.23,3,11731.027361899845
Plot  Area,Ready To Move,Rajaji Nagar,1 BHK,GrnSpce,579.0,1.0,2.0,70.42,1,12162.348877374785
Super built-up  Area,Ready To Move,Rajaji Nagar,2 BHK,GrnSpce,1099.0,2.0,1.0,131.02,2,11921.747042766152
Super built-up  Area,Ready To Move,Rajaji Nagar,3 BHK,GrnSpce,1904.0,4.0,0.0,198.3,3,10414.915966386554
Super built-up  Area,Ready To Move,Rajaji Nagar,1 BHK,GrnSpce,597.0,1.0,0.0,69.08,1,11571.189279731992
Super built-up  Area,Ready To Move,Rajaji Nagar,5 BHK,GrnSpce,4160.0,6.0,2.0,516.44,5,12414.423076923078
Super built-up  Area,Ready To Move,Rajaji Nagar,2 BHK,GrnSpce,1140.0,2.0,0.0,122.89,2,10779.82456140351
Built-up  Area,Ready To Move,Rajaji Nagar,3 BHK,GrnSpce,1827.0,3.0,0.0,228.14,3,12487.137383689107
Super built-up  Area,Ready To Move,Rajaji Nagar,3 BHK,GrnSpce,1572.0,3.0,3.0,189.5,3,12054.70737913486
Super built-up  Area,Ready To Move,Rajaji Nagar,3 BHK,GrnSpce,1706.0,3.0,3.0,209.34,3,12270.808909730364
Super built-up  Area,Ready To Move,Rajaji Nagar,2 BHK,GrnSpce,1001.0,2.0,3.0,115.81,2,11569.43056943057
Plot  Area,Ready To Move,Rajaji Nagar,2 BHK,GrnSpce,1217.0,2.0,0.0,136.57,2,11221.857025472473
Built-up  Area,Ready To Move,Rajaji Nagar,3 BHK,GrnSpce,1737.0,3.0,2.0,209.74,3,12074.841681059297
Built-up  Area,Ready To Move,Rajaji Nagar,3 BHK,GrnSpce,1870.0,3.0,1.0,213.72,3,11428.877005347593
Super built-up  Area,Ready To Move,Rajaji Nagar,1 BHK,GrnSpce,580.0,1.0,2.0,60.88,1,10496.551724137931
Super built-up  Area,Ready To Move,Rajaji Nagar,3 BHK,GrnSpce,1823.0,3.0,1.0,205.96,3,11297.86066922655
Super built-up  Area,Ready To Move,Rajaji Nagar,2 BHK,GrnSpce,903.0,2.0,0.0,109.61,2,12138.427464008859
Plot  Area,Ready To Move,Rajaji Nagar,3 BHK,GrnSpce,1581.0,3.0,1.0,176.62,3,11171.410499683745
Built-up  Area,Ready To Move,Rajaji Nagar,3 BHK,GrnSpce,1453.0,4.0,2.0,156.75,3,10788.024776324844
Super built-up  Area,Ready To Move,Rajaji Nagar,3 BHK,GrnSpce,1877.0,3.0,2.0,199.25,3,10615.343633457645
Super built-up  Area,Ready To Move,Rajaji Nagar,4 BHK,GrnSpce,2753.0,4.0,0.0,311.84,4,11327.279331638212
Plot  Area,Ready To Move,Rajaji Nagar,1 BHK,GrnSpce,510.0,1.0,0.0,63.26,1,12403.921568627451
Plot  Area,Ready To Move,Rajaji Nagar,3 BHK,GrnSpce,1924.0,3.0,0.0,215.51,3,11201.14345114345
Plot  Area,Ready To Move,Rajaji Nagar,4 BHK,GrnSpce,2425.0,4.0,2.0,262.47,4,10823.505154639177
Built-up  Area,Ready To Move,Rajaji Nagar,1 BHK,GrnSpce,589.0,1.0,1.0,64.58,1,10964.34634974533
Super built-up  Area,Ready To Move,Rajaji Nagar,3 BHK,GrnSpce,1698.0,3.0,3.0,192.17,3,11317.432273262662
Super built-up  Area,Ready To Move,Rajaji Nagar,2 BHK,GrnSpce,970.0,2.0,1.0,114.06,2,11758.762886597939
Plot  Area,Ready To Move,Rajaji Nagar,3 BHK,GrnSpce,1728.0,3.0,3.0,210.92,3,12206.018518518518
Plot  Area,Ready To Move,Rajaji Nagar,3 BHK,GrnSpce,1951.0,3.0,2.0,204.86,3,10500.256278831368
Carpet  Area,Ready To Move,Rajaji Nagar,2 BHK,GrnSpce,1115.0,2.0,1.0,128.79,2,11550.67264573991
Super built-up  Area,Ready To Move,Rajaji Nagar,2 BHK,GrnSpce,1121.0,2.0,0.0,135.18,2,12058.876003568243
Super built-up  Area,Ready To Move,Rajaji Nagar,2 BHK,GrnSpce,1006.0,2.0,1.0,116.77,2,11607.355864811134
Super built-up  Area,Ready To Move,Rajaji Nagar,1 BHK,GrnSpce,727.0,1.0,3.0,88.71,1,12202.200825309492
Super built-up  Area,Ready To Move,Rajaji Nagar,2 BHK,GrnSpce,1237.0,3.0,0.0,137.2,2,11091.35004042037
Built-up  Area,Ready To Move,Rajaji Nagar,2 BHK,GrnSpce,1066.0,2.0,0.0,128.63,2,12066.604127579738
Super built-up  Area,Ready To Move,Rajaji Nagar,2 BHK,GrnSpce,1059.0,2.0,0.0,124.18,2,11726.156751652503
Built-up  Area,Ready To Move,Rajaji Nagar,2 BHK,GrnSpce,1218.0,2.0,0.0,147.97,2,12148.604269293925
Built-up  Area,Ready To Move,Rajaji Nagar,1 BHK,GrnSpce,691.0,1.0,2.0,75.97,1,10994.211287988423
Built-up  Area,Ready To Move,Rajaji Nagar,2 BHK,GrnSpce,912.0,3.0,1.0,113.34,2,12427.631578947368
Super built-up  Area,Ready To Move,Rajaji Nagar,3 BHK,GrnSpce,1527.0,3.0,0.0,167.36,3,10960.052390307794
Super built-up  Area,Ready To Move,Rajaji Nagar,3 BHK,GrnSpce,1423.0,3.0,2.0,157.67,3,11080.112438510188
Carpet  Area,Ready To Move,Rajaji Nagar,3 BHK,GrnSpce,1425.0,3.0,0.0,152.3,3,10687.719298245614
Super built-up  Area,Ready To Move,Rajaji Nagar,3 BHK,GrnSpce,1451.0,3.0,3.0,174.17,3,12003.445899379738
Super built-up  Area,Ready To Move,Rajaji Nagar,3 BHK,GrnSpce,1623.0,4.0,0.0,188.14,3,11592.11337030191
Super built-up  Area,Ready To Move,Rajaji Nagar,3 BHK,GrnSpce,1477.0,4.0,3.0,182.14,3,12331.75355450237
Plot  Area,Ready To Move,Rajaji Nagar,2 BHK,GrnSpce,1289.0,2.0,1.0,152.61,2,11839.410395655548
Built-up  Area,Ready To Move,Rajaji Nagar,2 BHK,GrnSpce,1245.0,3.0,0.0,138.65,2,11136.546184738956
Plot  Area,Ready To Move,Rajaji Nagar,1 BHK,GrnSpce,693.0,2.0,3.0,82.23,1,11865.800865800866
Super built-up  Area,Ready To Move,Rajaji Nagar,2 BHK,GrnSpce,1011.0,2.0,1.0,125.22,2,12385.756676557863
Super built-up  Area,Ready To Move,Rajaji Nagar,3 BHK,GrnSpce,1849.0,4.0,2.0,223.75,3,12101.135749053543
Super built-up  Area,Ready To Move,Rajaji Nagar,3 BHK,GrnSpce,1522.0,3.0,3.0,179.04,3,11763.4691195795
Plot  Area,Ready To Move,Rajaji Nagar,2 BHK,GrnSpce,1089.0,2.0,0.0,119.07,2,10933.88429752066
Plot  Area,Ready To Move,Rajaji Nagar,3 BHK,GrnSpce,1734.0,3.0,2.0,184.76,3,10655.132641291812
Super built-up  Area,Ready To Move,Rajaji Nagar,2 BHK,GrnSpce,1173.0,3.0,1.0,139.45,2,11888.320545609547
Super built-up  Area,Ready To Move,Rajaji Nagar,3 BHK,GrnSpce,1653.0,3.0,0.0,188.3,3,11391.409558378706
Super built-up  Area,Ready To Move,Rajaji Nagar,2 BHK,GrnSpce,1290.0,3.0,1.0,144.57,2,11206.976744186046
Plot  Area,Ready To Move,Rajaji Nagar,2 BHK,GrnSpce,1164.0,2.0,2.0,132.72,2,11402.061855670103
Built-up  Area,Ready To Move,Rajaji Nagar,1 BHK,GrnSpce,653.0,1.0,2.0,76.33,1,11689.127105666155
Super built-up  Area,Ready To Move,Rajaji Nagar,2 BHK,GrnSpce,942.0,2.0,0.0,99.93,2,10608.28025477707
Super built-up  Area,Ready To Move,Rajaji Nagar,3 BHK,GrnSpce,1749.0,4.0,1.0,184.36,3,10540.880503144654
Plot  Area,Ready To Move,Rajaji Nagar,2 BHK,GrnSpce,927.0,2.0,0.0,109.71,2,11834.95145631068
Super built-up  Area,Ready To Move,Rajaji Nagar,2 BHK,GrnSpce,1105.0,2.0,3.0,132.6,2,12000.0
Super built-up  Area,Ready To Move,Rajaji Nagar,1 BHK,GrnSpce,729.0,1.0,2.0,78.05,1,10706.44718792867
Super built-up  Area,Ready To Move,Rajaji Nagar,3 BHK,GrnSpce,1815.0,3.0,0.0,215.61,3,11879.338842975207
Super built-up  Area,Ready To Move,Rajaji Nagar,3 BHK,GrnSpce,1431.0,3.0,1.0,166.49,3,11634.521313766596
Super built-up  Area,Ready To Move,Rajaji Nagar,2 BHK,GrnSpce,1093.0,2.0,3.0,120.94,2,11064.958828911253
Super built-up  Area,Ready To Move,Rajaji Nagar,2 BHK,GrnSpce,1172.0,2.0,2.0,141.23,2,12050.341296928325
Super built-up  Area,Ready To Move,Rajaji Nagar,1 BHK,GrnSpce,701.0,1.0,3.0,76.28,1,10881.597717546363
Plot  Area,Ready To Move,Rajaji Nagar,2 BHK,GrnSpce,919.0,2.0,1.0,100.75,2,10963.003264417846
Carpet  Area,Ready To Move,Rajaji Nagar,2 BHK,GrnSpce,1028.0,2.0,1.0,112.36,2,10929.961089494163
Built-up  Area,Ready To Move,Rajaji Nagar,3 BHK,GrnSpce,1616.0,3.0,1.0,189.91,3,11751.856435643564
Super built-up  Area,Ready To Move,Rajaji Nagar,4 BHK,GrnSpce,2590.0,5.0,2.0,299.63,4,11568.725868725869
Super built-up  Area,Ready To Move,Rajaji Nagar,3 BHK,GrnSpce,1924.0,3.0,3.0,227.78,3,11838.877338877339
Super built-up  Area,Ready To Move,Rajaji Nagar,2 BHK,GrnSpce,916.0,2.0,1.0,110.04,2,12013.100436681223
Super built-up  Area,Ready To Move,Rajaji Nagar,2 BHK,GrnSpce,911.0,2.0,3.0,100.38,2,11018.660812294182
Super built-up  Area,Ready To Move,Rajaji Nagar,3 BHK,GrnSpce,1604.0,3.0,1.0,182.04,3,11349.127182044887
Super built-up  Area,Ready To Move,Rajaji Nagar,3 BHK,GrnSpce,1846.0,3.0,3.0,218.8,3,11852.654387865656
Super built-up  Area,Ready To Move,Rajaji Nagar,3 BHK,GrnSpce,1460.0,4.0,1.0,165.06,3,11305.479452054795
Super built-up  Area,Ready To Move,Rajaji Nagar,4 BHK,GrnSpce,2702.0,4.0,0.0,337.83,4,12502.960769800147
Super built-up  Area,Ready To Move,Rajaji Nagar,2 BHK,GrnSpce,1036.0,2.0,0.0,121.7,2,11747.104247104247
Super built-up  Area,Ready To Move,Rajaji Nagar,4 BHK,GrnSpce,2590.0,4.0,0.0,300.71,4,11610.42471042471
Super built-up  Area,Ready To Move,Rajaji Nagar,2 BHK,GrnSpce,1126.0,2.0,1.0,126.22,2,11209.591474245115
Super built-up  Area,Ready To Move,Rajaji Nagar,2 BHK,GrnSpce,1239.0,2.0,2.0,132.47,2,10691.686844229218
Plot  Area,Ready To Move,Rajaji Nagar,2 BHK,GrnSpce,1069.0,2.0,0.0,127.23,2,11901.77736202058
Super built-up  Area,Ready To Move,Rajaji Nagar,2 BHK,GrnSpce,977.0,2.0,1.0,121.32,2,12417.604912998977
Super built-up  Area,Ready To Move,Rajaji Nagar,2 BHK,GrnSpce,1266.0,2.0,1.0,144.96,2,11450.236966824645
Built-up  Area,Ready To Move,Rajaji Nagar,4 BHK,GrnSpce,2751.0,4.0,2.0,316.9,4,11519.447473645945
Carpet  Area,Ready To Move,Rajaji Nagar,2 BHK,GrnSpce,1248.0,2.0,1.0,138.87,2,11127.403846153846
Built-up  Area,Ready To Move,Sarjapur Road,3 BHK,GrnSpce,1888.0,3.0,2.0,111.44,3,5902.542372881356
Super built-up  Area,Ready To Move,Sarjapur Road,2 BHK,GrnSpce,985.0,2.0,0.0,65.48,2,6647.715736040609
Super built-up  Area,Ready To Move,Sarjapur Road,3 BHK,GrnSpce,1632.0,3.0,2.0,106.21,3,6507.96568627451
Super built-up  Area,Ready To Move,Sarjapur Road,3 BHK,GrnSpce,1540.0,3.0,2.0,106.52,3,6916.883116883117
Plot  Area,Ready To Move,Sarjapur Road,2 BHK,GrnSpce,1136.0,2.0,2.0,67.41,2,5933.978873239436
Plot  Area,Ready To Move,Sarjapur Road,4 BHK,GrnSpce,3188.0,4.0,3.0,204.85,4,6425.658720200753
Super built-up  Area,Ready To Move,Sarjapur Road,2 BHK,GrnSpce,1164.0,2.0,1.0,83.09,2,7138.316151202749
Super built-up  Area,Ready To Move,Sarjapur Road,3 BHK,GrnSpce,1401.0,3.0,1.0,85.57,3,6107.780157030692
Built-up  Area,Ready To Move,Sarjapur Road,2 BHK,GrnSpce,1105.0,2.0,1.0,72.19,2,6533.031674208145
Super built-up  Area,Ready To Move,Sarjapur Road,2 BHK,GrnSpce,1128.0,2.0,1.0,78.67,2,6974.290780141844
Super built-up  Area,Ready To Move,Sarjapur Road,3 BHK,GrnSpce,1896.0,3.0,2.0,119.83,3,6320.147679324895
Plot  Area,Ready To Move,Sarjapur Road,2 BHK,GrnSpce,909.0,3.0,2.0,63.57,2,6993.399339933993
Super built-up  Area,Ready To Move,Sarjapur Road,1 BHK,GrnSpce,621.0,1.0,1.0,43.78,1,7049.9194847020935
Carpet  Area,Ready To Move,Sarjapur Road,2 BHK,GrnSpce,1062.0,3.0,2.0,72.41,2,6818.267419962335
Super built-up  Area,Ready To Move,Sarjapur Road,2 BHK,GrnSpce,1167.0,2.0,0.0,75.27,2,6449.87146529563
Plot  Area,Ready To Move,Sarjapur Road,2 BHK,GrnSpce,1182.0,2.0,3.0,73.15,2,6188.6632825719125
Super built-up  Area,Ready To Move,Sarjapur Road,2 BHK,GrnSpce,1065.0,2.0,1.0,69.83,2,6556.807511737089
Plot  Area,Ready To Move,Sarjapur Road,3 BHK,GrnSpce,1766.0,3.0,0.0,109.78,3,6216.308040770102
Built-up  Area,Ready To Move,Sarjapur Road,2 BHK,GrnSpce,986.0,2.0,0.0,58.63,2,5946.2474645030425
Plot  Area,Ready To Move,Sarjapur Road,3 BHK,GrnSpce,1753.0,3.0,0.0,125.51,3,7159.726183685111
Plot  Area,Ready To Move,Sarjapur Road,3 BHK,GrnSpce,1779.0,3.0,3.0,119.68,3,6727.374929735806
Super built-up  Area,Ready To Move,Sarjapur Road,2 BHK,GrnSpce,939.0,2.0,3.0,59.9,2,6379.1267305644305
Built-up  Area,Ready To Move,Sarjapur Road,3 BHK,GrnSpce,1970.0,3.0,0.0,122.38,3,6212.1827411167515
Super built-up  Area,Ready To Move,Sarjapur Road,4 BHK,GrnSpce,2337.0,4.0,0.0,145.82,4,6239.6234488660675
Super built-up  Area,Ready To Move,Sarjapur Road,2 BHK,GrnSpce,1107.0,2.0,1.0,69.07,2,6239.3857271906045
Built-up  Area,Ready To Move,Sarjapur Road,2 BHK,GrnSpce,1284.0,2.0,3.0,86.2,2,6713.395638629284
Super built-up  Area,Ready To Move,Sarjapur Road,3 BHK,GrnSpce,1951.0,3.0,2.0,123.56,3,6333.162480779088
Super built-up  Area,Ready To Move,Sarjapur Road,2 BHK,GrnSpce,1174.0,2.0,3.0,71.29,2,6072.402044293016
Super built-up  Area,Ready To Move,Sarjapur Road,3 BHK,GrnSpce,1808.0,3.0,2.0,119.1,3,6587.3893805309735
Super built-up  Area,Ready To Move,Sarjapur Road,2 BHK,GrnSpce,1074.0,3.0,3.0,67.48,2,6283.0540037243945
Carpet  Area,Ready To Move,Sarjapur Road,1 BHK,GrnSpce,694.0,1.0,0.0,45.82,1,6602.305475504323
Plot  Area,Ready To Move,Sarjapur Road,3 BHK,GrnSpce,1918.0,3.0,3.0,126.89,3,6615.745568300313
Built-up  Area,Ready To Move,Sarjapur Road,2 BHK,GrnSpce,975.0,3.0,0.0,62.73,2,6433.846153846154
Built-up  Area,Ready To Move,Sarjapur Road,3 BHK,GrnSpce,1403.0,3.0,1.0,96.18,3,6855.310049893086
Plot  Area,Ready To Move,Sarjapur Road,2 BHK,GrnSpce,968.0,2.0,3.0,67.21,2,6943.181818181817
Plot  Area,Ready To Move,Sarjapur Road,2 BHK,GrnSpce,1226.0,2.0,1.0,81.16,2,6619.902120717781
Super built-up  Area,Ready To Move,Sarjapur Road,3 BHK,GrnSpce,1496.0,3.0,2.0,92.74,3,6199.197860962567
Super built-up  Area,Ready To Move,Sarjapur Road,2 BHK,GrnSpce,1180.0,2.0,0.0,80.73,2,6841.525423728814
Built-up  Area,Ready To Move,Sarjapur Road,3 BHK,GrnSpce,1571.0,3.0,0.0,104.25,3,6635.900700190961
Super built-up  Area,Ready To Move,Sarjapur Road,2 BHK,GrnSpce,1073.0,3.0,1.0,72.52,2,6758.620689655172
Carpet  Area,Ready To Move,Sarjapur Road,1 BHK,GrnSpce,632.0,1.0,1.0,41.16,1,6512.658227848101
Super built-up  Area,Ready To Move,Sarjapur Road,3 BHK,GrnSpce,1959.0,3.0,0.0,127.58,3,6512.506380806534
Super built-up  Area,Ready To Move,Sarjapur Road,2 BHK,GrnSpce,1265.0,2.0,2.0,88.18,2,6970.750988142292
Super built-up  Area,Ready To Move,Sarjapur Road,3 BHK,GrnSpce,1618.0,3.0,3.0,108.87,3,6728.6773794808405
Super built-up  Area,Ready To Move,Sarjapur Road,3 BHK,GrnSpce,1997.0,4.0,2.0,133.11,3,6665.498247371058
Super built-up  Area,Ready To Move,Sarjapur Road,2 BHK,GrnSpce,947.0,3.0,1.0,63.42,2,6696.937697993664
Plot  Area,Ready To Move,Sarjapur Road,3 BHK,GrnSpce,1442.0,3.0,1.0,93.09,3,6455.617198335645
Super built-up  Area,Ready To Move,Sarjapur Road,2 BHK,GrnSpce,1209.0,3.0,1.0,79.66,2,6588.916459884202
Built-up  Area,Ready To Move,Sarjapur Road,2 BHK,GrnSpce,1043.0,2.0,1.0,67.55,2,6476.5100671140935
Super built-up  Area,Ready To Move,Sarjapur Road,2 BHK,GrnSpce,1000.0,2.0,3.0,66.19,2,6619.0
Super built-up  Area,Ready To Move,Sarjapur Road,2 BHK,GrnSpce,999.0,3.0,0.0,67.11,2,6717.717717717717
Built-up  Area,Ready To Move,Sarjapur Road,1 BHK,GrnSpce,673.0,1.0,2.0,47.13,1,7002.97176820208
Plot  Area,Ready To Move,Sarjapur Road,2 BHK,GrnSpce,1258.0,2.0,3.0,79.23,2,6298.092209856915
Super built-up  Area,Ready To Move,Sarjapur Road,2 BHK,GrnSpce,1151.0,2.0,3.0,77.19,2,6706.342311033884
Super built-up  Area,Ready To Move,Sarjapur Road,2 BHK,GrnSpce,1001.0,2.0,1.0,68.16,2,6809.190809190809
Plot  Area,Ready To Move,Sarjapur Road,2 BHK,GrnSpce,1078.0,3.0,0.0,63.54,2,5894.248608534323
Super built-up  Area,Ready To Move,Sarjapur Road,3 BHK,GrnSpce,1727.0,4.0,2.0,101.78,3,5893.456861609728
Super built-up  Area,Ready To Move,Sarjapur Road,2 BHK,GrnSpce,1081.0,2.0,3.0,70.9,2,6558.741905642924
Super built-up  Area,Ready To Move,Sarjapur Road,2 BHK,GrnSpce,902.0,3.0,0.0,58.95,2,6535.476718403547
Super built-up  Area,Ready To Move,Sarjapur Road,3 BHK,GrnSpce,1952.0,3.0,0.0,117.82,3,6035.860655737705
Super built-up  Area,Ready To Move,Sarjapur Road,4 BHK,GrnSpce,3188.0,5.0,3.0,196.5,4,6163.739021329988
Built-up  Area,Ready To Move,Sarjapur Road,3 BHK,GrnSpce,1821.0,3.0,3.0,128.74,3,7069.741900054915
Super built-up  Area,Ready To Move,Sarjapur Road,3 BHK,GrnSpce,1404.0,3.0,0.0,87.52,3,6233.618233618234
Plot  Area,Ready To Move,Sarjapur Road,2 BHK,GrnSpce,1197.0,2.0,1.0,82.42,2,6885.547201336675
Super built-up  Area,Ready To Move,Sarjapur Road,2 BHK,GrnSpce,917.0,3.0,2.0,64.55,2,7039.258451472192
Plot  Area,Ready To Move,Sarjapur Road,2 BHK,GrnSpce,1209.0,3.0,0.0,85.71,2,7089.330024813896
Built-up  Area,Ready To Move,Sarjapur Road,2 BHK,GrnSpce,1020.0,2.0,3.0,65.84,2,6454.901960784314
Plot  Area,Ready To Move,Sarjapur Road,3 BHK,GrnSpce,1478.0,3.0,2.0,93.97,3,6357.916102841678
Super built-up  Area,Ready To Move,Sarjapur Road,2 BHK,GrnSpce,951.0,3.0,1.0,58.85,2,6188.222923238696
Plot  Area,Ready To Move,Sarjapur Road,2 BHK,GrnSpce,1066.0,2.0,2.0,75.45,2,7077.861163227017
Plot  Area,Ready To Move,Sarjapur Road,2 BHK,GrnSpce,1269.0,3.0,1.0,84.54,2,6661.93853427896
Super built-up  Area,Ready To Move,Sarjapur Road,2 BHK,GrnSpce,1250.0,2.0,1.0,78.73,2,6298.4
Super built-up  Area,Ready To Move,Sarjapur Road,1 BHK,GrnSpce,690.0,1.0,0.0,47.07,1,6821.739130434783
Super built-up  Area,Ready To Move,Sarjapur Road,1 BHK,GrnSpce,619.0,1.0,1.0,41.3,1,6672.0516962843285
Super built-up  Area,Ready To Move,Sarjapur Road,2 BHK,GrnSpce,1221.0,2.0,1.0,75.31,2,6167.895167895168
Plot  Area,Ready To Move,Sarjapur Road,3 BHK,GrnSpce,1949.0,3.0,2.0,128.74,3,6605.4386865059005
Super built-up  Area,Ready To Move,Sarjapur Road,4 BHK,GrnSpce,3140.0,5.0,0.0,200.93,4,6399.044585987262
Super built-up  Area,Ready To Move,Sarjapur Road,5 BHK,GrnSpce,4669.0,5.0,1.0,283.99,5,6082.458770614693
Plot  Area,Ready To Move,Sarjapur Road,2 BHK,GrnSpce,907.0,2.0,3.0,60.66,2,6687.982359426682
Super built-up  Area,Ready To Move,Sarjapur Road,2 BHK,GrnSpce,1042.0,3.0,2.0,74.34,2,7134.357005758157
Super built-up  Area,Ready To Move,Sarjapur Road,4 BHK,GrnSpce,2911.0,5.0,3.0,190.79,4,6554.105118515974
Super built-up  Area,Ready To Move,Sarjapur Road,4 BHK,GrnSpce,2466.0,4.0,1.0,151.0,4,6123.276561232766
Carpet  Area,Ready To Move,Sarjapur Road,2 BHK,GrnSpce,1270.0,2.0,3.0,78.66,2,6193.700787401574
Super built-up  Area,Ready To Move,Sarjapur Road,2 BHK,GrnSpce,983.0,2.0,3.0,58.26,2,5926.75483214649
Built-up  Area,Ready To Move,Sarjapur Road,3 BHK,GrnSpce,1657.0,3.0,0.0,103.58,3,6251.056125528063
Super built-up  Area,Ready To Move,Sarjapur Road,2 BHK,GrnSpce,1155.0,3.0,1.0,69.0,2,5974.025974025974
Super built-up  Area,Ready To Move,Sarjapur Road,2 BHK,GrnSpce,910.0,2.0,1.0,57.99,2,6372.527472527472
Plot  Area,Ready To Move,Sarjapur Road,4 BHK,GrnSpce,3184.0,4.0,3.0,203.44,4,6389.447236180905
Carpet  Area,Ready To Move,Sarjapur Road,4 BHK,GrnSpce,2725.0,4.0,1.0,181.59,4,6663.853211009175
Super built-up  Area,Ready To Move,Sarjapur Road,4 BHK,GrnSpce,2865.0,4.0,1.0,199.03,4,6946.945898778359
Super built-up  Area,Ready To Move,Sarjapur Road,4 BHK,GrnSpce,2869.0,4.0,3.0,188.74,4,6578.59881491809
Super built-up  Area,Ready To Move,Sarjapur Road,2 BHK,GrnSpce,904.0,2.0,3.0,63.41,2,7014.380530973452
Built-up  Area,Ready To Move,Sarjapur Road,3 BHK,GrnSpce,1536.0,3.0,3.0,103.21,3,6719.401041666667
Plot  Area,Ready To Move,Sarjapur Road,3 BHK,GrnSpce,1639.0,3.0,2.0,106.74,3,6512.507626601587
Super built-up  Area,Ready To Move,Sarjapur Road,2 BHK,GrnSpce,1285.0,2.0,1.0,91.52,2,7122.178988326848
Carpet  Area,Ready To Move,Sarjapur Road,2 BHK,GrnSpce,1055.0,2.0,0.0,71.49,2,6776.303317535544
Super built-up  Area,Ready To Move,Sarjapur Road,2 BHK,GrnSpce,1033.0,2.0,0.0,71.71,2,6941.91674733785
Super built-up  Area,Ready To Move,Sarjapur Road,4 BHK,GrnSpce,2476.0,4.0,0.0,158.74,4,6411.1470113085625
Super built-up  Area,Ready To Move,Sarjapur Road,3 BHK,GrnSpce,1909.0,3.0,1.0,112.54,3,5895.233106338397
Super built-up  Area,Ready To Move,Sarjapur Road,1 BHK,GrnSpce,588.0,1.0,0.0,38.11,1,6481.292517006803
Super built-up  Area,Ready To Move,Sarjapur Road,2 BHK,GrnSpce,1237.0,3.0,0.0,73.44,2,5936.944219886823
Super built-up  Area,Ready To Move,Sarjapur Road,2 BHK,GrnSpce,1266.0,2.0,0.0,85.66,2,6766.192733017378
Super built-up  Area,Ready To Move,Sarjapur Road,2 BHK,GrnSpce,1128.0,2.0,3.0,72.91,2,6463.652482269504
Plot  Area,Ready To Move,Sarjapur Road,2 BHK,GrnSpce,963.0,3.0,2.0,66.88,2,6944.963655244029
Built-up  Area,Ready To Move,Sarjapur Road,3 BHK,GrnSpce,1420.0,3.0,2.0,87.47,3,6159.859154929577
Super built-up  Area,Ready To Move,Sarjapur Road,3 BHK,GrnSpce,1847.0,3.0,0.0,131.15,3,7100.703844071467
Super built-up  Area,Ready To Move,Thanisandra,3 BHK,GrnSpce,1420.0,3.0,3.0,85.98,3,6054.929577464789
Super built-up  Area,Ready To Move,Thanisandra,4 BHK,GrnSpce,3157.0,4.0,2.0,178.7,4,5660.437123851758
Super built-up  Area,Ready To Move,Thanisandra,3 BHK,GrnSpce,1436.0,4.0,3.0,90.08,3,6272.980501392758
Super built-up  Area,Ready To Move,Thanisandra,2 BHK,GrnSpce,1078.0,3.0,2.0,67.2,2,6233.766233766234
Super built-up  Area,Ready To Move,Thanisandra,2 BHK,GrnSpce,1076.0,2.0,0.0,61.92,2,5754.646840148699
Built-up  Area,Ready To Move,Thanisandra,1 BHK,GrnSpce,614.0,1.0,0.0,38.86,1,6328.990228013029
Super built-up  Area,Ready To Move,Thanisandra,3 BHK,GrnSpce,1713.0,3.0,1.0,105.14,3,6137.769994162289
Carpet  Area,Ready To Move,Thanisandra,2 BHK,GrnSpce,976.0,2.0,1.0,59.98,2,6145.491803278688
Super built-up  Area,Ready To Move,Thanisandra,3 BHK,GrnSpce,1752.0,3.0,0.0,102.82,3,5868.721461187215
Plot  Area,Ready To Move,Thanisandra,2 BHK,GrnSpce,1023.0,2.0,3.0,66.41,2,6491.691104594331
Super built-up  Area,Ready To Move,Thanisandra,4 BHK,GrnSpce,2512.0,5.0,3.0,160.91,4,6405.652866242038
Super built-up  Area,Ready To Move,Thanisandra,4 BHK,GrnSpce,3058.0,4.0,0.0,206.57,4,6755.068672334859
Super built-up  Area,Ready To Move,Thanisandra,2 BHK,GrnSpce,1095.0,2.0,2.0,66.84,2,6104.109589041096
Plot  Area,Ready To Move,Thanisandra,2 BHK,GrnSpce,1168.0,2.0,0.0,71.01,2,6079.623287671234
Plot  Area,Ready To Move,Thanisandra,3 BHK,GrnSpce,1499.0,3.0,0.0,89.25,3,5953.969312875251
Super built-up  Area,Ready To Move,Thanisandra,3 BHK,GrnSpce,1492.0,4.0,1.0,89.61,3,6006.032171581769
Super built-up  Area,Ready To Move,Thanisandra,2 BHK,GrnSpce,1168.0,2.0,2.0,78.63,2,6732.020547945205
Super built-up  Area,Ready To Move,Thanisandra,3 BHK,GrnSpce,1805.0,3.0,3.0,121.62,3,6737.950138504155
Plot  Area,Ready To Move,Thanisandra,3 BHK,GrnSpce,1617.0,3.0,3.0,99.76,3,6169.449598021027
Plot  Area,Ready To Move,Thanisandra,1 BHK,GrnSpce,515.0,1.0,0.0,29.59,1,5745.631067961165
Plot  Area,Ready To Move,Thanisandra,3 BHK,GrnSpce,1852.0,4.0,0.0,110.27,3,5954.103671706263
Built-up  Area,Ready To Move,Thanisandra,4 BHK,GrnSpce,2688.0,4.0,2.0,182.22,4,6779.017857142857
Super built-up  Area,Ready To Move,Thanisandra,5 BHK,GrnSpce,4684.0,5.0,2.0,276.2,5,5896.66951323655
Super built-up  Area,Ready To Move,Thanisandra,1 BHK,GrnSpce,521.0,1.0,0.0,35.61,1,6834.932821497121
Super built-up  Area,Ready To Move,Thanisandra,2 BHK,GrnSpce,1047.0,2.0,0.0,68.1,2,6504.29799426934
Super built-up  Area,Ready To Move,Thanisandra,1 BHK,GrnSpce,610.0,1.0,3.0,39.22,1,6429.508196721312
Super built-up  Area,Ready To Move,Thanisandra,2 BHK,GrnSpce,970.0,2.0,3.0,61.93,2,6384.5360824742265
Built-up  Area,Ready To Move,Thanisandra,2 BHK,GrnSpce,1145.0,2.0,1.0,76.32,2,6665.502183406113
Super built-up  Area,Ready To Move,Thanisandra,4 BHK,GrnSpce,2274.0,4.0,1.0,139.39,4,6129.7273526824965
Built-up  Area,Ready To Move,Thanisandra,3 BHK,GrnSpce,1444.0,3.0,1.0,82.15,3,5689.058171745153
Super built-up  Area,Ready To Move,Thanisandra,2 BHK,GrnSpce,1125.0,2.0,1.0,69.42,2,6170.666666666667
Plot  Area,Ready To Move,Thanisandra,3 BHK,GrnSpce,1936.0,3.0,1.0,126.28,3,6522.727272727273
Super built-up  Area,Ready To Move,Thanisandra,2 BHK,GrnSpce,1063.0,2.0,0.0,66.52,2,6257.761053621825
Super built-up  Area,Ready To Move,Thanisandra,2 BHK,GrnSpce,915.0,2.0,2.0,58.91,2,6438.251366120218
Super built-up  Area,Ready To Move,Thanisandra,2 BHK,GrnSpce,952.0,2.0,1.0,56.4,2,5924.36974789916
Plot  Area,Ready To Move,Thanisandra,4 BHK,GrnSpce,2656.0,5.0,3.0,175.65,4,6613.328313253012
Built-up  Area,Ready To Move,Thanisandra,1 BHK,GrnSpce,665.0,1.0,2.0,44.14,1,6637.5939849624065
Built-up  Area,Ready To Move,Thanisandra,2 BHK,GrnSpce,1196.0,3.0,1.0,77.47,2,6477.42474916388
Plot  Area,Ready To Move,Thanisandra,4 BHK,GrnSpce,2826.0,4.0,0.0,189.21,4,6695.329087048833
Built-up  Area,Ready To Move,Thanisandra,1 BHK,GrnSpce,533.0,1.0,1.0,36.05,1,6763.602251407128
Super built-up  Area,Ready To Move,Thanisandra,3 BHK,GrnSpce,1712.0,3.0,2.0,108.22,3,6321.261682242991
Plot  Area,Ready To Move,Thanisandra,3 BHK,GrnSpce,1750.0,3.0,2.0,110.72,3,6326.857142857143
Super built-up  Area,Ready To Move,Thanisandra,2 BHK,GrnSpce,1008.0,2.0,3.0,60.23,2,5975.1984126984125
Built-up  Area,Ready To Move,Thanisandra,3 BHK,GrnSpce,1915.0,3.0,3.0,121.9,3,6365.535248041775
Super built-up  Area,Ready To Move,Thanisandra,3 BHK,GrnSpce,1480.0,4.0,0.0,102.16,3,6902.7027027027025
Super built-up  Area,Ready To Move,Thanisandra,1 BHK,GrnSpce,716.0,1.0,0.0,44.49,1,6213.687150837989
Plot  Area,Ready To Move,Thanisandra,3 BHK,GrnSpce,1813.0,3.0,3.0,108.3,3,5973.524544953117
Super built-up  Area,Ready To Move,Thanisandra,3 BHK,GrnSpce,1846.0,3.0,3.0,118.0,3,6392.1993499458285
Super built-up  Area,Ready To Move,Thanisandra,1 BHK,GrnSpce,723.0,1.0,3.0,40.82,1,5645.919778699862
Super built-up  Area,Ready To Move,Thanisandra,2 BHK,GrnSpce,1075.0,2.0,2.0,65.33,2,6077.209302325581
Carpet  Area,Ready To Move,Thanisandra,2 BHK,GrnSpce,1291.0,2.0,0.0,85.4,2,6615.027110766848
Super built-up  Area,Ready To Move,Thanisandra,2 BHK,GrnSpce,1117.0,2.0,2.0,76.5,2,6848.70188003581
Super built-up  Area,Ready To Move,Thanisandra,2 BHK,GrnSpce,913.0,2.0,0.0,58.93,2,6454.545454545455
Super built-up  Area,Ready To Move,Thanisandra,2 BHK,GrnSpce,1255.0,2.0,2.0,86.33,2,6878.8844621513945
Super built-up  Area,Ready To Move,Thanisandra,2 BHK,GrnSpce,1014.0,2.0,3.0,61.44,2,6059.171597633136
Super built-up  Area,Ready To Move,Thanisandra,3 BHK,GrnSpce,1437.0,3.0,1.0,91.84,3,6391.092553931802
Super built-up  Area,Ready To Move,Thanisandra,1 BHK,GrnSpce,533.0,1.0,1.0,33.21,1,6230.7692307692305
Super built-up  Area,Ready To Move,Thanisandra,3 BHK,GrnSpce,1811.0,3.0,3.0,110.31,3,6091.109884041965
Super built-up  Area,Ready To Move,Thanisandra,2 BHK,GrnSpce,1244.0,3.0,1.0,70.3,2,5651.12540192926
Super built-up  Area,Ready To Move,Thanisandra,2 BHK,GrnSpce,1064.0,3.0,2.0,69.51,2,6532.894736842106
Super built-up  Area,Ready To Move,Thanisandra,2 BHK,GrnSpce,1116.0,3.0,0.0,74.91,2,6712.365591397849
Super built-up  Area,Ready To Move,Thanisandra,3 BHK,GrnSpce,1633.0,3.0,2.0,104.25,3,6383.955909369259
Super built-up  Area,Ready To Move,Thanisandra,2 BHK,GrnSpce,967.0,2.0,1.0,61.41,2,6350.568769389865
Built-up  Area,Ready To Move,Thanisandra,3 BHK,GrnSpce,1663.0,3.0,3.0,114.01,3,6855.682501503307
Super built-up  Area,Ready To Move,Thanisandra,3 BHK,GrnSpce,1445.0,4.0,0.0,95.68,3,6621.4532871972315
Super built-up  Area,Ready To Move,Thanisandra,3 BHK,GrnSpce,1843.0,3.0,1.0,105.55,3,5727.075420510038
Plot  Area,Ready To Move,Thanisandra,2 BHK,GrnSpce,955.0,3.0,2.0,65.14,2,6820.942408376964
Super built-up  Area,Ready To Move,Thanisandra,2 BHK,GrnSpce,1084.0,2.0,1.0,67.16,2,6195.571955719557
Super built-up  Area,Ready To Move,Thanisandra,3 BHK,GrnSpce,1423.0,3.0,0.0,79.98,3,5620.520028109628
Built-up  Area,Ready To Move,Thanisandra,2 BHK,GrnSpce,1178.0,3.0,3.0,67.7,2,5747.028862478777
Built-up  Area,Ready To Move,Thanisandra,2 BHK,GrnSpce,954.0,2.0,2.0,60.43,2,6334.381551362683
Super built-up  Area,Ready To Move,Thanisandra,2 BHK,GrnSpce,1052.0,2.0,0.0,66.49,2,6320.342205323193
Super built-up  Area,Ready To Move,Thanisandra,3 BHK,GrnSpce,1490.0,3.0,2.0,100.25,3,6728.187919463087
Plot  Area,Ready To Move,Thanisandra,2 BHK,GrnSpce,1296.0,3.0,3.0,75.34,2,5813.271604938272
Super built-up  Area,Ready To Move,Thanisandra,2 BHK,GrnSpce,976.0,2.0,0.0,63.48,2,6504.098360655737
Super built-up  Area,Ready To Move,Thanisandra,3 BHK,GrnSpce,1805.0,3.0,0.0,111.08,3,6154.016620498615
Super built-up  Area,Ready To Move,Thanisandra,4 BHK,GrnSpce,2770.0,5.0,3.0,171.54,4,6192.779783393502
Plot  Area,Ready To Move,Thanisandra,4 BHK,GrnSpce,2561.0,4.0,0.0,154.94,4,6049.980476376415
Super built-up  Area,Ready To Move,Thanisandra,3 BHK,GrnSpce,1983.0,4.0,0.0,111.56,3,5625.8194654563795
Plot  Area,Ready To Move,Thanisandra,2 BHK,GrnSpce,1020.0,3.0,2.0,66.09,2,6479.411764705882
Super built-up  Area,Ready To Move,Thanisandra,3 BHK,GrnSpce,1931.0,3.0,3.0,122.1,3,6323.148627654065
Super built-up  Area,Ready To Move,Thanisandra,1 BHK,GrnSpce,531.0,2.0,2.0,31.8,1,5988.700564971751
Plot  Area,Ready To Move,Thanisandra,2 BHK,GrnSpce,1260.0,2.0,3.0,83.35,2,6615.079365079364
Super built-up  Area,Ready To Move,Thanisandra,3 BHK,GrnSpce,1622.0,3.0,3.0,100.93,3,6222.564734895191
Super built-up  Area,Ready To Move,Thanisandra,2 BHK,GrnSpce,1057.0,2.0,2.0,63.1,2,5969.725638599811
Carpet  Area,Ready To Move,Thanisandra,4 BHK,GrnSpce,2627.0,4.0,3.0,175.93,4,6696.992767415302
Super built-up  Area,Ready To Move,Thanisandra,2 BHK,GrnSpce,1293.0,2.0,1.0,87.35,2,6755.607115235885
Carpet  Area,Ready To Move,Thanisandra,4 BHK,GrnSpce,3099.0,4.0,2.0,182.85,4,5900.29041626331
Built-up  Area,Ready To Move,Thanisandra,3 BHK,GrnSpce,1789.0,3.0,3.0,102.43,3,5725.544997205143
Built-up  Area,Ready To Move,Thanisandra,2 BHK,GrnSpce,919.0,2.0,1.0,52.88,2,5754.0805223068555
Built-up  Area,Ready To Move,Thanisandra,2 BHK,GrnSpce,943.0,3.0,1.0,62.44,2,6621.420996818664
Super built-up  Area,Ready To Move,Thanisandra,1 BHK,GrnSpce,675.0,1.0,1.0,38.38,1,5685.925925925927
Plot  Area,Ready To Move,Thanisandra,2 BHK,GrnSpce,1135.0,2.0,1.0,75.84,2,6681.938325991189
Built-up  Area,Ready To Move,Thanisandra,1 BHK,GrnSpce,689.0,1.0,0.0,42.94,1,6232.2206095791
Super built-up  Area,Ready To Move,Thanisandra,2 BHK,GrnSpce,983.0,3.0,0.0,67.33,2,6849.440488301119
Plot  Area,Ready To Move,Thanisandra,3 BHK,GrnSpce,1629.0,3.0,0.0,96.8,3,5942.2958870472685
Super built-up  Area,Ready To Move,Thanisandra,4 BHK,GrnSpce,3126.0,4.0,3.0,194.86,4,6233.525271912988
Built-up  Area,Ready To Move,Thanisandra,3 BHK,GrnSpce,1831.0,3.0,3.0,115.99,3,6334.789732386674
Built-up  Area,Ready To Move,Thanisandra,2 BHK,GrnSpce,1246.0,2.0,3.0,73.66,2,5911.717495987159
Super built-up  Area,Ready To Move,Thanisandra,3 BHK,GrnSpce,1534.0,4.0,1.0,87.4,3,5697.522816166884
Super built-up  Area,Ready To Move,Thanisandra,2 BHK,GrnSpce,1201.0,2.0,1.0,79.57,2,6625.312239800166
Built-up  Area,Ready To Move,Uttarahalli,3 BHK,GrnSpce,1515.0,3.0,3.0,66.56,3,4393.399339933993
Super built-up  Area,Ready To Move,Uttarahalli,3 BHK,GrnSpce,1575.0,3.0,1.0,69.92,3,4439.3650793650795
Super built-up  Area,Ready To Move,Uttarahalli,1 BHK,GrnSpce,734.0,2.0,1.0,35.52,1,4839.237057220709
Super built-up  Area,Ready To Move,Uttarahalli,2 BHK,GrnSpce,1067.0,2.0,0.0,48.8,2,4573.5707591377695
Built-up  Area,Ready To Move,Uttarahalli,1 BHK,GrnSpce,633.0,1.0,0.0,32.7,1,5165.876777251186
Built-up  Area,Ready To Move,Uttarahalli,3 BHK,GrnSpce,1910.0,3.0,2.0,90.68,3,4747.643979057591
Plot  Area,Ready To Move,Uttarahalli,2 BHK,GrnSpce,922.0,2.0,2.0,44.01,2,4773.318872017354
Built-up  Area,Ready To Move,Uttarahalli,3 BHK,GrnSpce,1733.0,3.0,1.0,78.95,3,4555.683785343335
Super built-up  Area,Ready To Move,Uttarahalli,1 BHK,GrnSpce,518.0,1.0,3.0,24.04,1,4640.926640926641
Super built-up  Area,Ready To Move,Uttarahalli,2 BHK,GrnSpce,939.0,2.0,0.0,41.49,2,4418.5303514377
Super built-up  Area,Ready To Move,Uttarahalli,2 BHK,GrnSpce,941.0,2.0,3.0,41.57,2,4417.640807651434
Super built-up  Area,Ready To Move,Uttarahalli,3 BHK,GrnSpce,1587.0,3.0,3.0,82.93,3,5225.5828607435415
Super built-up  Area,Ready To Move,Uttarahalli,2 BHK,GrnSpce,1168.0,3.0,1.0,57.2,2,4897.260273972603
Plot  Area,Ready To Move,Uttarahalli,3 BHK,GrnSpce,1421.0,3.0,1.0,69.53,3,4893.033075299085
Built-up  Area,Ready To Move,Uttarahalli,2 BHK,GrnSpce,1051.0,2.0,1.0,49.17,2,4678.401522359657
Super built-up  Area,Ready To Move,Uttarahalli,3 BHK,GrnSpce,1688.0,3.0,2.0,84.04,3,4978.672985781991
Super built-up  Area,Ready To Move,Uttarahalli,2 BHK,GrnSpce,1193.0,2.0,3.0,59.96,2,5025.9849119865885
Carpet  Area,Ready To Move,Uttarahalli,3 BHK,GrnSpce,1923.0,3.0,1.0,88.69,3,4612.064482579303
Super built-up  Area,Ready To Move,Uttarahalli,5 BHK,GrnSpce,4362.0,5.0,2.0,210.38,5,4823.016964695094
Super built-up  Area,Ready To Move,Uttarahalli,2 BHK,GrnSpce,1286.0,2.0,2.0,63.21,2,4915.241057542768
Built-up  Area,Ready To Move,Uttarahalli,4 BHK,GrnSpce,2728.0,4.0,1.0,127.87,4,4687.316715542522
Plot  Area,Ready To Move,Uttarahalli,2 BHK,GrnSpce,963.0,2.0,0.0,44.01,2,4570.093457943925
Super built-up  Area,Ready To Move,Uttarahalli,2 BHK,GrnSpce,1087.0,2.0,0.0,52.34,2,4815.08739650414
Super built-up  Area,Ready To Move,Uttarahalli,2 BHK,GrnSpce,904.0,2.0,2.0,42.58,2,4710.1769911504425
Plot  Area,Ready To Move,Uttarahalli,3 BHK,GrnSpce,1521.0,3.0,2.0,75.95,3,4993.425378040763
Super built-up  Area,Ready To Move,Uttarahalli,3 BHK,GrnSpce,1563.0,4.0,2.0,78.23,3,5005.118362124121
Super built-up  Area,Ready To Move,Uttarahalli,2 BHK,GrnSpce,1020.0,3.0,3.0,46.05,2,4514.705882352941
Built-up  Area,Ready To Move,Uttarahalli,1 BHK,GrnSpce,589.0,2.0,2.0,27.97,1,4748.726655348048
Super built-up  Area,Ready To Move,Uttarahalli,3 BHK,GrnSpce,1514.0,3.0,2.0,69.82,3,4611.624834874504
Super built-up  Area,Ready To Move,Uttarahalli,2 BHK,GrnSpce,949.0,2.0,1.0,50.37,2,5307.692307692308
Carpet  Area,Ready To Move,Uttarahalli,3 BHK,GrnSpce,1726.0,4.0,3.0,91.59,3,5306.48899188876
Super built-up  Area,Ready To Move,Uttarahalli,2 BHK,GrnSpce,1260.0,2.0,3.0,54.47,2,4323.015873015873
Built-up  Area,Ready To Move,Uttarahalli,2 BHK,GrnSpce,1250.0,2.0,3.0,61.46,2,4916.8
Super built-up  Area,Ready To Move,Uttarahalli,2 BHK,GrnSpce,1057.0,2.0,1.0,53.7,2,5080.416272469252
Super built-up  Area,Ready To Move,Uttarahalli,3 BHK,GrnSpce,1596.0,3.0,0.0,77.25,3,4840.225563909775
Plot  Area,Ready To Move,Uttarahalli,3 BHK,GrnSpce,1666.0,3.0,1.0,81.95,3,4918.967587034814
Super built-up  Area,Ready To Move,Uttarahalli,4 BHK,GrnSpce,2510.0,4.0,3.0,112.64,4,4487.649402390438
Super built-up  Area,Ready To Move,Uttarahalli,1 BHK,GrnSpce,690.0,1.0,1.0,35.25,1,5108.695652173913
Built-up  Area,Ready To Move,Uttarahalli,3 BHK,GrnSpce,1401.0,3.0,1.0,67.07,3,4787.294789436117
Plot  Area,Ready To Move,Uttarahalli,2 BHK,GrnSpce,948.0,2.0,0.0,43.14,2,4550.632911392405
Plot  Area,Ready To Move,Uttarahalli,1 BHK,GrnSpce,706.0,1.0,3.0,35.28,1,4997.167138810199
Carpet  Area,Ready To Move,Uttarahalli,2 BHK,GrnSpce,1296.0,2.0,3.0,57.33,2,4423.611111111111
Built-up  Area,Ready To Move,Uttarahalli,2 BHK,GrnSpce,1157.0,2.0,0.0,56.47,2,4880.726015557476
Super built-up  Area,Ready To Move,Uttarahalli,4 BHK,GrnSpce,2788.0,4.0,1.0,121.54,4,4359.397417503586
Super built-up  Area,Ready To Move,Uttarahalli,2 BHK,GrnSpce,953.0,2.0,2.0,46.36,2,4864.637985309549
Super built-up  Area,Ready To Move,Uttarahalli,2 BHK,GrnSpce,1203.0,2.0,2.0,53.5,2,4447.215295095594
Plot  Area,Ready To Move,Uttarahalli,3 BHK,GrnSpce,1736.0,4.0,0.0,87.67,3,5050.115207373272
Plot  Area,Ready To Move,Uttarahalli,3 BHK,GrnSpce,1504.0,3.0,1.0,74.27,3,4938.164893617021
Super built-up  Area,Ready To Move,Uttarahalli,3 BHK,GrnSpce,1924.0,3.0,3.0,91.65,3,4763.513513513513
Plot  Area,Ready To Move,Uttarahalli,2 BHK,GrnSpce,1193.0,2.0,0.0,59.06,2,4950.544844928751
Super built-up  Area,Ready To Move,Uttarahalli,2 BHK,GrnSpce,1025.0,2.0,1.0,47.91,2,4674.1463414634145
Super built-up  Area,Ready To Move,Uttarahalli,2 BHK,GrnSpce,1203.0,2.0,0.0,58.1,2,4829.592684954281
Plot  Area,Ready To Move,Uttarahalli,3 BHK,GrnSpce,1873.0,3.0,1.0,92.24,3,4924.7197010144155
Built-up  Area,Ready To Move,Uttarahalli,2 BHK,GrnSpce,1148.0,2.0,1.0,52.57,2,4579.268292682927
Plot  Area,Ready To Move,Uttarahalli,2 BHK,GrnSpce,1148.0,2.0,3.0,59.71,2,5201.219512195122
Built-up  Area,Ready To Move,Uttarahalli,1 BHK,GrnSpce,664.0,2.0,2.0,29.99,1,4516.566265060241
Built-up  Area,Ready To Move,Uttarahalli,2 BHK,GrnSpce,991.0,2.0,2.0,46.33,2,4675.075681130172
Super built-up  Area,Ready To Move,Uttarahalli,2 BHK,GrnSpce,979.0,2.0,3.0,44.78,2,4574.055158324822
Built-up  Area,Ready To Move,Uttarahalli,2 BHK,GrnSpce,1223.0,2.0,1.0,58.09,2,4749.795584627964
Super built-up  Area,Ready To Move,Uttarahalli,2 BHK,GrnSpce,1281.0,2.0,3.0,57.07,2,4455.113192818111
Super built-up  Area,Ready To Move,Uttarahalli,3 BHK,GrnSpce,1511.0,3.0,2.0,74.94,3,4959.629384513567
Super built-up  Area,Ready To Move,Uttarahalli,2 BHK,GrnSpce,952.0,2.0,1.0,47.53,2,4992.64705882353
Built-up  Area,Ready To Move,Uttarahalli,3 BHK,GrnSpce,1479.0,3.0,1.0,75.18,3,5083.16430020284
Plot  Area,Ready To Move,Uttarahalli,2 BHK,GrnSpce,930.0,2.0,3.0,45.17,2,4856.989247311828
Super built-up  Area,Ready To Move,Uttarahalli,3 BHK,GrnSpce,1956.0,3.0,0.0,94.99,3,4856.339468302658
Super built-up  Area,Ready To Move,Uttarahalli,2 BHK,GrnSpce,994.0,2.0,3.0,48.79,2,4908.450704225352
Plot  Area,Ready To Move,Uttarahalli,2 BHK,GrnSpce,1085.0,2.0,1.0,53.44,2,4925.345622119816
Super built-up  Area,Ready To Move,Uttarahalli,2 BHK,GrnSpce,1024.0,2.0,2.0,48.04,2,4691.40625
Built-up  Area,Ready To Move,Uttarahalli,2 BHK,GrnSpce,1227.0,2.0,3.0,58.75,2,4788.101059494703
Carpet  Area,Ready To Move,Uttarahalli,1 BHK,GrnSpce,504.0,1.0,3.0,23.98,1,4757.936507936508
Plot  Area,Ready To Move,Uttarahalli,4 BHK,GrnSpce,3110.0,4.0,0.0,134.8,4,4334.405144694534
Super built-up  Area,Ready To Move,Uttarahalli,2 BHK,GrnSpce,1132.0,2.0,2.0,53.94,2,4765.017667844523
Super built-up  Area,Ready To Move,Uttarahalli,3 BHK,GrnSpce,1499.0,3.0,1.0,71.29,3,4755.837224816545
Carpet  Area,Ready To Move,Uttarahalli,2 BHK,GrnSpce,945.0,3.0,3.0,47.57,2,5033.862433862434
Super built-up  Area,Ready To Move,Uttarahalli,5 BHK,GrnSpce,4606.0,5.0,2.0,215.32,5,4674.772036474164
Super built-up  Area,Ready To Move,Uttarahalli,2 BHK,GrnSpce,1114.0,2.0,3.0,49.37,2,4431.777378815081
Built-up  Area,Ready To Move,Uttarahalli,3 BHK,GrnSpce,1681.0,3.0,1.0,83.46,3,4964.901844140392
Super built-up  Area,Ready To Move,Uttarahalli,2 BHK,GrnSpce,1041.0,2.0,0.0,46.73,2,4488.95292987512
Built-up  Area,Ready To Move,Uttarahalli,2 BHK,GrnSpce,1075.0,2.0,3.0,48.78,2,4537.674418604651
Plot  Area,Ready To Move,Uttarahalli,3 BHK,GrnSpce,1999.0,3.0,1.0,98.93,3,4948.974487243622
Super built-up  Area,Ready To Move,Uttarahalli,2 BHK,GrnSpce,1260.0,2.0,1.0,62.28,2,4942.857142857143
Super built-up  Area,Ready To Move,Uttarahalli,3 BHK,GrnSpce,1429.0,3.0,2.0,66.51,3,4654.303708887334
Super built-up  Area,Ready To Move,Uttarahalli,4 BHK,GrnSpce,2512.0,4.0,0.0,112.36,4,4472.929936305733
Plot  Area,Ready To Move,Uttarahalli,3 BHK,GrnSpce,1996.0,4.0,3.0,88.64,3,4440.881763527054
Super built-up  Area,Ready To Move,Uttarahalli,2 BHK,GrnSpce,1179.0,2.0,1.0,58.62,2,4972.010178117049
Built-up  Area,Ready To Move,Uttarahalli,3 BHK,GrnSpce,1475.0,4.0,3.0,66.92,3,4536.949152542373
Plot  Area,Ready To Move,Uttarahalli,2 BHK,GrnSpce,1047.0,2.0,2.0,46.28,2,4420.248328557785
Built-up  Area,Ready To Move,Uttarahalli,3 BHK,GrnSpce,1769.0,3.0,1.0,88.12,3,4981.3453928773315
Carpet  Area,Ready To Move,Uttarahalli,3 BHK,GrnSpce,1789.0,3.0,3.0,81.43,3,4551.704863051985
Super built-up  Area,Ready To Move,Uttarahalli,2 BHK,GrnSpce,1003.0,3.0,3.0,48.51,2,4836.490528414755
Super built-up  Area,Ready To Move,Uttarahalli,3 BHK,GrnSpce,1481.0,4.0,0.0,76.02,3,5133.01823092505
Built-up  Area,Ready To Move,Uttarahalli,2 BHK,GrnSpce,1188.0,2.0,1.0,62.9,2,5294.6127946127945
Super built-up  Area,Ready To Move,Uttarahalli,1 BHK,GrnSpce,610.0,1.0,0.0,30.95,1,5073.770491803279
Plot  Area,Ready To Move,Uttarahalli,2 BHK,GrnSpce,1068.0,2.0,0.0,48.4,2,4531.835205992509
Plot  Area,Ready To Move,Uttarahalli,3 BHK,GrnSpce,1412.0,3.0,1.0,71.66,3,5075.070821529745
Super built-up  Area,Ready To Move,Uttarahalli,4 BHK,GrnSpce,2329.0,4.0,2.0,111.97,4,4807.6427651352515
Built-up  Area,Ready To Move,Uttarahalli,3 BHK,GrnSpce,1989.0,3.0,0.0,97.85,3,4919.55756661639
Super built-up  Area,Ready To Move,Uttarahalli,5 BHK,GrnSpce,3818.0,5.0,2.0,192.68,5,5046.621267679413
Built-up  Area,Ready To Move,Uttarahalli,3 BHK,GrnSpce,1467.0,3.0,1.0,69.1,3,4710.29311520109
Super built-up  Area,Ready To Move,Uttarahalli,2 BHK,GrnSpce,1035.0,2.0,3.0,50.8,2,4908.212560386473
Super built-up  Area,Ready To Move,Whitefield,3 BHK,GrnSpce,1915.0,3.0,0.0,134.61,3,7029.242819843343
Plot  Area,Ready To Move,Whitefield,2 BHK,GrnSpce,1240.0,3.0,2.0,88.45,2,7133.064516129032
Super built-up  Area,Ready To Move,Whitefield,3 BHK,GrnSpce,1653.0,3.0,0.0,118.58,3,7173.62371445856
Super built-up  Area,Ready To Move,Whitefield,3 BHK,GrnSpce,1842.0,3.0,2.0,118.98,3,6459.28338762215
Carpet  Area,Ready To Move,Whitefield,2 BHK,GrnSpce,1126.0,2.0,2.0,80.68,2,7165.1865008881
Super built-up  Area,Ready To Move,Whitefield,2 BHK,GrnSpce,1001.0,2.0,3.0,64.14,2,6407.592407592408
Plot  Area,Ready To Move,Whitefield,4 BHK,GrnSpce,2535.0,4.0,1.0,180.48,4,7119.526627218935
Super built-up  Area,Ready To Move,Whitefield,2 BHK,GrnSpce,1112.0,3.0,0.0,80.89,2,7274.280575539568
Super built-up  Area,Ready To Move,Whitefield,3 BHK,GrnSpce,1978.0,3.0,2.0,140.21,3,7088.4732052578365
Built-up  Area,Ready To Move,Whitefield,1 BHK,GrnSpce,575.0,1.0,3.0,42.83,1,7448.695652173913
Super built-up  Area,Ready To Move,Whitefield,3 BHK,GrnSpce,1934.0,3.0,3.0,124.28,3,6426.059979317477
Built-up  Area,Ready To Move,Whitefield,4 BHK,GrnSpce,3105.0,5.0,2.0,208.34,4,6709.822866344605
Super built-up  Area,Ready To Move,Whitefield,3 BHK,GrnSpce,1411.0,3.0,0.0,100.67,3,7134.656272147413
Super built-up  Area,Ready To Move,Whitefield,4 BHK,GrnSpce,2935.0,4.0,2.0,221.33,4,7541.056218057922
Super built-up  Area,Ready To Move,Whitefield,2 BHK,GrnSpce,1288.0,2.0,2.0,96.31,2,7477.484472049689
Super built-up  Area,Ready To Move,Whitefield,2 BHK,GrnSpce,1263.0,3.0,0.0,93.51,2,7403.800475059383
Super built-up  Area,Ready To Move,Whitefield,3 BHK,GrnSpce,1594.0,3.0,1.0,120.98,3,7589.711417816813
Plot  Area,Ready To Move,Whitefield,2 BHK,GrnSpce,903.0,2.0,1.0,63.62,2,7045.404208194906
Carpet  Area,Ready To Move,Whitefield,1 BHK,GrnSpce,566.0,2.0,3.0,39.83,1,7037.102473498233
Super built-up  Area,Ready To Move,Whitefield,2 BHK,GrnSpce,1233.0,2.0,3.0,85.15,2,6905.920519059206
Super built-up  Area,Ready To Move,Whitefield,1 BHK,GrnSpce,643.0,1.0,3.0,48.21,1,7497.667185069984
Super built-up  Area,Ready To Move,Whitefield,2 BHK,GrnSpce,1143.0,2.0,0.0,76.1,2,6657.917760279965
Super built-up  Area,Ready To Move,Whitefield,3 BHK,GrnSpce,1429.0,3.0,0.0,95.24,3,6664.800559832051
Super built-up  Area,Ready To Move,Whitefield,2 BHK,GrnSpce,928.0,2.0,3.0,62.04,2,6685.3448275862065
Super built-up  Area,Ready To Move,Whitefield,2 BHK,GrnSpce,1181.0,2.0,1.0,79.4,2,6723.116003386961
Super built-up  Area,Ready To Move,Whitefield,3 BHK,GrnSpce,1968.0,3.0,3.0,131.47,3,6680.386178861789
Plot  Area,Ready To Move,Whitefield,1 BHK,GrnSpce,509.0,1.0,3.0,34.44,1,6766.2082514734775
Plot  Area,Ready To Move,Whitefield,2 BHK,GrnSpce,1094.0,2.0,3.0,70.07,2,6404.9360146252275
Super built-up  Area,Ready To Move,Whitefield,2 BHK,GrnSpce,1052.0,2.0,3.0,67.95,2,6459.125475285171
Plot  Area,Ready To Move,Whitefield,3 BHK,GrnSpce,1423.0,4.0,2.0,102.24,3,7184.820801124385
Built-up  Area,Ready To Move,Whitefield,4 BHK,GrnSpce,3091.0,4.0,3.0,232.91,4,7535.101908767389
Super built-up  Area,Ready To Move,Whitefield,3 BHK,GrnSpce,1481.0,3.0,3.0,107.47,3,7256.58338960162
Plot  Area,Ready To Move,Whitefield,3 BHK,GrnSpce,1840.0,3.0,2.0,131.51,3,7147.282608695652
Plot  Area,Ready To Move,Whitefield,3 BHK,GrnSpce,1537.0,3.0,3.0,110.36,3,7180.2212101496425
Super built-up  Area,Ready To Move,Whitefield,2 BHK,GrnSpce,1191.0,2.0,1.0,80.31,2,6743.073047858942
Plot  Area,Ready To Move,Whitefield,3 BHK,GrnSpce,1591.0,3.0,2.0,104.83,3,6588.937774984287
Super built-up  Area,Ready To Move,Whitefield,2 BHK,GrnSpce,947.0,3.0,0.0,67.25,2,7101.372756071805
Built-up  Area,Ready To Move,Whitefield,2 BHK,GrnSpce,1060.0,2.0,1.0,76.08,2,7177.358490566037
Super built-up  Area,Ready To Move,Whitefield,1 BHK,GrnSpce,732.0,1.0,1.0,48.89,1,6678.96174863388
Super built-up  Area,Ready To Move,Whitefield,1 BHK,GrnSpce,733.0,1.0,0.0,55.65,1,7592.087312414734
Built-up  Area,Ready To Move,Whitefield,2 BHK,GrnSpce,1274.0,3.0,1.0,83.79,2,6576.923076923078
Built-up  Area,Ready To Move,Whitefield,2 BHK,GrnSpce,1297.0,3.0,3.0,95.29,2,7346.9545104086355
Super built-up  Area,Ready To Move,Whitefield,3 BHK,GrnSpce,1407.0,4.0,3.0,95.28,3,6771.855010660981
Super built-up  Area,Ready To Move,Whitefield,4 BHK,GrnSpce,2545.0,4.0,0.0,189.99,4,7465.225933202358
Super built-up  Area,Ready To Move,Whitefield,1 BHK,GrnSpce,627.0,1.0,1.0,46.22,1,7371.610845295056
Plot  Area,Ready To Move,Whitefield,2 BHK,GrnSpce,1122.0,2.0,0.0,80.13,2,7141.711229946524
Super built-up  Area,Ready To Move,Whitefield,3 BHK,GrnSpce,1869.0,3.0,0.0,140.02,3,7491.706795077583
Super built-up  Area,Ready To Move,Whitefield,4 BHK,GrnSpce,2872.0,5.0,0.0,190.67,4,6638.927576601672
Plot  Area,Ready To Move,Whitefield,2 BHK,GrnSpce,1269.0,2.0,3.0,85.46,2,6734.436564223798
Plot  Area,Ready To Move,Whitefield,3 BHK,GrnSpce,1842.0,3.0,3.0,123.44,3,6701.411509229099
Super built-up  Area,Ready To Move,Whitefield,2 BHK,GrnSpce,1297.0,3.0,3.0,91.11,2,7024.672320740169
Plot  Area,Ready To Move,Whitefield,2 BHK,GrnSpce,1070.0,2.0,2.0,68.89,2,6438.317757009346
Super built-up  Area,Ready To Move,Whitefield,3 BHK,GrnSpce,1821.0,3.0,1.0,124.5,3,6836.902800658979
Super built-up  Area,Ready To Move,Whitefield,3 BHK,GrnSpce,1861.0,3.0,3.0,136.59,3,7339.602364320258
Plot  Area,Ready To Move,Whitefield,3 BHK,GrnSpce,1470.0,3.0,2.0,103.54,3,7043.5374149659865
Super built-up  Area,Ready To Move,Whitefield,2 BHK,GrnSpce,948.0,2.0,0.0,63.84,2,6734.177215189873
Plot  Area,Ready To Move,Whitefield,2 BHK,GrnSpce,1143.0,2.0,2.0,77.7,2,6797.900262467191
Plot  Area,Ready To Move,Whitefield,4 BHK,GrnSpce,2242.0,4.0,1.0,170.71,4,7614.183764495986
Super built-up  Area,Ready To Move,Whitefield,3 BHK,GrnSpce,1781.0,3.0,1.0,116.91,3,6564.289724873666
Plot  Area,Ready To Move,Whitefield,2 BHK,GrnSpce,1285.0,2.0,3.0,85.37,2,6643.579766536965
Plot  Area,Ready To Move,Whitefield,4 BHK,GrnSpce,2996.0,4.0,1.0,193.35,4,6453.604806408544
Built-up  Area,Ready To Move,Whitefield,5 BHK,GrnSpce,4559.0,5.0,2.0,336.25,5,7375.520947576223
Plot  Area,Ready To Move,Whitefield,5 BHK,GrnSpce,3690.0,6.0,3.0,277.77,5,7527.642276422765
Plot  Area,Ready To Move,Whitefield,2 BHK,GrnSpce,1080.0,2.0,3.0,72.03,2,6669.444444444444
Built-up  Area,Ready To Move,Whitefield,3 BHK,GrnSpce,1709.0,4.0,3.0,120.9,3,7074.312463428906
Super built-up  Area,Ready To Move,Whitefield,2 BHK,GrnSpce,1250.0,2.0,3.0,86.35,2,6908.0
Plot  Area,Ready To Move,Whitefield,2 BHK,GrnSpce,1076.0,2.0,3.0,76.1,2,7072.4907063197015
Super built-up  Area,Ready To Move,Whitefield,3 BHK,GrnSpce,1767.0,3.0,3.0,127.2,3,7198.641765704584
Plot  Area,Ready To Move,Whitefield,2 BHK,GrnSpce,1151.0,2.0,2.0,83.11,2,7220.677671589921
Plot  Area,Ready To Move,Whitefield,2 BHK,GrnSpce,986.0,2.0,3.0,73.27,2,7431.0344827586205
Carpet  Area,Ready To Move,Whitefield,4 BHK,GrnSpce,2875.0,4.0,3.0,192.66,4,6701.217391304348
Super built-up  Area,Ready To Move,Whitefield,2 BHK,GrnSpce,1250.0,2.0,0.0,95.14,2,7611.2
Super built-up  Area,Ready To Move,Whitefield,3 BHK,GrnSpce,1541.0,3.0,0.0,103.78,3,6734.5879299156395
Super built-up  Area,Ready To Move,Whitefield,4 BHK,GrnSpce,2652.0,4.0,3.0,167.72,4,6324.283559577677
Built-up  Area,Ready To Move,Whitefield,3 BHK,GrnSpce,1491.0,3.0,3.0,98.54,3,6608.98725687458
Super built-up  Area,Ready To Move,Whitefield,2 BHK,GrnSpce,1031.0,2.0,2.0,66.67,2,6466.537342386033
Carpet  Area,Ready To Move,Whitefield,2 BHK,GrnSpce,962.0,2.0,3.0,70.89,2,7369.022869022869
Plot  Area,Ready To Move,Whitefield,1 BHK,GrnSpce,624.0,1.0,2.0,41.07,1,6581.7307692307695
Built-up  Area,Ready To Move,Whitefield,3 BHK,GrnSpce,1766.0,3.0,2.0,121.5,3,6879.95469988675
Super built-up  Area,Ready To Move,Whitefield,2 BHK,GrnSpce,1097.0,2.0,2.0,70.43,2,6420.237010027348
Super built-up  Area,Ready To Move,Whitefield,4 BHK,GrnSpce,2751.0,4.0,3.0,197.41,4,7175.9360232642675
Super built-up  Area,Ready To Move,Whitefield,2 BHK,GrnSpce,991.0,2.0,0.0,68.36,2,6898.082744702321
Carpet  Area,Ready To Move,Whitefield,2 BHK,GrnSpce,1297.0,2.0,3.0,92.08,2,7099.460292983808
Built-up  Area,Ready To Move,Whitefield,3 BHK,GrnSpce,1639.0,3.0,3.0,117.99,3,7198.901769371568
Super built-up  Area,Ready To Move,Whitefield,2 BHK,GrnSpce,1027.0,3.0,2.0,75.01,2,7303.797468354432
Super built-up  Area,Ready To Move,Whitefield,3 BHK,GrnSpce,1793.0,3.0,0.0,121.95,3,6801.450083658673
Super built-up  Area,Ready To Move,Whitefield,3 BHK,GrnSpce,1941.0,3.0,0.0,131.58,3,6778.979907264298
Super built-up  Area,Ready To Move,Whitefield,2 BHK,GrnSpce,1170.0,2.0,2.0,82.8,2,7076.923076923077
Super built-up  Area,Ready To Move,Whitefield,2 BHK,GrnSpce,1023.0,2.0,1.0,67.87,2,6634.408602150537
Built-up  Area,Ready To Move,Whitefield,2 BHK,GrnSpce,1208.0,3.0,2.0,89.24,2,7387.417218543046
Super built-up  Area,Ready To Move,Whitefield,2 BHK,GrnSpce,1168.0,2.0,2.0,87.67,2,7505.993150684932
Plot  Area,Ready To Move,Whitefield,3 BHK,GrnSpce,1456.0,3.0,3.0,96.94,3,6657.9670329670325
Super built-up  Area,Ready To Move,Whitefield,2 BHK,GrnSpce,1196.0,2.0,1.0,82.88,2,6929.765886287625
Super built-up  Area,Ready To Move,Whitefield,2 BHK,GrnSpce,938.0,2.0,3.0,65.5,2,6982.942430703625
Plot  Area,Ready To Move,Whitefield,3 BHK,GrnSpce,1428.0,4.0,2.0,107.47,3,7525.910364145659
Super built-up  Area,Ready To Move,Whitefield,3 BHK,GrnSpce,1748.0,3.0,2.0,115.46,3,6605.263157894737
Super built-up  Area,Ready To Move,Whitefield,2 BHK,GrnSpce,1059.0,3.0,1.0,74.71,2,7054.768649669499
Super built-up  Area,Ready To Move,Whitefield,2 BHK,GrnSpce,1099.0,2.0,1.0,83.54,2,7601.455868971793
Built-up  Area,Ready To Move,Whitefield,3 BHK,GrnSpce,1739.0,3.0,2.0,115.12,3,6619.896492236918
Built-up  Area,Ready To Move,Whitefield,2 BHK,GrnSpce,1231.0,2.0,3.0,88.11,2,7157.595450852965
Super built-up  Area,Ready To Move,Whitefield,3 BHK,GrnSpce,1701.0,3.0,2.0,116.79,3,6865.961199294533
Built-up  Area,Ready To Move,Whitefield,4 BHK,GrnSpce,2406.0,4.0,3.0,157.28,4,6536.990856192851
Super built-up  Area,Ready To Move,Yelahanka,3 BHK,GrnSpce,1773.0,3.0,3.0,92.57,3,5221.094190637338
Super built-up  Area,Ready To Move,Yelahanka,2 BHK,GrnSpce,901.0,2.0,0.0,44.33,2,4920.088790233074
Super built-up  Area,Ready To Move,Yelahanka,3 BHK,GrnSpce,1477.0,3.0,0.0,75.9,3,5138.7948544346655
Plot  Area,Ready To Move,Yelahanka,2 BHK,GrnSpce,1031.0,2.0,1.0,61.36,2,5951.503394762367
Built-up  Area,Ready To Move,Yelahanka,3 BHK,GrnSpce,1839.0,3.0,1.0,91.05,3,4951.0603588907015
Super built-up  Area,Ready To Move,Yelahanka,3 BHK,GrnSpce,1901.0,3.0,1.0,102.92,3,5413.992635455023
Super built-up  Area,Ready To Move,Yelahanka,1 BHK,GrnSpce,648.0,1.0,2.0,33.69,1,5199.074074074074
Plot  Area,Ready To Move,Yelahanka,3 BHK,GrnSpce,1473.0,3.0,0.0,82.28,3,5585.8791581805835
Super built-up  Area,Ready To Move,Yelahanka,3 BHK,GrnSpce,1781.0,3.0,0.0,102.15,3,5735.541830432341
Super built-up  Area,Ready To Move,Yelahanka,2 BHK,GrnSpce,974.0,3.0,2.0,51.09,2,5245.379876796715
Plot  Area,Ready To Move,Yelahanka,4 BHK,GrnSpce,2845.0,4.0,2.0,150.92,4,5304.745166959578
Plot  Area,Ready To Move,Yelahanka,4 BHK,GrnSpce,2651.0,4.0,0.0,136.93,4,5165.2206714447375
Built-up  Area,Ready To Move,Yelahanka,4 BHK,GrnSpce,3067.0,5.0,0.0,160.03,4,5217.80241278122
Super built-up  Area,Ready To Move,Yelahanka,2 BHK,GrnSpce,1070.0,2.0,2.0,58.85,2,5500.0
Super built-up  Area,Ready To Move,Yelahanka,2 BHK,GrnSpce,950.0,2.0,0.0,56.39,2,5935.789473684211
Super built-up  Area,Ready To Move,Yelahanka,2 BHK,GrnSpce,1213.0,2.0,1.0,65.18,2,5373.454245671888
Plot  Area,Ready To Move,Yelahanka,2 BHK,GrnSpce,1213.0,2.0,3.0,62.85,2,5181.368507831822
Super built-up  Area,Ready To Move,Yelahanka,5 BHK,GrnSpce,4636.0,6.0,3.0,272.88,5,5886.108714408973
Super built-up  Area,Ready To Move,Yelahanka,3 BHK,GrnSpce,1937.0,3.0,1.0,102.07,3,5269.4889003613835
Super built-up  Area,Ready To Move,Yelahanka,3 BHK,GrnSpce,1635.0,4.0,3.0,82.99,3,5075.840978593272
Super built-up  Area,Ready To Move,Yelahanka,3 BHK,GrnSpce,1632.0,3.0,3.0,95.76,3,5867.64705882353
Super built-up  Area,Ready To Move,Yelahanka,2 BHK,GrnSpce,1202.0,2.0,3.0,66.39,2,5523.294509151414
Super built-up  Area,Ready To Move,Yelahanka,3 BHK,GrnSpce,1680.0,3.0,3.0,84.95,3,5056.547619047619
Super built-up  Area,Ready To Move,Yelahanka,3 BHK,GrnSpce,1795.0,3.0,1.0,90.74,3,5055.153203342618
Super built-up  Area,Ready To Move,Yelahanka,3 BHK,GrnSpce,1675.0,3.0,0.0,97.03,3,5792.835820895522
Super built-up  Area,Ready To Move,Yelahanka,1 BHK,GrnSpce,512.0,1.0,0.0,30.32,1,5921.875
Super built-up  Area,Ready To Move,Yelahanka,4 BHK,GrnSpce,2577.0,5.0,2.0,144.68,4,5614.280170741172
Built-up  Area,Ready To Move,Yelahanka,3 BHK,GrnSpce,1717.0,3.0,3.0,96.53,3,5622.01514269074
Super built-up  Area,Ready To Move,Yelahanka,3 BHK,GrnSpce,1553.0,3.0,1.0,87.96,3,5663.876368319382
Super built-up  Area,Ready To Move,Yelahanka,2 BHK,GrnSpce,916.0,2.0,1.0,47.65,2,5201.965065502183
Super built-up  Area,Ready To Move,Yelahanka,2 BHK,GrnSpce,1184.0,2.0,2.0,65.66,2,5545.608108108108
Super built-up  Area,Ready To Move,Yelahanka,1 BHK,GrnSpce,700.0,2.0,0.0,37.21,1,5315.714285714285
Super built-up  Area,Ready To Move,Yelahanka,3 BHK,GrnSpce,1570.0,4.0,1.0,85.85,3,5468.152866242038
Super built-up  Area,Ready To Move,Yelahanka,2 BHK,GrnSpce,922.0,2.0,2.0,48.88,2,5301.5184381778745
Built-up  Area,Ready To Move,Yelahanka,3 BHK,GrnSpce,1531.0,3.0,2.0,89.96,3,5875.898105813194
Plot  Area,Ready To Move,Yelahanka,1 BHK,GrnSpce,611.0,2.0,0.0,33.37,1,5461.538461538461
Carpet  Area,Ready To Move,Yelahanka,3 BHK,GrnSpce,1844.0,3.0,2.0,103.36,3,5605.206073752712
Super built-up  Area,Ready To Move,Yelahanka,2 BHK,GrnSpce,1289.0,3.0,2.0,74.42,2,5773.467804499612
Super built-up  Area,Ready To Move,Yelahanka,2 BHK,GrnSpce,1280.0,3.0,0.0,64.41,2,5032.03125
Plot  Area,Ready To Move,Yelahanka,3 BHK,GrnSpce,1695.0,3.0,1.0,84.79,3,5002.3598820059
Plot  Area,Ready To Move,Yelahanka,1 BHK,GrnSpce,728.0,1.0,0.0,36.05,1,4951.923076923076
Super built-up  Area,Ready To Move,Yelahanka,2 BHK,GrnSpce,1296.0,2.0,3.0,71.2,2,5493.827160493827
Super built-up  Area,Ready To Move,Yelahanka,3 BHK,GrnSpce,1883.0,4.0,3.0,95.12,3,5051.513542219862
Built-up  Area,Ready To Move,Yelahanka,3 BHK,GrnSpce,1532.0,3.0,1.0,87.18,3,5690.600522193212
Built-up  Area,Ready To Move,Yelahanka,2 BHK,GrnSpce,922.0,2.0,2.0,45.86,2,4973.969631236442
Super built-up  Area,Ready To Move,Yelahanka,2 BHK,GrnSpce,927.0,2.0,3.0,48.62,2,5244.87594390507
Super built-up  Area,Ready To Move,Yelahanka,2 BHK,GrnSpce,1273.0,2.0,0.0,69.86,2,5487.824037706206
Plot  Area,Ready To Move,Yelahanka,3 BHK,GrnSpce,1807.0,4.0,1.0,99.85,3,5525.733259546209
Plot  Area,Ready To Move,Yelahanka,3 BHK,GrnSpce,1571.0,3.0,0.0,82.75,3,5267.345639719923
Super built-up  Area,Ready To Move,Yelahanka,4 BHK,GrnSpce,2548.0,4.0,0.0,139.16,4,5461.538461538462
Super built-up  Area,Ready To Move,Yelahanka,1 BHK,GrnSpce,682.0,1.0,2.0,39.91,1,5851.90615835777
Super built-up  Area,Ready To Move,Yelahanka,3 BHK,GrnSpce,1931.0,3.0,1.0,108.71,3,5629.725530813051
Super built-up  Area,Ready To Move,Yelahanka,3 BHK,GrnSpce,1703.0,4.0,1.0,90.19,3,5295.948326482678
Super built-up  Area,Ready To Move,Yelahanka,2 BHK,GrnSpce,1028.0,2.0,1.0,52.2,2,5077.821011673152
Super built-up  Area,Ready To Move,Yelahanka,5 BHK,GrnSpce,4730.0,5.0,1.0,266.2,5,5627.906976744186
Super built-up  Area,Ready To Move,Yelahanka,2 BHK,GrnSpce,943.0,3.0,2.0,53.92,2,5717.921527041357
Super built-up  Area,Ready To Move,Yelahanka,3 BHK,GrnSpce,1443.0,3.0,0.0,75.24,3,5214.137214137213
Super built-up  Area,Ready To Move,Yelahanka,3 BHK,GrnSpce,1465.0,3.0,2.0,85.85,3,5860.068259385665
Super built-up  Area,Ready To Move,Yelahanka,1 BHK,GrnSpce,610.0,1.0,0.0,29.71,1,4870.491803278688
Super built-up  Area,Ready To Move,Yelahanka,2 BHK,GrnSpce,1055.0,2.0,3.0,61.58,2,5836.96682464455
Plot  Area,Ready To Move,Yelahanka,2 BHK,GrnSpce,1113.0,2.0,2.0,63.45,2,5700.808625336927
Super built-up  Area,Ready To Move,Yelahanka,1 BHK,GrnSpce,667.0,2.0,2.0,36.07,1,5407.796101949026
Super built-up  Area,Ready To Move,Yelahanka,1 BHK,GrnSpce,625.0,1.0,0.0,33.9,1,5424.0
Built-up  Area,Ready To Move,Yelahanka,2 BHK,GrnSpce,1247.0,2.0,0.0,66.58,2,5339.214113873296
Super built-up  Area,Ready To Move,Yelahanka,2 BHK,GrnSpce,993.0,2.0,3.0,56.83,2,5723.061430010071
Plot  Area,Ready To Move,Yelahanka,3 BHK,GrnSpce,1510.0,4.0,3.0,78.47,3,5196.688741721854
Super built-up  Area,Ready To Move,Yelahanka,2 BHK,GrnSpce,1194.0,3.0,3.0,71.28,2,5969.849246231156
Super built-up  Area,Ready To Move,Yelahanka,2 BHK,GrnSpce,1238.0,2.0,2.0,60.26,2,4867.528271405493
Built-up  Area,Ready To Move,Yelahanka,2 BHK,GrnSpce,1202.0,2.0,1.0,63.47,2,5280.366056572379
Super built-up  Area,Ready To Move,Yelahanka,3 BHK,GrnSpce,1461.0,4.0,3.0,78.29,3,5358.658453114306
Super built-up  Area,Ready To Move,Yelahanka,2 BHK,GrnSpce,1223.0,3.0,1.0,65.99,2,5395.748160261651
Built-up  Area,Ready To Move,Yelahanka,2 BHK,GrnSpce,989.0,2.0,1.0,51.21,2,5177.9575328614765
Super built-up  Area,Ready To Move,Yelahanka,4 BHK,GrnSpce,2591.0,4.0,1.0,127.04,4,4903.126206098032
Super built-up  Area,Ready To Move,Yelahanka,3 BHK,GrnSpce,1631.0,4.0,1.0,94.79,3,5811.771919068056
Super built-up  Area,Ready To Move,Yelahanka,3 BHK,GrnSpce,1593.0,3.0,2.0,84.97,3,5333.961079723792
Plot  Area,Ready To Move,Yelahanka,2 BHK,GrnSpce,1201.0,2.0,2.0,60.44,2,5032.4729392173185
Super built-up  Area,Ready To Move,Yelahanka,2 BHK,GrnSpce,1166.0,3.0,1.0,64.34,2,5518.0102915951975
Super built-up  Area,Ready To Move,Yelahanka,2 BHK,GrnSpce,1185.0,2.0,2.0,66.74,2,5632.0675105485225
Plot  Area,Ready To Move,Yelahanka,3 BHK,GrnSpce,1947.0,3.0,3.0,105.76,3,5431.946584488957
