area_type,availability,location,size,society,total_sqft,bath,balcony,price
Super built-up  Area,Ready To Move,Thanisandra,3 BHK,GrnSpce,1420,3.0,3.0,85.98
Plot  Area,Ready To Move,Hebbal,2 BHK,GrnSpce,1157,2.0,0.0,96.04
Super built-up  Area,Ready To Move,Kanakapura Road,1 BHK,GrnSpce,703,2.0,0.0,40.86
Super built-up  Area,Ready To Move,KR Puram,2 BHK,GrnSpce,950,2.0,1.0,45.47
Built-up  Area,Ready To Move,Kaggadasapura,3 BHK,GrnSpce,1420,3.0,2.0,71.67
Super built-up  Area,Ready To Move,Koramangala,3 BHK,GrnSpce,1739,3.0,0.0,234.06
Plot  Area,Ready To Move,Thanisandra,3 BHK,GrnSpce,1605,4.0,2.0,87.64
Built-up  Area,Ready To Move,Kanakapura Road,2 BHK,GrnSpce,1090,2.0,0.0,60.63
Super built-up  Area,Ready To Move,Malleshwaram,4 BHK,GrnSpce,3062,5.0,1.0,330.36
Carpet  Area,Ready To Move,Indiranagar,2 BHK,GrnSpce,1244,3.0,0.0,146.59
Plot  Area,Ready To Move,Whitefield,2 BHK,GrnSpce,980,2.0,2.0,74.98
Plot  Area,Ready To Move,HSR Layout,2 BHK,GrnSpce,1100,2.0,2.0,117.46
Super built-up  Area,Ready To Move,Electronic City,1 BHK,GrnSpce,715,1.0,1.0,35.23
Plot  Area,Ready To Move,Sarjapur Road,2 BHK,GrnSpce,1030,2.0,1.0,78.51
Super built-up  Area,Ready To Move,Koramangala,2 BHK,GrnSpce,1245,2.0,2.0,169.54
Plot  Area,Ready To Move,Hebbal,4 BHK,GrnSpce,2854,4.0,0.0,235.34
Super built-up  Area,Ready To Move,Hebbal,4 BHK,GrnSpce,2285,4.0,2.0,199.92
Built-up  Area,Ready To Move,Kanakapura Road,2 BHK,GrnSpce,1185,2.0,3.0,74.89
Super built-up  Area,Ready To Move,Thanisandra,4 BHK,GrnSpce,3157,4.0,2.0,178.7
Super built-up  Area,Ready To Move,Yelahanka,3 BHK,GrnSpce,1773,3.0,3.0,92.57
Plot  Area,Ready To Move,Bannerghatta Road,2 BHK,GrnSpce,951,2.0,1.0,65.84
Super built-up  Area,Ready To Move,Yelahanka,2 BHK,GrnSpce,901,2.0,0.0,44.33
Super built-up  Area,Ready To Move,Yelahanka,2 BHK,GrnSpce,1029,2.0,1.0,42.45
Super built-up  Area,Ready To Move,Hebbal,1 BHK,GrnSpce,537,1.0,0.0,52.4
Super built-up  Area,Ready To Move,Kaggadasapura,5 BHK,GrnSpce,4251,5.0,2.0,211.26
Super built-up  Area,Ready To Move,KR Puram,1 BHK,GrnSpce,663,1.0,2.0,34.4
Built-up  Area,Ready To Move,Sarjapur Road,3 BHK,GrnSpce,1888,3.0,2.0,111.44
Super built-up  Area,Ready To Move,Whitefield,3 BHK,GrnSpce,1550,3.0,1.0,125.32
Super built-up  Area,Ready To Move,HSR Layout,2 BHK,GrnSpce,1011,2.0,1.0,114.89
Super built-up  Area,Ready To Move,KR Puram,4 BHK,GrnSpce,2208,4.0,3.0,138.43
Super built-up  Area,Ready To Move,Electronic City Phase II,3 BHK,GrnSpce,1453,4.0,3.0,66.34
Super built-up  Area,Ready To Move,Marathahalli,3 BHK,GrnSpce,1626,3.0,1.0,124.02
Carpet  Area,Ready To Move,Sarjapur Road,4 BHK,GrnSpce,2537,4.0,1.0,117.42
Plot  Area,Ready To Move,Hebbal,3 BHK,GrnSpce,1903,3.0,0.0,148.76
Super built-up  Area,Ready To Move,Thanisandra,3 BHK,GrnSpce,1859,3.0,3.0,141.46
Super built-up  Area,Ready To Move,Kanakapura Road,4 BHK,GrnSpce,2482,4.0,3.0,146.07
Super built-up  Area,Ready To Move,Whitefield,3 BHK,GrnSpce,1915,3.0,0.0,134.61
Built-up  Area,Ready To Move,Koramangala,4 BHK,GrnSpce,2236,4.0,0.0,297.72
Built-up  Area,Ready To Move,Uttarahalli,3 BHK,GrnSpce,1515,3.0,3.0,66.56
Plot  Area,Ready To Move,Sarjapur Road,2 BHK,GrnSpce,953,2.0,2.0,52.56
Super built-up  Area,Ready To Move,Marathahalli,1 BHK,GrnSpce,585,1.0,2.0,34.59
Super built-up  Area,Ready To Move,Uttarahalli,3 BHK,GrnSpce,1575,3.0,1.0,69.92
Super built-up  Area,Ready To Move,HSR Layout,3 BHK,GrnSpce,1807,4.0,0.0,181.13
Super built-up  Area,Ready To Move,Indiranagar,2 BHK,GrnSpce,1299,2.0,1.0,197.72
Super built-up  Area,Ready To Move,Electronic City Phase II,2 BHK,GrnSpce,1187,2.0,1.0,48.56
Super built-up  Area,Ready To Move,Uttarahalli,1 BHK,GrnSpce,734,2.0,1.0,35.52
Super built-up  Area,Ready To Move,Whitefield,3 BHK,GrnSpce,1404,3.0,3.0,110.18
Carpet  Area,Ready To Move,Bellandur,3 BHK,GrnSpce,1668,3.0,3.0,123.21
Super built-up  Area,Ready To Move,HSR Layout,2 BHK,GrnSpce,1174,2.0,2.0,108.1
Super built-up  Area,Ready To Move,Bannerghatta Road,3 BHK,GrnSpce,1912,3.0,1.0,120.96
Super built-up  Area,Ready To Move,KR Puram,2 BHK,GrnSpce,1171,3.0,0.0,71.05
Super built-up  Area,Ready To Move,Sarjapur Road,2 BHK,GrnSpce,985,2.0,0.0,65.48
Super built-up  Area,Ready To Move,Koramangala,1 BHK,GrnSpce,737,1.0,1.0,94.03
Super built-up  Area,Ready To Move,Yelahanka,2 BHK,GrnSpce,999,2.0,0.0,60.97
Built-up  Area,Ready To Move,HSR Layout,3 BHK,GrnSpce,1724,3.0,0.0,189.17
Super built-up  Area,Ready To Move,Electronic City,1 BHK,GrnSpce,583,1.0,2.0,30.29
Carpet  Area,Ready To Move,Bisuvanahalli,3 BHK,GrnSpce,1826,3.0,0.0,71.93
Super built-up  Area,Ready To Move,HSR Layout,2 BHK,GrnSpce,994,2.0,3.0,105.25
Plot  Area,Ready To Move,Electronic City Phase II,3 BHK,GrnSpce,1817,3.0,1.0,77.91
Carpet  Area,Ready To Move,Bisuvanahalli,3 BHK,GrnSpce,1676,4.0,3.0,55.53
Super built-up  Area,Ready To Move,Hebbal,2 BHK,GrnSpce,1126,2.0,3.0,95.51
Super built-up  Area,Ready To Move,Thanisandra,3 BHK,GrnSpce,1436,4.0,3.0,90.08
Super built-up  Area,Ready To Move,Indiranagar,3 BHK,GrnSpce,1672,3.0,1.0,226.45
Built-up  Area,Ready To Move,Indiranagar,3 BHK,GrnSpce,1844,3.0,3.0,342.16
Super built-up  Area,Ready To Move,Malleshwaram,2 BHK,GrnSpce,1283,3.0,2.0,133.29
Plot  Area,Ready To Move,Yelahanka,2 BHK,GrnSpce,952,2.0,2.0,34.75
Built-up  Area,Ready To Move,Thanisandra,1 BHK,GrnSpce,641,1.0,2.0,31.44
Built-up  Area,Ready To Move,Rajaji Nagar,3 BHK,GrnSpce,1473,4.0,0.0,199.39
Super built-up  Area,Ready To Move,Uttarahalli,2 BHK,GrnSpce,1067,2.0,0.0,48.8
Super built-up  Area,Ready To Move,Electronic City Phase II,3 BHK,GrnSpce,1899,4.0,1.0,83.55
Built-up  Area,Ready To Move,Thanisandra,5 BHK,GrnSpce,4775,5.0,1.0,235.74
Super built-up  Area,Ready To Move,Thanisandra,2 BHK,GrnSpce,1119,2.0,1.0,80.27
Super built-up  Area,Ready To Move,Kaggadasapura,2 BHK,GrnSpce,900,2.0,0.0,41.63
Built-up  Area,Ready To Move,Uttarahalli,1 BHK,GrnSpce,633,1.0,0.0,32.7
Super built-up  Area,Ready To Move,Indiranagar,4 BHK,GrnSpce,2279,4.0,0.0,326.21
Super built-up  Area,Ready To Move,Sarjapur Road,3 BHK,GrnSpce,1632,3.0,2.0,106.21
Plot  Area,Ready To Move,Bellandur,2 BHK,GrnSpce,1158,2.0,1.0,85.89
Super built-up  Area,Ready To Move,Marathahalli,2 BHK,GrnSpce,1085,2.0,3.0,80.98
Built-up  Area,Ready To Move,Yelahanka,4 BHK,GrnSpce,3158,5.0,1.0,140.47
Built-up  Area,Ready To Move,KR Puram,2 BHK,GrnSpce,1289,3.0,0.0,66.79
Super built-up  Area,Ready To Move,Yelahanka,3 BHK,GrnSpce,1641,3.0,3.0,79.14
Plot  Area,Ready To Move,Whitefield,2 BHK,GrnSpce,1240,3.0,2.0,88.45
Built-up  Area,Ready To Move,Uttarahalli,3 BHK,GrnSpce,1910,3.0,2.0,90.68
Plot  Area,Ready To Move,Uttarahalli,2 BHK,GrnSpce,922,2.0,2.0,44.01
Super built-up  Area,Ready To Move,Yelahanka,3 BHK,GrnSpce,1477,3.0,0.0,75.9
Super built-up  Area,Ready To Move,Hebbal,2 BHK,GrnSpce,933,2.0,3.0,73.13
Built-up  Area,Ready To Move,Marathahalli,1 BHK,GrnSpce,617,1.0,1.0,39.78
Super built-up  Area,Ready To Move,Malleshwaram,3 BHK,GrnSpce,1800,4.0,0.0,235.29
Plot  Area,Ready To Move,Bellandur,2 BHK,GrnSpce,965,2.0,1.0,73.85
Super built-up  Area,Ready To Move,Bisuvanahalli,2 BHK,GrnSpce,1207,2.0,2.0,48.52
Super built-up  Area,Ready To Move,Whitefield,3 BHK,GrnSpce,1505,3.0,2.0,87.4
Super built-up  Area,Ready To Move,Electronic City,3 BHK,GrnSpce,1442,3.0,1.0,64.53
Super built-up  Area,Ready To Move,Electronic City Phase II,2 BHK,GrnSpce,994,2.0,3.0,49.63
Plot  Area,Ready To Move,Hebbal,2 BHK,GrnSpce,1054,3.0,2.0,82.31
Super built-up  Area,Ready To Move,Bisuvanahalli,3 BHK,GrnSpce,1404,3.0,0.0,48.97
Super built-up  Area,Ready To Move,Kanakapura Road,2 BHK,GrnSpce,945,2.0,1.0,47.68
Super built-up  Area,Ready To Move,Koramangala,2 BHK,GrnSpce,1148,2.0,1.0,185.42
Built-up  Area,Ready To Move,Rajaji Nagar,4 BHK,GrnSpce,3003,4.0,1.0,338.53
Super built-up  Area,Ready To Move,Uttarahalli,3 BHK,GrnSpce,1455,4.0,2.0,86.42
Plot  Area,Ready To Move,Electronic City,3 BHK,GrnSpce,1406,3.0,3.0,61.3
Super built-up  Area,Ready To Move,Koramangala,3 BHK,GrnSpce,1905,3.0,1.0,227.09
Super built-up  Area,Ready To Move,Yelahanka,2 BHK,GrnSpce,1130,2.0,0.0,51.84
Super built-up  Area,Ready To Move,Malleshwaram,2 BHK,GrnSpce,967,2.0,0.0,131.63
Super built-up  Area,Ready To Move,Hebbal,2 BHK,GrnSpce,1268,2.0,3.0,93.69
Carpet  Area,Ready To Move,HSR Layout,2 BHK,GrnSpce,1219,2.0,1.0,98.57
Super built-up  Area,Ready To Move,Yelahanka,4 BHK,GrnSpce,2909,4.0,0.0,175.06
Super built-up  Area,Ready To Move,KR Puram,2 BHK,GrnSpce,1249,2.0,1.0,62.75
Built-up  Area,Ready To Move,Hebbal,5 BHK,GrnSpce,3574,6.0,3.0,278.55
Super built-up  Area,Ready To Move,Kanakapura Road,4 BHK,GrnSpce,3146,4.0,1.0,192.8
Plot  Area,Ready To Move,Electronic City Phase II,3 BHK,GrnSpce,1517,3.0,1.0,70.66
Super built-up  Area,Ready To Move,Kaggadasapura,2 BHK,GrnSpce,900,2.0,2.0,39.67
Super built-up  Area,Ready To Move,Rajaji Nagar,4 BHK,GrnSpce,2872,4.0,2.0,356.63
Super built-up  Area,Ready To Move,HSR Layout,2 BHK,GrnSpce,912,2.0,1.0,85.89
Super built-up  Area,Ready To Move,Bannerghatta Road,3 BHK,GrnSpce,1949,3.0,3.0,127.99
Built-up  Area,Ready To Move,Uttarahalli,3 BHK,GrnSpce,1733,3.0,1.0,78.95
Super built-up  Area,Ready To Move,Marathahalli,3 BHK,GrnSpce,1690,3.0,3.0,100.65
Plot  Area,Ready To Move,Yelahanka,2 BHK,GrnSpce,1031,2.0,1.0,61.36
Super built-up  Area,Ready To Move,Marathahalli,2 BHK,GrnSpce,1024,2.0,2.0,57.74
Super built-up  Area,Ready To Move,Bellandur,3 BHK,GrnSpce,1902,3.0,2.0,131.99
Super built-up  Area,Ready To Move,Thanisandra,2 BHK,GrnSpce,1078,3.0,2.0,67.2
Super built-up  Area,Ready To Move,Kaggadasapura,3 BHK,GrnSpce,1877,3.0,3.0,99.38
Super built-up  Area,Ready To Move,Whitefield,3 BHK,GrnSpce,1653,3.0,0.0,118.58
Super built-up  Area,Ready To Move,Electronic City,3 BHK,GrnSpce,1517,4.0,0.0,77.05
Super built-up  Area,Ready To Move,Bellandur,2 BHK,GrnSpce,994,2.0,2.0,71.24
Super built-up  Area,Ready To Move,Hebbal,2 BHK,GrnSpce,1047,2.0,0.0,73.17
Plot  Area,Ready To Move,Koramangala,3 BHK,GrnSpce,1609,4.0,3.0,249.71
Super built-up  Area,Ready To Move,Bellandur,3 BHK,GrnSpce,1755,3.0,3.0,123.69
Super built-up  Area,Ready To Move,Electronic City Phase II,3 BHK,GrnSpce,1806,4.0,1.0,87.77
Super built-up  Area,Ready To Move,Yelahanka,5 BHK,GrnSpce,4482,6.0,1.0,309.09
Plot  Area,Ready To Move,Bannerghatta Road,3 BHK,GrnSpce,1516,3.0,0.0,102.11
Plot  Area,Ready To Move,Sarjapur Road,2 BHK,GrnSpce,1193,2.0,2.0,67.54
Super built-up  Area,Ready To Move,Uttarahalli,3 BHK,GrnSpce,1578,3.0,2.0,65.93
Super built-up  Area,Ready To Move,Thanisandra,2 BHK,GrnSpce,1076,2.0,0.0,61.92
Super built-up  Area,Ready To Move,Bisuvanahalli,3 BHK,GrnSpce,1760,3.0,3.0,76.78
Super built-up  Area,Ready To Move,Marathahalli,2 BHK,GrnSpce,1114,2.0,0.0,85.98
Super built-up  Area,Ready To Move,Uttarahalli,1 BHK,GrnSpce,518,1.0,3.0,24.04
Super built-up  Area,Ready To Move,Koramangala,3 BHK,GrnSpce,1512,3.0,1.0,229.56
Super built-up  Area,Ready To Move,Whitefield,2 BHK,GrnSpce,1187,2.0,2.0,65.86
Plot  Area,Ready To Move,Electronic City Phase II,3 BHK,GrnSpce,1454,3.0,2.0,65.56
Super built-up  Area,Ready To Move,Whitefield,3 BHK,GrnSpce,1842,3.0,2.0,118.98
Super built-up  Area,Ready To Move,Marathahalli,2 BHK,GrnSpce,950,2.0,2.0,56.71
Built-up  Area,Ready To Move,Koramangala,3 BHK,GrnSpce,1851,4.0,3.0,267.7
Built-up  Area,Ready To Move,Koramangala,2 BHK,GrnSpce,1229,3.0,2.0,138.21
Super built-up  Area,Ready To Move,Bellandur,3 BHK,GrnSpce,1785,3.0,2.0,157.5
Carpet  Area,Ready To Move,Malleshwaram,3 BHK,GrnSpce,1625,3.0,3.0,187.84
Built-up  Area,Ready To Move,Malleshwaram,2 BHK,GrnSpce,958,3.0,3.0,120.39
Super built-up  Area,Ready To Move,Uttarahalli,2 BHK,GrnSpce,939,2.0,0.0,41.49
Plot  Area,Ready To Move,Rajaji Nagar,2 BHK,GrnSpce,1008,2.0,0.0,134.71
Super built-up  Area,Ready To Move,Yelahanka,1 BHK,GrnSpce,541,2.0,0.0,24.91
Super built-up  Area,Ready To Move,Kanakapura Road,3 BHK,GrnSpce,1741,3.0,1.0,106.55
Super built-up  Area,Ready To Move,Kanakapura Road,3 BHK,GrnSpce,1854,3.0,0.0,120.29
Super built-up  Area,Ready To Move,Koramangala,1 BHK,GrnSpce,692,1.0,2.0,95.82
Plot  Area,Ready To Move,Hebbal,3 BHK,GrnSpce,1695,3.0,2.0,155.95
Plot  Area,Ready To Move,Marathahalli,3 BHK,GrnSpce,1805,3.0,2.0,121.21
Carpet  Area,Ready To Move,Whitefield,2 BHK,GrnSpce,1126,2.0,2.0,80.68
Super built-up  Area,Ready To Move,Rajaji Nagar,2 BHK,GrnSpce,972,2.0,0.0,114.38
Super built-up  Area,Ready To Move,Uttarahalli,2 BHK,GrnSpce,941,2.0,3.0,41.57
Super built-up  Area,Ready To Move,Malleshwaram,3 BHK,GrnSpce,1923,3.0,1.0,229.01
Super built-up  Area,Ready To Move,Malleshwaram,3 BHK,GrnSpce,1729,4.0,0.0,211.99
Plot  Area,Ready To Move,KR Puram,3 BHK,GrnSpce,1480,3.0,0.0,88.4
Super built-up  Area,Ready To Move,KR Puram,3 BHK,GrnSpce,1667,3.0,0.0,86.93
Built-up  Area,Ready To Move,Thanisandra,1 BHK,GrnSpce,614,1.0,0.0,38.86
Built-up  Area,Ready To Move,Bisuvanahalli,2 BHK,GrnSpce,1271,2.0,2.0,48.47
Super built-up  Area,Ready To Move,Uttarahalli,3 BHK,GrnSpce,1587,3.0,3.0,82.93
Super built-up  Area,Ready To Move,Sarjapur Road,3 BHK,GrnSpce,1763,3.0,2.0,129.88
Super built-up  Area,Ready To Move,Indiranagar,3 BHK,GrnSpce,1507,4.0,1.0,217.69
Super built-up  Area,Ready To Move,Sarjapur Road,3 BHK,GrnSpce,1540,3.0,2.0,106.52
Super built-up  Area,Ready To Move,Koramangala,2 BHK,GrnSpce,1217,2.0,0.0,161.47
Super built-up  Area,Ready To Move,KR Puram,3 BHK,GrnSpce,1758,4.0,1.0,103.17
Super built-up  Area,Ready To Move,Indiranagar,2 BHK,GrnSpce,1045,2.0,3.0,148.76
Super built-up  Area,Ready To Move,KR Puram,1 BHK,GrnSpce,642,2.0,0.0,37.08
Built-up  Area,Ready To Move,Yelahanka,3 BHK,GrnSpce,1839,3.0,1.0,91.05
Built-up  Area,Ready To Move,Rajaji Nagar,4 BHK,GrnSpce,2763,5.0,2.0,313.0
Super built-up  Area,Ready To Move,Electronic City Phase II,2 BHK,GrnSpce,1212,2.0,1.0,48.68
Super built-up  Area,Ready To Move,Uttarahalli,4 BHK,GrnSpce,2972,5.0,0.0,124.84
Plot  Area,Ready To Move,Kaggadasapura,5 BHK,GrnSpce,3918,5.0,1.0,215.38
Super built-up  Area,Ready To Move,Uttarahalli,2 BHK,GrnSpce,1168,3.0,1.0,57.2
Super built-up  Area,Ready To Move,Koramangala,3 BHK,GrnSpce,1722,3.0,3.0,197.23
Plot  Area,Ready To Move,Bannerghatta Road,1 BHK,GrnSpce,508,2.0,1.0,34.16
Plot  Area,Ready To Move,Electronic City,2 BHK,GrnSpce,1150,2.0,3.0,50.71
Super built-up  Area,Ready To Move,Bisuvanahalli,1 BHK,GrnSpce,527,1.0,0.0,13.74
Plot  Area,Ready To Move,Sarjapur Road,2 BHK,GrnSpce,1136,2.0,2.0,67.41
Super built-up  Area,Ready To Move,Electronic City Phase II,3 BHK,GrnSpce,1970,3.0,2.0,80.78
Built-up  Area,Ready To Move,HSR Layout,2 BHK,GrnSpce,906,2.0,3.0,81.99
Plot  Area,Ready To Move,Indiranagar,3 BHK,GrnSpce,1825,3.0,2.0,246.04
Super built-up  Area,Ready To Move,Bisuvanahalli,3 BHK,GrnSpce,1923,4.0,0.0,70.51
Super built-up  Area,Ready To Move,Indiranagar,3 BHK,GrnSpce,1759,4.0,0.0,264.81
Super built-up  Area,Ready To Move,Sarjapur Road,2 BHK,GrnSpce,973,2.0,2.0,54.71
Super built-up  Area,Ready To Move,Electronic City,2 BHK,GrnSpce,936,2.0,1.0,40.24
Plot  Area,Ready To Move,Uttarahalli,3 BHK,GrnSpce,1421,3.0,1.0,69.53
Super built-up  Area,Ready To Move,Bisuvanahalli,3 BHK,GrnSpce,1626,4.0,0.0,53.95
Super built-up  Area,Ready To Move,Whitefield,2 BHK,GrnSpce,957,2.0,2.0,76.25
Plot  Area,Ready To Move,Electronic City,2 BHK,GrnSpce,998,3.0,0.0,39.39
Plot  Area,Ready To Move,Rajaji Nagar,2 BHK,GrnSpce,983,2.0,1.0,111.04
Plot  Area,Ready To Move,Sarjapur Road,4 BHK,GrnSpce,3188,4.0,3.0,204.85
Super built-up  Area,Ready To Move,Kanakapura Road,3 BHK,GrnSpce,1656,3.0,2.0,102.13
Super built-up  Area,Ready To Move,Kanakapura Road,2 BHK,GrnSpce,1180,2.0,3.0,71.88
Super built-up  Area,Ready To Move,Marathahalli,2 BHK,GrnSpce,1208,2.0,0.0,96.28
Super built-up  Area,Ready To Move,Koramangala,2 BHK,GrnSpce,1080,2.0,0.0,143.44
Super built-up  Area,Ready To Move,Thanisandra,2 BHK,GrnSpce,908,2.0,3.0,48.75
Super built-up  Area,Ready To Move,Electronic City,3 BHK,GrnSpce,1471,3.0,0.0,79.19
Built-up  Area,Ready To Move,Bellandur,3 BHK,GrnSpce,1501,3.0,0.0,108.24
Plot  Area,Ready To Move,Rajaji Nagar,2 BHK,GrnSpce,975,2.0,0.0,139.06
Super built-up  Area,Ready To Move,HSR Layout,3 BHK,GrnSpce,1401,4.0,0.0,139.78
Super built-up  Area,Ready To Move,Bannerghatta Road,2 BHK,GrnSpce,1053,2.0,3.0,60.64
Super built-up  Area,Ready To Move,Koramangala,3 BHK,GrnSpce,1827,4.0,1.0,239.71
Super built-up  Area,Ready To Move,Rajaji Nagar,2 BHK,GrnSpce,1161,3.0,0.0,153.22
Super built-up  Area,Ready To Move,Malleshwaram,3 BHK,GrnSpce,1483,3.0,1.0,205.08
Super built-up  Area,Ready To Move,Thanisandra,3 BHK,GrnSpce,1713,3.0,1.0,105.14
Plot  Area,Ready To Move,HSR Layout,2 BHK,GrnSpce,986,2.0,3.0,113.38
Super built-up  Area,Ready To Move,Indiranagar,3 BHK,GrnSpce,1755,3.0,1.0,259.73
Super built-up  Area,Ready To Move,Electronic City Phase II,2 BHK,GrnSpce,1049,2.0,2.0,46.8
Super built-up  Area,Ready To Move,Bannerghatta Road,2 BHK,GrnSpce,934,2.0,2.0,57.31
Super built-up  Area,Ready To Move,Thanisandra,2 BHK,GrnSpce,923,3.0,2.0,49.15
Super built-up  Area,Ready To Move,Hebbal,3 BHK,GrnSpce,1551,3.0,3.0,144.39
Plot  Area,Ready To Move,Electronic City,2 BHK,GrnSpce,1161,3.0,1.0,67.64
Super built-up  Area,Ready To Move,Electronic City Phase II,3 BHK,GrnSpce,1636,4.0,3.0,79.12
Carpet  Area,Ready To Move,Marathahalli,2 BHK,GrnSpce,913,2.0,1.0,61.3
Super built-up  Area,Ready To Move,Yelahanka,3 BHK,GrnSpce,1901,3.0,1.0,102.92
Super built-up  Area,Ready To Move,Kaggadasapura,3 BHK,GrnSpce,1427,3.0,2.0,82.09
Super built-up  Area,Ready To Move,Yelahanka,1 BHK,GrnSpce,683,1.0,3.0,32.28
Super built-up  Area,Ready To Move,HSR Layout,1 BHK,GrnSpce,592,1.0,1.0,55.93
Super built-up  Area,Ready To Move,Bannerghatta Road,2 BHK,GrnSpce,900,2.0,2.0,53.33
Built-up  Area,Ready To Move,Rajaji Nagar,3 BHK,GrnSpce,1704,3.0,0.0,170.39
Carpet  Area,Ready To Move,Malleshwaram,2 BHK,GrnSpce,1007,3.0,1.0,114.6
Super built-up  Area,Ready To Move,Bannerghatta Road,2 BHK,GrnSpce,900,3.0,0.0,57.85
Super built-up  Area,Ready To Move,Kanakapura Road,2 BHK,GrnSpce,1078,2.0,0.0,68.25
Super built-up  Area,Ready To Move,Bellandur,2 BHK,GrnSpce,1239,2.0,1.0,96.14
Plot  Area,Ready To Move,Indiranagar,2 BHK,GrnSpce,1274,3.0,3.0,171.33
Built-up  Area,Ready To Move,Kanakapura Road,3 BHK,GrnSpce,1592,3.0,1.0,88.39
Super built-up  Area,Ready To Move,Rajaji Nagar,3 BHK,GrnSpce,1937,3.0,0.0,227.23
Built-up  Area,Ready To Move,Marathahalli,3 BHK,GrnSpce,1546,4.0,0.0,116.17
Super built-up  Area,Ready To Move,Koramangala,2 BHK,GrnSpce,1119,2.0,1.0,156.24
Super built-up  Area,Ready To Move,Whitefield,2 BHK,GrnSpce,1144,3.0,0.0,71.18
Plot  Area,Ready To Move,Bannerghatta Road,2 BHK,GrnSpce,1031,2.0,1.0,72.89
Super built-up  Area,Ready To Move,Bannerghatta Road,2 BHK,GrnSpce,1243,3.0,0.0,84.09
Super built-up  Area,Ready To Move,Thanisandra,1 BHK,GrnSpce,749,1.0,3.0,53.84
Super built-up  Area,Ready To Move,Whitefield,2 BHK,GrnSpce,1001,2.0,3.0,64.14
Super built-up  Area,Ready To Move,Sarjapur Road,2 BHK,GrnSpce,1164,2.0,1.0,83.09
Super built-up  Area,Ready To Move,Kanakapura Road,4 BHK,GrnSpce,2211,5.0,0.0,124.07
Plot  Area,Ready To Move,KR Puram,3 BHK,GrnSpce,1442,3.0,2.0,77.0
Plot  Area,Ready To Move,Rajaji Nagar,1 BHK,GrnSpce,579,1.0,2.0,70.42
Super built-up  Area,Ready To Move,Bellandur,2 BHK,GrnSpce,1223,3.0,2.0,89.99
Built-up  Area,Ready To Move,Hebbal,2 BHK,GrnSpce,1056,2.0,2.0,94.72
Super built-up  Area,Ready To Move,Sarjapur Road,3 BHK,GrnSpce,1401,3.0,1.0,85.57
Super built-up  Area,Ready To Move,Rajaji Nagar,2 BHK,GrnSpce,1296,3.0,2.0,125.39
Super built-up  Area,Ready To Move,Uttarahalli,3 BHK,GrnSpce,1483,3.0,3.0,81.13
Super built-up  Area,Ready To Move,Indiranagar,3 BHK,GrnSpce,1517,4.0,2.0,210.78
Plot  Area,Ready To Move,Bannerghatta Road,3 BHK,GrnSpce,1777,3.0,3.0,122.14
Built-up  Area,Ready To Move,Uttarahalli,2 BHK,GrnSpce,1051,2.0,1.0,49.17
Plot  Area,Ready To Move,Thanisandra,3 BHK,GrnSpce,1838,3.0,3.0,100.42
Plot  Area,Ready To Move,Electronic City,2 BHK,GrnSpce,1192,2.0,1.0,55.3
Carpet  Area,Ready To Move,Thanisandra,2 BHK,GrnSpce,976,2.0,1.0,59.98
Super built-up  Area,Ready To Move,Sarjapur Road,3 BHK,GrnSpce,1773,3.0,1.0,144.97
Super built-up  Area,Ready To Move,Bannerghatta Road,3 BHK,GrnSpce,1701,4.0,3.0,112.16
Super built-up  Area,Ready To Move,Thanisandra,3 BHK,GrnSpce,1752,3.0,0.0,102.82
Plot  Area,Ready To Move,Bannerghatta Road,2 BHK,GrnSpce,1095,2.0,0.0,78.76
Plot  Area,Ready To Move,Malleshwaram,2 BHK,GrnSpce,1099,2.0,1.0,129.05
Super built-up  Area,Ready To Move,Malleshwaram,2 BHK,GrnSpce,1029,2.0,1.0,144.13
Plot  Area,Ready To Move,Marathahalli,3 BHK,GrnSpce,1876,3.0,0.0,132.91
Super built-up  Area,Ready To Move,KR Puram,2 BHK,GrnSpce,1299,2.0,2.0,64.82
Super built-up  Area,Ready To Move,Electronic City Phase II,2 BHK,GrnSpce,1147,3.0,3.0,51.21
Super built-up  Area,Ready To Move,Kaggadasapura,3 BHK,GrnSpce,1560,3.0,2.0,82.38
Super built-up  Area,Ready To Move,Koramangala,2 BHK,GrnSpce,965,2.0,0.0,162.4
Plot  Area,Ready To Move,Electronic City,4 BHK,GrnSpce,3034,4.0,2.0,121.47
Built-up  Area,Ready To Move,Kanakapura Road,4 BHK,GrnSpce,2515,4.0,1.0,114.47
Super built-up  Area,Ready To Move,HSR Layout,2 BHK,GrnSpce,981,2.0,1.0,112.58
Super built-up  Area,Ready To Move,Koramangala,3 BHK,GrnSpce,1925,3.0,3.0,288.03
Built-up  Area,Ready To Move,Sarjapur Road,2 BHK,GrnSpce,1105,2.0,1.0,72.19
Plot  Area,Ready To Move,Whitefield,4 BHK,GrnSpce,2535,4.0,1.0,180.48
Super built-up  Area,Ready To Move,Kaggadasapura,2 BHK,GrnSpce,1040,2.0,0.0,50.78
Super built-up  Area,Ready To Move,Bellandur,4 BHK,GrnSpce,2327,4.0,3.0,171.26
Super built-up  Area,Ready To Move,Indiranagar,4 BHK,GrnSpce,3027,5.0,0.0,425.86
Carpet  Area,Ready To Move,Electronic City Phase II,3 BHK,GrnSpce,1781,3.0,0.0,74.82
Super built-up  Area,Ready To Move,Bellandur,5 BHK,GrnSpce,3648,5.0,2.0,263.55
Built-up  Area,Ready To Move,KR Puram,3 BHK,GrnSpce,1951,3.0,3.0,90.66
Plot  Area,Ready To Move,Thanisandra,2 BHK,GrnSpce,1023,2.0,3.0,66.41
Super built-up  Area,Ready To Move,Sarjapur Road,2 BHK,GrnSpce,1128,2.0,1.0,78.67
Super built-up  Area,Ready To Move,Yelahanka,1 BHK,GrnSpce,648,1.0,2.0,33.69
Super built-up  Area,Ready To Move,Whitefield,2 BHK,GrnSpce,1112,3.0,0.0,80.89
Built-up  Area,Ready To Move,Yelahanka,4 BHK,GrnSpce,2696,4.0,2.0,119.21
Super built-up  Area,Ready To Move,Hebbal,3 BHK,GrnSpce,1626,3.0,1.0,166.69
Built-up  Area,Ready To Move,Kaggadasapura,3 BHK,GrnSpce,1796,3.0,1.0,97.74
Super built-up  Area,Ready To Move,KR Puram,2 BHK,GrnSpce,1131,3.0,1.0,57.49
Super built-up  Area,Ready To Move,Rajaji Nagar,2 BHK,GrnSpce,1099,2.0,1.0,131.02
Plot  Area,Ready To Move,Indiranagar,2 BHK,GrnSpce,986,2.0,0.0,134.49
Super built-up  Area,Ready To Move,Indiranagar,1 BHK,GrnSpce,608,1.0,0.0,84.07
Super built-up  Area,Ready To Move,Kaggadasapura,3 BHK,GrnSpce,1627,3.0,1.0,85.4
Built-up  Area,Ready To Move,Bellandur,4 BHK,GrnSpce,2690,4.0,2.0,226.85
Carpet  Area,Ready To Move,Marathahalli,2 BHK,GrnSpce,1267,2.0,3.0,67.17
Plot  Area,Ready To Move,Marathahalli,3 BHK,GrnSpce,1862,3.0,1.0,122.53
Built-up  Area,Ready To Move,Koramangala,1 BHK,GrnSpce,689,2.0,2.0,90.68
Super built-up  Area,Ready To Move,HSR Layout,3 BHK,GrnSpce,1773,3.0,3.0,192.04
Super built-up  Area,Ready To Move,Electronic City,2 BHK,GrnSpce,1082,2.0,3.0,48.56
Built-up  Area,Ready To Move,Marathahalli,2 BHK,GrnSpce,1013,2.0,0.0,67.36
Super built-up  Area,Ready To Move,Sarjapur Road,3 BHK,GrnSpce,1896,3.0,2.0,119.83
Plot  Area,Ready To Move,Bellandur,2 BHK,GrnSpce,1025,2.0,0.0,80.65
Super built-up  Area,Ready To Move,Malleshwaram,1 BHK,GrnSpce,734,1.0,1.0,94.55
Super built-up  Area,Ready To Move,Indiranagar,2 BHK,GrnSpce,1182,2.0,2.0,165.26
Super built-up  Area,Ready To Move,Malleshwaram,3 BHK,GrnSpce,1752,3.0,0.0,221.52
Super built-up  Area,Ready To Move,Electronic City Phase II,2 BHK,GrnSpce,1266,2.0,3.0,53.47
Super built-up  Area,Ready To Move,KR Puram,3 BHK,GrnSpce,1848,3.0,2.0,101.8
Plot  Area,Ready To Move,Sarjapur Road,2 BHK,GrnSpce,909,3.0,2.0,63.57
Built-up  Area,Ready To Move,Electronic City,2 BHK,GrnSpce,985,2.0,3.0,46.91
Super built-up  Area,Ready To Move,Malleshwaram,3 BHK,GrnSpce,1836,3.0,1.0,188.38
Plot  Area,Ready To Move,Kanakapura Road,3 BHK,GrnSpce,1780,4.0,3.0,91.82
Super built-up  Area,Ready To Move,HSR Layout,3 BHK,GrnSpce,1868,3.0,0.0,179.03
Super built-up  Area,Ready To Move,Thanisandra,2 BHK,GrnSpce,1128,2.0,3.0,61.68
Super built-up  Area,Ready To Move,Kaggadasapura,3 BHK,GrnSpce,1993,3.0,1.0,100.46
Carpet  Area,Ready To Move,Koramangala,2 BHK,GrnSpce,929,2.0,3.0,126.24
Super built-up  Area,Ready To Move,Hebbal,2 BHK,GrnSpce,1249,2.0,3.0,98.55
Plot  Area,Ready To Move,Kaggadasapura,1 BHK,GrnSpce,702,2.0,2.0,29.69
Carpet  Area,Ready To Move,Indiranagar,2 BHK,GrnSpce,1139,2.0,3.0,168.15
Super built-up  Area,Ready To Move,Rajaji Nagar,3 BHK,GrnSpce,1904,4.0,0.0,198.3
Super built-up  Area,Ready To Move,HSR Layout,2 BHK,GrnSpce,1249,2.0,0.0,118.31
Super built-up  Area,Ready To Move,Indiranagar,3 BHK,GrnSpce,1701,3.0,2.0,256.51
Plot  Area,Ready To Move,Yelahanka,3 BHK,GrnSpce,1473,3.0,0.0,82.28
Super built-up  Area,Ready To Move,Thanisandra,4 BHK,GrnSpce,2512,5.0,3.0,160.91
Carpet  Area,Ready To Move,Bannerghatta Road,2 BHK,GrnSpce,956,2.0,3.0,65.87
Super built-up  Area,Ready To Move,Malleshwaram,1 BHK,GrnSpce,662,1.0,2.0,89.19
Super built-up  Area,Ready To Move,Koramangala,2 BHK,GrnSpce,1005,2.0,1.0,129.16
Super built-up  Area,Ready To Move,Hebbal,1 BHK,GrnSpce,606,1.0,1.0,55.19
Super built-up  Area,Ready To Move,Hebbal,2 BHK,GrnSpce,1026,2.0,1.0,94.07
Plot  Area,Ready To Move,Bellandur,3 BHK,GrnSpce,1891,3.0,1.0,129.19
Super built-up  Area,Ready To Move,Koramangala,3 BHK,GrnSpce,1980,4.0,1.0,237.62
Super built-up  Area,Ready To Move,Electronic City Phase II,2 BHK,GrnSpce,1060,3.0,3.0,48.16
Built-up  Area,Ready To Move,Hebbal,2 BHK,GrnSpce,1188,2.0,1.0,90.72
Super built-up  Area,Ready To Move,Rajaji Nagar,1 BHK,GrnSpce,597,1.0,0.0,69.08
Super built-up  Area,Ready To Move,Kanakapura Road,3 BHK,GrnSpce,1913,3.0,0.0,98.48
Super built-up  Area,Ready To Move,KR Puram,2 BHK,GrnSpce,975,2.0,1.0,51.92
Super built-up  Area,Ready To Move,Marathahalli,2 BHK,GrnSpce,1091,2.0,2.0,74.09
Super built-up  Area,Ready To Move,Kaggadasapura,2 BHK,GrnSpce,1113,2.0,3.0,66.31
Plot  Area,Ready To Move,Marathahalli,3 BHK,GrnSpce,1780,4.0,3.0,124.88
Super built-up  Area,Ready To Move,Electronic City,1 BHK,GrnSpce,543,1.0,3.0,24.36
Carpet  Area,Ready To Move,Kaggadasapura,3 BHK,GrnSpce,1778,3.0,2.0,104.56
Super built-up  Area,Ready To Move,Malleshwaram,2 BHK,GrnSpce,1196,2.0,3.0,135.37
Plot  Area,Ready To Move,Marathahalli,3 BHK,GrnSpce,1637,3.0,3.0,97.75
Built-up  Area,Ready To Move,Malleshwaram,2 BHK,GrnSpce,1158,2.0,0.0,140.6
Super built-up  Area,Ready To Move,Rajaji Nagar,5 BHK,GrnSpce,4514,5.0,0.0,469.53
Plot  Area,Ready To Move,Kanakapura Road,4 BHK,GrnSpce,2723,5.0,0.0,164.62
Built-up  Area,Ready To Move,KR Puram,5 BHK,GrnSpce,4169,5.0,0.0,186.3
Super built-up  Area,Ready To Move,Yelahanka,3 BHK,GrnSpce,1781,3.0,0.0,102.15
Super built-up  Area,Ready To Move,Sarjapur Road,2 BHK,GrnSpce,1033,3.0,3.0,60.39
Built-up  Area,Ready To Move,Bellandur,3 BHK,GrnSpce,1625,3.0,3.0,135.77
Super built-up  Area,Ready To Move,Malleshwaram,2 BHK,GrnSpce,1055,2.0,0.0,119.44
Super built-up  Area,Ready To Move,Bellandur,2 BHK,GrnSpce,1075,2.0,2.0,77.31
Super built-up  Area,Ready To Move,Uttarahalli,3 BHK,GrnSpce,1688,3.0,2.0,84.04
Plot  Area,Ready To Move,Marathahalli,1 BHK,GrnSpce,700,1.0,1.0,43.84
Super built-up  Area,Ready To Move,Whitefield,3 BHK,GrnSpce,1978,3.0,2.0,140.21
Super built-up  Area,Ready To Move,Sarjapur Road,3 BHK,GrnSpce,1859,3.0,3.0,144.26
Super built-up  Area,Ready To Move,Bannerghatta Road,3 BHK,GrnSpce,1514,3.0,1.0,99.54
Super built-up  Area,Ready To Move,Electronic City,2 BHK,GrnSpce,1227,2.0,3.0,58.81
Built-up  Area,Ready To Move,Electronic City Phase II,4 BHK,GrnSpce,3080,4.0,3.0,129.5
Built-up  Area,Ready To Move,Electronic City Phase II,4 BHK,GrnSpce,2912,5.0,2.0,130.5
Built-up  Area,Ready To Move,Indiranagar,4 BHK,GrnSpce,2835,4.0,2.0,375.63
Super built-up  Area,Ready To Move,Koramangala,2 BHK,GrnSpce,1185,2.0,3.0,172.9
Plot  Area,Ready To Move,Whitefield,2 BHK,GrnSpce,1208,2.0,2.0,75.65
Super built-up  Area,Ready To Move,Hebbal,1 BHK,GrnSpce,604,2.0,1.0,45.86
Super built-up  Area,Ready To Move,Bannerghatta Road,5 BHK,GrnSpce,3976,5.0,3.0,241.62
Super built-up  Area,Ready To Move,Rajaji Nagar,5 BHK,GrnSpce,4160,6.0,2.0,516.44
Built-up  Area,Ready To Move,Kaggadasapura,2 BHK,GrnSpce,1100,2.0,0.0,58.72
Built-up  Area,Ready To Move,Whitefield,1 BHK,GrnSpce,575,1.0,3.0,42.83
Super built-up  Area,Ready To Move,Koramangala,3 BHK,GrnSpce,1805,3.0,1.0,282.96
Super built-up  Area,Ready To Move,Electronic City Phase II,2 BHK,GrnSpce,1159,2.0,3.0,56.39
Super built-up  Area,Ready To Move,Indiranagar,4 BHK,GrnSpce,2361,4.0,3.0,342.21
Super built-up  Area,Ready To Move,Kanakapura Road,1 BHK,GrnSpce,560,1.0,0.0,32.42
Super built-up  Area,Ready To Move,Marathahalli,2 BHK,GrnSpce,992,2.0,0.0,82.95
Super built-up  Area,Ready To Move,KR Puram,2 BHK,GrnSpce,1088,2.0,0.0,51.64
Super built-up  Area,Ready To Move,Koramangala,1 BHK,GrnSpce,623,2.0,3.0,81.5
Super built-up  Area,Ready To Move,HSR Layout,2 BHK,GrnSpce,1243,3.0,0.0,102.0
Plot  Area,Ready To Move,Bannerghatta Road,3 BHK,GrnSpce,1582,3.0,2.0,101.06
Super built-up  Area,Ready To Move,Electronic City Phase II,2 BHK,GrnSpce,900,3.0,0.0,42.86
Built-up  Area,Ready To Move,Electronic City Phase II,2 BHK,GrnSpce,1008,3.0,0.0,36.49
Super built-up  Area,Ready To Move,Thanisandra,4 BHK,GrnSpce,3058,4.0,0.0,206.57
Super built-up  Area,Ready To Move,Indiranagar,3 BHK,GrnSpce,1723,3.0,3.0,221.14
Super built-up  Area,Ready To Move,Electronic City Phase II,3 BHK,GrnSpce,1731,3.0,0.0,57.99
Super built-up  Area,Ready To Move,Bellandur,3 BHK,GrnSpce,1504,3.0,0.0,121.93
Built-up  Area,Ready To Move,Koramangala,3 BHK,GrnSpce,1950,4.0,0.0,271.29
Super built-up  Area,Ready To Move,Kaggadasapura,3 BHK,GrnSpce,1786,3.0,0.0,82.25
Super built-up  Area,Ready To Move,Malleshwaram,2 BHK,GrnSpce,1256,2.0,0.0,152.36
Super built-up  Area,Ready To Move,Uttarahalli,2 BHK,GrnSpce,1193,2.0,3.0,59.96
Super built-up  Area,Ready To Move,Sarjapur Road,1 BHK,GrnSpce,621,1.0,1.0,43.78
Super built-up  Area,Ready To Move,Malleshwaram,3 BHK,GrnSpce,1571,4.0,3.0,185.99
Super built-up  Area,Ready To Move,KR Puram,1 BHK,GrnSpce,599,1.0,1.0,32.38
Super built-up  Area,Ready To Move,Thanisandra,2 BHK,GrnSpce,1095,2.0,2.0,66.84
Super built-up  Area,Ready To Move,Bisuvanahalli,3 BHK,GrnSpce,1874,3.0,2.0,78.19
Super built-up  Area,Ready To Move,Uttarahalli,2 BHK,GrnSpce,1075,3.0,3.0,61.36
Super built-up  Area,Ready To Move,Yelahanka,2 BHK,GrnSpce,974,3.0,2.0,51.09
Built-up  Area,Ready To Move,Koramangala,1 BHK,GrnSpce,550,1.0,1.0,60.86
Plot  Area,Ready To Move,Yelahanka,4 BHK,GrnSpce,2845,4.0,2.0,150.92
Super built-up  Area,Ready To Move,Bannerghatta Road,5 BHK,GrnSpce,4137,5.0,2.0,224.0
Super built-up  Area,Ready To Move,Hebbal,5 BHK,GrnSpce,4173,5.0,0.0,301.99
Plot  Area,Ready To Move,Electronic City Phase II,2 BHK,GrnSpce,950,3.0,0.0,40.97
Carpet  Area,Ready To Move,Malleshwaram,3 BHK,GrnSpce,1679,3.0,0.0,174.84
Plot  Area,Ready To Move,Indiranagar,3 BHK,GrnSpce,1908,3.0,2.0,296.53
Built-up  Area,Ready To Move,Yelahanka,3 BHK,GrnSpce,1563,3.0,0.0,102.8
Super built-up  Area,Ready To Move,Electronic City,3 BHK,GrnSpce,1645,3.0,3.0,76.31
Carpet  Area,Ready To Move,Uttarahalli,3 BHK,GrnSpce,1923,3.0,1.0,88.69
Super built-up  Area,Ready To Move,Electronic City Phase II,2 BHK,GrnSpce,1207,3.0,3.0,53.23
Plot  Area,Ready To Move,Kanakapura Road,2 BHK,GrnSpce,1298,2.0,2.0,83.16
Super built-up  Area,Ready To Move,Electronic City Phase II,3 BHK,GrnSpce,1481,4.0,1.0,77.12
Built-up  Area,Ready To Move,Thanisandra,4 BHK,GrnSpce,3039,4.0,0.0,166.4
Super built-up  Area,Ready To Move,Uttarahalli,3 BHK,GrnSpce,1546,3.0,3.0,66.03
Super built-up  Area,Ready To Move,Bellandur,3 BHK,GrnSpce,1513,4.0,3.0,103.83
Super built-up  Area,Ready To Move,Rajaji Nagar,3 BHK,GrnSpce,1525,3.0,3.0,194.39
Carpet  Area,Ready To Move,Sarjapur Road,2 BHK,GrnSpce,1062,3.0,2.0,72.41
Plot  Area,Ready To Move,Marathahalli,5 BHK,GrnSpce,4146,5.0,1.0,278.44
Plot  Area,Ready To Move,Bellandur,2 BHK,GrnSpce,1087,2.0,0.0,78.62
Super built-up  Area,Ready To Move,Whitefield,3 BHK,GrnSpce,1934,3.0,3.0,124.28
Super built-up  Area,Ready To Move,Kanakapura Road,2 BHK,GrnSpce,1087,2.0,1.0,62.89
Built-up  Area,Ready To Move,Electronic City,1 BHK,GrnSpce,515,1.0,1.0,21.52
Plot  Area,Ready To Move,KR Puram,2 BHK,GrnSpce,912,2.0,1.0,47.13
Super built-up  Area,Ready To Move,Electronic City,2 BHK,GrnSpce,1019,3.0,1.0,49.66
Plot  Area,Ready To Move,Thanisandra,2 BHK,GrnSpce,1168,2.0,0.0,71.01
Super built-up  Area,Ready To Move,Electronic City Phase II,3 BHK,GrnSpce,1582,3.0,0.0,47.49
Super built-up  Area,Ready To Move,Marathahalli,3 BHK,GrnSpce,1413,3.0,1.0,97.85
Plot  Area,Ready To Move,Koramangala,3 BHK,GrnSpce,1429,4.0,1.0,170.62
Built-up  Area,Ready To Move,Bisuvanahalli,2 BHK,GrnSpce,1237,2.0,1.0,49.8
Super built-up  Area,Ready To Move,Rajaji Nagar,2 BHK,GrnSpce,1140,2.0,0.0,122.89
Super built-up  Area,Ready To Move,Kanakapura Road,3 BHK,GrnSpce,1789,3.0,3.0,103.92
Built-up  Area,Ready To Move,Rajaji Nagar,3 BHK,GrnSpce,1827,3.0,0.0,228.14
Super built-up  Area,Ready To Move,Electronic City Phase II,4 BHK,GrnSpce,2890,4.0,3.0,126.15
Built-up  Area,Ready To Move,Whitefield,4 BHK,GrnSpce,3105,5.0,2.0,208.34
Plot  Area,Ready To Move,Yelahanka,4 BHK,GrnSpce,2651,4.0,0.0,136.93
Carpet  Area,Ready To Move,Bannerghatta Road,2 BHK,GrnSpce,1192,2.0,3.0,75.22
Super built-up  Area,Ready To Move,Bannerghatta Road,2 BHK,GrnSpce,1126,2.0,3.0,68.82
Plot  Area,Ready To Move,Thanisandra,3 BHK,GrnSpce,1499,3.0,0.0,89.25
Super built-up  Area,Ready To Move,Rajaji Nagar,3 BHK,GrnSpce,1572,3.0,3.0,189.5
Super built-up  Area,Ready To Move,Bannerghatta Road,2 BHK,GrnSpce,902,2.0,1.0,63.93
Super built-up  Area,Ready To Move,Marathahalli,2 BHK,GrnSpce,1151,2.0,0.0,67.56
Super built-up  Area,Ready To Move,Indiranagar,1 BHK,GrnSpce,552,1.0,1.0,83.01
Built-up  Area,Ready To Move,Yelahanka,4 BHK,GrnSpce,3067,5.0,0.0,160.03
Super built-up  Area,Ready To Move,Sarjapur Road,2 BHK,GrnSpce,1167,2.0,0.0,75.27
Super built-up  Area,Ready To Move,Hebbal,1 BHK,GrnSpce,583,1.0,0.0,49.63
Super built-up  Area,Ready To Move,KR Puram,3 BHK,GrnSpce,1901,3.0,1.0,92.79
Super built-up  Area,Ready To Move,Whitefield,3 BHK,GrnSpce,1411,3.0,0.0,100.67
Super built-up  Area,Ready To Move,Rajaji Nagar,3 BHK,GrnSpce,1706,3.0,3.0,209.34
Super built-up  Area,Ready To Move,Hebbal,3 BHK,GrnSpce,1625,3.0,0.0,147.48
Plot  Area,Ready To Move,Bellandur,1 BHK,GrnSpce,589,1.0,3.0,53.57
Built-up  Area,Ready To Move,Bannerghatta Road,2 BHK,GrnSpce,1261,2.0,2.0,84.2
Super built-up  Area,Ready To Move,HSR Layout,2 BHK,GrnSpce,1080,2.0,0.0,117.76
Super built-up  Area,Ready To Move,Rajaji Nagar,2 BHK,GrnSpce,1001,2.0,3.0,115.81
Super built-up  Area,Ready To Move,Bellandur,1 BHK,GrnSpce,740,1.0,1.0,55.47
Super built-up  Area,Ready To Move,Whitefield,4 BHK,GrnSpce,2935,4.0,2.0,221.33
Super built-up  Area,Ready To Move,Koramangala,1 BHK,GrnSpce,689,1.0,1.0,113.36
Plot  Area,Ready To Move,Sarjapur Road,2 BHK,GrnSpce,1134,2.0,3.0,59.75
Super built-up  Area,Ready To Move,Uttarahalli,5 BHK,GrnSpce,4362,5.0,2.0,210.38
Super built-up  Area,Ready To Move,Bisuvanahalli,3 BHK,GrnSpce,1553,3.0,1.0,64.18
Carpet  Area,Ready To Move,Malleshwaram,3 BHK,GrnSpce,1672,4.0,1.0,201.18
Plot  Area,Ready To Move,Marathahalli,2 BHK,GrnSpce,993,2.0,3.0,71.39
Super built-up  Area,Ready To Move,Thanisandra,3 BHK,GrnSpce,1492,4.0,1.0,89.61
Super built-up  Area,Ready To Move,Yelahanka,2 BHK,GrnSpce,1070,2.0,2.0,58.85
Super built-up  Area,Ready To Move,HSR Layout,2 BHK,GrnSpce,990,3.0,3.0,90.64
Super built-up  Area,Ready To Move,Malleshwaram,3 BHK,GrnSpce,1837,3.0,0.0,202.41
Plot  Area,Ready To Move,Electronic City,5 BHK,GrnSpce,3826,5.0,0.0,149.03
Plot  Area,Ready To Move,Sarjapur Road,1 BHK,GrnSpce,705,1.0,1.0,38.48
Super built-up  Area,Ready To Move,Indiranagar,2 BHK,GrnSpce,981,2.0,2.0,120.71
Plot  Area,Ready To Move,Indiranagar,4 BHK,GrnSpce,2914,4.0,2.0,437.77
Super built-up  Area,Ready To Move,Yelahanka,1 BHK,GrnSpce,747,1.0,1.0,34.76
Super built-up  Area,Ready To Move,Sarjapur Road,2 BHK,GrnSpce,1087,3.0,0.0,84.67
Super built-up  Area,Ready To Move,Thanisandra,3 BHK,GrnSpce,1531,3.0,1.0,81.46
Super built-up  Area,Ready To Move,KR Puram,2 BHK,GrnSpce,1223,3.0,3.0,62.46
Plot  Area,Ready To Move,Sarjapur Road,2 BHK,GrnSpce,1182,2.0,3.0,73.15
Super built-up  Area,Ready To Move,HSR Layout,3 BHK,GrnSpce,1870,3.0,0.0,204.91
Super built-up  Area,Ready To Move,Kaggadasapura,2 BHK,GrnSpce,1080,2.0,1.0,60.04
Super built-up  Area,Ready To Move,HSR Layout,2 BHK,GrnSpce,1216,2.0,0.0,90.49
Super built-up  Area,Ready To Move,Electronic City Phase II,1 BHK,GrnSpce,537,1.0,3.0,24.97
Plot  Area,Ready To Move,Indiranagar,2 BHK,GrnSpce,1256,2.0,1.0,199.36
Super built-up  Area,Ready To Move,Electronic City Phase II,2 BHK,GrnSpce,946,2.0,2.0,38.25
Super built-up  Area,Ready To Move,Uttarahalli,2 BHK,GrnSpce,1101,2.0,1.0,60.36
Plot  Area,Ready To Move,Electronic City,3 BHK,GrnSpce,1879,3.0,2.0,71.12
Super built-up  Area,Ready To Move,Yelahanka,2 BHK,GrnSpce,950,2.0,0.0,56.39
Super built-up  Area,Ready To Move,Bannerghatta Road,2 BHK,GrnSpce,995,2.0,2.0,61.02
Carpet  Area,Ready To Move,Bannerghatta Road,2 BHK,GrnSpce,1239,2.0,1.0,86.77
Super built-up  Area,Ready To Move,Sarjapur Road,2 BHK,GrnSpce,1074,2.0,3.0,81.22
Super built-up  Area,Ready To Move,Bellandur,2 BHK,GrnSpce,1268,2.0,3.0,74.72
Plot  Area,Ready To Move,Kaggadasapura,2 BHK,GrnSpce,1169,2.0,0.0,61.12
Plot  Area,Ready To Move,Whitefield,4 BHK,GrnSpce,2652,4.0,0.0,239.91
Built-up  Area,Ready To Move,Kanakapura Road,2 BHK,GrnSpce,1046,3.0,1.0,54.62
Built-up  Area,Ready To Move,Kaggadasapura,3 BHK,GrnSpce,1775,3.0,1.0,89.72
Super built-up  Area,Ready To Move,Yelahanka,1 BHK,GrnSpce,694,1.0,2.0,33.03
Super built-up  Area,Ready To Move,Whitefield,2 BHK,GrnSpce,1288,2.0,2.0,96.31
Super built-up  Area,Ready To Move,Uttarahalli,4 BHK,GrnSpce,3045,4.0,3.0,125.24
Super built-up  Area,Ready To Move,Bisuvanahalli,2 BHK,GrnSpce,1278,2.0,0.0,54.17
Plot  Area,Ready To Move,Bellandur,2 BHK,GrnSpce,1081,3.0,3.0,76.54
Carpet  Area,Ready To Move,Kaggadasapura,2 BHK,GrnSpce,1260,2.0,1.0,67.75
Super built-up  Area,Ready To Move,HSR Layout,2 BHK,GrnSpce,1217,3.0,0.0,105.42
Super built-up  Area,Ready To Move,Uttarahalli,2 BHK,GrnSpce,1286,2.0,2.0,63.21
Super built-up  Area,Ready To Move,Sarjapur Road,2 BHK,GrnSpce,1065,2.0,1.0,69.83
Super built-up  Area,Ready To Move,Bellandur,4 BHK,GrnSpce,2347,4.0,1.0,182.99
Super built-up  Area,Ready To Move,Kaggadasapura,1 BHK,GrnSpce,533,1.0,0.0,25.21
Super built-up  Area,Ready To Move,Bannerghatta Road,3 BHK,GrnSpce,1842,3.0,0.0,135.04
Built-up  Area,Ready To Move,Electronic City,3 BHK,GrnSpce,1665,4.0,1.0,65.21
Super built-up  Area,Ready To Move,Hebbal,3 BHK,GrnSpce,1848,3.0,3.0,165.05
Plot  Area,Ready To Move,Hebbal,4 BHK,GrnSpce,3096,4.0,2.0,282.17
Super built-up  Area,Ready To Move,Kanakapura Road,4 BHK,GrnSpce,2994,4.0,1.0,158.12
Plot  Area,Ready To Move,Sarjapur Road,3 BHK,GrnSpce,1766,3.0,0.0,109.78
Super built-up  Area,Ready To Move,Electronic City Phase II,3 BHK,GrnSpce,1440,3.0,0.0,51.97
Super built-up  Area,Ready To Move,Kaggadasapura,2 BHK,GrnSpce,1050,2.0,0.0,54.2
Plot  Area,Ready To Move,Rajaji Nagar,2 BHK,GrnSpce,1217,2.0,0.0,136.57
Built-up  Area,Ready To Move,Rajaji Nagar,3 BHK,GrnSpce,1737,3.0,2.0,209.74
Super built-up  Area,Ready To Move,Indiranagar,3 BHK,GrnSpce,1893,3.0,1.0,277.53
Built-up  Area,Ready To Move,Bannerghatta Road,2 BHK,GrnSpce,1268,2.0,2.0,77.74
Built-up  Area,Ready To Move,Kanakapura Road,2 BHK,GrnSpce,1006,2.0,3.0,66.3
Super built-up  Area,Ready To Move,Bisuvanahalli,3 BHK,GrnSpce,1584,3.0,2.0,65.87
Plot  Area,Ready To Move,Rajaji Nagar,2 BHK,GrnSpce,1028,3.0,2.0,102.69
Plot  Area,Ready To Move,Koramangala,1 BHK,GrnSpce,537,1.0,1.0,72.8
Super built-up  Area,Ready To Move,Bisuvanahalli,3 BHK,GrnSpce,1994,4.0,3.0,71.75
Plot  Area,Ready To Move,Yelahanka,1 BHK,GrnSpce,555,2.0,2.0,25.57
Built-up  Area,Ready To Move,Kaggadasapura,3 BHK,GrnSpce,1943,4.0,1.0,104.61
Super built-up  Area,Ready To Move,Yelahanka,2 BHK,GrnSpce,1213,2.0,1.0,65.18
Built-up  Area,Ready To Move,Sarjapur Road,2 BHK,GrnSpce,986,2.0,0.0,58.63
Super built-up  Area,Ready To Move,KR Puram,3 BHK,GrnSpce,1856,3.0,1.0,97.2
Super built-up  Area,Ready To Move,Koramangala,2 BHK,GrnSpce,1146,2.0,0.0,140.38
Super built-up  Area,Ready To Move,Electronic City,2 BHK,GrnSpce,1049,2.0,1.0,37.47
Super built-up  Area,Ready To Move,HSR Layout,3 BHK,GrnSpce,1514,3.0,2.0,159.74
Super built-up  Area,Ready To Move,Bannerghatta Road,2 BHK,GrnSpce,1146,2.0,2.0,67.36
Built-up  Area,Ready To Move,Marathahalli,5 BHK,GrnSpce,4457,5.0,0.0,275.83
Plot  Area,Ready To Move,Sarjapur Road,3 BHK,GrnSpce,1753,3.0,0.0,125.51
Built-up  Area,Ready To Move,KR Puram,4 BHK,GrnSpce,3031,4.0,0.0,147.89
Super built-up  Area,Ready To Move,Thanisandra,2 BHK,GrnSpce,1168,2.0,2.0,78.63
Built-up  Area,Ready To Move,Uttarahalli,4 BHK,GrnSpce,2728,4.0,1.0,127.87
Plot  Area,Ready To Move,Sarjapur Road,3 BHK,GrnSpce,1779,3.0,3.0,119.68
Super built-up  Area,Ready To Move,Whitefield,2 BHK,GrnSpce,1263,3.0,0.0,93.51
Super built-up  Area,Ready To Move,Bannerghatta Road,2 BHK,GrnSpce,1170,2.0,2.0,68.89
Super built-up  Area,Ready To Move,Marathahalli,1 BHK,GrnSpce,723,1.0,1.0,48.85
Super built-up  Area,Ready To Move,Kanakapura Road,2 BHK,GrnSpce,1234,2.0,3.0,72.94
Super built-up  Area,Ready To Move,Electronic City,2 BHK,GrnSpce,1120,3.0,3.0,47.58
Super built-up  Area,Ready To Move,Sarjapur Road,2 BHK,GrnSpce,939,2.0,3.0,59.9
Super built-up  Area,Ready To Move,Kaggadasapura,1 BHK,GrnSpce,590,1.0,3.0,28.79
Super built-up  Area,Ready To Move,Electronic City,3 BHK,GrnSpce,1523,3.0,3.0,69.25
Plot  Area,Ready To Move,Yelahanka,2 BHK,GrnSpce,1213,2.0,3.0,62.85
Built-up  Area,Ready To Move,Sarjapur Road,3 BHK,GrnSpce,1970,3.0,0.0,122.38
Plot  Area,Ready To Move,Uttarahalli,2 BHK,GrnSpce,963,2.0,0.0,44.01
Super built-up  Area,Ready To Move,HSR Layout,3 BHK,GrnSpce,1844,3.0,1.0,166.18
Plot  Area,Ready To Move,Marathahalli,3 BHK,GrnSpce,1699,4.0,1.0,126.31
Plot  Area,Ready To Move,KR Puram,1 BHK,GrnSpce,614,1.0,3.0,32.27
Super built-up  Area,Ready To Move,Kanakapura Road,2 BHK,GrnSpce,1121,2.0,2.0,71.72
Plot  Area,Ready To Move,Indiranagar,3 BHK,GrnSpce,1985,3.0,1.0,306.93
Super built-up  Area,Ready To Move,Kanakapura Road,3 BHK,GrnSpce,1603,3.0,3.0,97.97
Super built-up  Area,Ready To Move,Marathahalli,1 BHK,GrnSpce,624,1.0,1.0,41.02
Built-up  Area,Ready To Move,Koramangala,3 BHK,GrnSpce,1765,3.0,3.0,249.99
Built-up  Area,Ready To Move,Marathahalli,3 BHK,GrnSpce,1629,3.0,0.0,113.36
Plot  Area,Ready To Move,Kanakapura Road,1 BHK,GrnSpce,688,2.0,2.0,38.38
Carpet  Area,Ready To Move,HSR Layout,1 BHK,GrnSpce,642,1.0,2.0,57.29
Super built-up  Area,Ready To Move,Rajaji Nagar,2 BHK,GrnSpce,1203,2.0,2.0,122.3
Super built-up  Area,Ready To Move,Kanakapura Road,1 BHK,GrnSpce,723,2.0,0.0,38.7
Super built-up  Area,Ready To Move,Sarjapur Road,4 BHK,GrnSpce,2337,4.0,0.0,145.82
Super built-up  Area,Ready To Move,Hebbal,5 BHK,GrnSpce,4973,5.0,2.0,388.11
Super built-up  Area,Ready To Move,Electronic City Phase II,3 BHK,GrnSpce,1939,3.0,1.0,96.15
Super built-up  Area,Ready To Move,Yelahanka,5 BHK,GrnSpce,4636,6.0,3.0,272.88
Built-up  Area,Ready To Move,Rajaji Nagar,3 BHK,GrnSpce,1870,3.0,1.0,213.72
Super built-up  Area,Ready To Move,Malleshwaram,2 BHK,GrnSpce,1244,2.0,2.0,129.7
Super built-up  Area,Ready To Move,Thanisandra,3 BHK,GrnSpce,1805,3.0,3.0,121.62
Plot  Area,Ready To Move,Bellandur,2 BHK,GrnSpce,1011,3.0,1.0,60.71
Super built-up  Area,Ready To Move,Kanakapura Road,2 BHK,GrnSpce,912,2.0,1.0,42.05
Super built-up  Area,Ready To Move,Yelahanka,3 BHK,GrnSpce,1937,3.0,1.0,102.07
Plot  Area,Ready To Move,Kaggadasapura,1 BHK,GrnSpce,708,1.0,1.0,37.73
Plot  Area,Ready To Move,Kaggadasapura,2 BHK,GrnSpce,906,2.0,2.0,49.19
Plot  Area,Ready To Move,Bannerghatta Road,5 BHK,GrnSpce,3964,5.0,1.0,253.73
Super built-up  Area,Ready To Move,Marathahalli,4 BHK,GrnSpce,2475,4.0,1.0,154.5
Super built-up  Area,Ready To Move,Uttarahalli,3 BHK,GrnSpce,1893,4.0,2.0,73.27
Super built-up  Area,Ready To Move,Bisuvanahalli,2 BHK,GrnSpce,1175,2.0,2.0,46.48
Super built-up  Area,Ready To Move,Yelahanka,3 BHK,GrnSpce,1635,4.0,3.0,82.99
Super built-up  Area,Ready To Move,Marathahalli,2 BHK,GrnSpce,1249,2.0,0.0,72.91
Super built-up  Area,Ready To Move,Hebbal,2 BHK,GrnSpce,1237,3.0,2.0,91.48
Plot  Area,Ready To Move,Electronic City,3 BHK,GrnSpce,1495,3.0,1.0,66.76
Super built-up  Area,Ready To Move,Koramangala,2 BHK,GrnSpce,1242,2.0,3.0,147.26
Super built-up  Area,Ready To Move,HSR Layout,3 BHK,GrnSpce,1625,3.0,3.0,190.76
Super built-up  Area,Ready To Move,Electronic City Phase II,5 BHK,GrnSpce,4794,5.0,1.0,199.52
Plot  Area,Ready To Move,Thanisandra,3 BHK,GrnSpce,1617,3.0,3.0,99.76
Built-up  Area,Ready To Move,Malleshwaram,2 BHK,GrnSpce,1148,3.0,2.0,118.4
Built-up  Area,Ready To Move,Bisuvanahalli,2 BHK,GrnSpce,1244,2.0,2.0,54.36
Super built-up  Area,Ready To Move,Uttarahalli,2 BHK,GrnSpce,1087,2.0,0.0,52.34
Built-up  Area,Ready To Move,Hebbal,4 BHK,GrnSpce,2871,5.0,0.0,227.69
Super built-up  Area,Ready To Move,Sarjapur Road,2 BHK,GrnSpce,1107,2.0,1.0,69.07
Super built-up  Area,Ready To Move,Kanakapura Road,4 BHK,GrnSpce,2205,4.0,0.0,143.47
Plot  Area,Ready To Move,Malleshwaram,3 BHK,GrnSpce,1707,4.0,2.0,194.33
Plot  Area,Ready To Move,Bannerghatta Road,2 BHK,GrnSpce,1282,2.0,3.0,84.48
Super built-up  Area,Ready To Move,Indiranagar,2 BHK,GrnSpce,1298,2.0,0.0,188.54
Built-up  Area,Ready To Move,Marathahalli,4 BHK,GrnSpce,2527,4.0,1.0,160.56
Plot  Area,Ready To Move,Thanisandra,1 BHK,GrnSpce,515,1.0,0.0,29.59
Super built-up  Area,Ready To Move,Bisuvanahalli,2 BHK,GrnSpce,995,2.0,0.0,45.62
Super built-up  Area,Ready To Move,Rajaji Nagar,1 BHK,GrnSpce,580,1.0,2.0,60.88
Super built-up  Area,Ready To Move,Kaggadasapura,3 BHK,GrnSpce,1878,3.0,3.0,100.64
Plot  Area,Ready To Move,Kaggadasapura,4 BHK,GrnSpce,2938,5.0,3.0,138.88
Super built-up  Area,Ready To Move,KR Puram,2 BHK,GrnSpce,1136,2.0,0.0,58.22
Plot  Area,Ready To Move,Malleshwaram,2 BHK,GrnSpce,1270,3.0,1.0,138.78
Super built-up  Area,Ready To Move,Rajaji Nagar,3 BHK,GrnSpce,1823,3.0,1.0,205.96
Super built-up  Area,Ready To Move,Yelahanka,3 BHK,GrnSpce,1632,3.0,3.0,95.76
Super built-up  Area,Ready To Move,Electronic City Phase II,2 BHK,GrnSpce,962,2.0,2.0,41.86
Built-up  Area,Ready To Move,Kanakapura Road,3 BHK,GrnSpce,1949,3.0,1.0,108.51
Plot  Area,Ready To Move,Electronic City Phase II,2 BHK,GrnSpce,1198,2.0,0.0,48.63
Super built-up  Area,Ready To Move,Uttarahalli,3 BHK,GrnSpce,1482,3.0,1.0,56.75
Built-up  Area,Ready To Move,Sarjapur Road,2 BHK,GrnSpce,1284,2.0,3.0,86.2
Super built-up  Area,Ready To Move,Bisuvanahalli,4 BHK,GrnSpce,2566,4.0,0.0,102.93
Super built-up  Area,Ready To Move,Malleshwaram,2 BHK,GrnSpce,924,2.0,0.0,113.81
Super built-up  Area,Ready To Move,Electronic City Phase II,4 BHK,GrnSpce,2482,5.0,1.0,114.47
Super built-up  Area,Ready To Move,Bellandur,2 BHK,GrnSpce,1181,3.0,3.0,95.02
Super built-up  Area,Ready To Move,Malleshwaram,4 BHK,GrnSpce,2567,4.0,2.0,321.69
Super built-up  Area,Ready To Move,Electronic City,2 BHK,GrnSpce,1239,2.0,0.0,57.03
Plot  Area,Ready To Move,Bellandur,4 BHK,GrnSpce,2501,4.0,2.0,219.7
Super built-up  Area,Ready To Move,Yelahanka,2 BHK,GrnSpce,1202,2.0,3.0,66.39
Super built-up  Area,Ready To Move,Sarjapur Road,3 BHK,GrnSpce,1951,3.0,2.0,123.56
Super built-up  Area,Ready To Move,Kaggadasapura,1 BHK,GrnSpce,691,2.0,0.0,36.57
Plot  Area,Ready To Move,Indiranagar,3 BHK,GrnSpce,1913,3.0,2.0,243.39
Plot  Area,Ready To Move,Electronic City Phase II,3 BHK,GrnSpce,1844,3.0,3.0,75.65
Super built-up  Area,Ready To Move,Thanisandra,4 BHK,GrnSpce,2873,4.0,2.0,150.95
Super built-up  Area,Ready To Move,Kaggadasapura,1 BHK,GrnSpce,539,1.0,1.0,28.11
Super built-up  Area,Ready To Move,HSR Layout,2 BHK,GrnSpce,921,3.0,0.0,93.91
Built-up  Area,Ready To Move,Indiranagar,3 BHK,GrnSpce,1928,3.0,0.0,237.95
Super built-up  Area,Ready To Move,KR Puram,2 BHK,GrnSpce,913,3.0,1.0,46.55
Super built-up  Area,Ready To Move,Bellandur,3 BHK,GrnSpce,1814,3.0,0.0,141.64
Super built-up  Area,Ready To Move,Uttarahalli,2 BHK,GrnSpce,904,2.0,2.0,42.58
Super built-up  Area,Ready To Move,Kanakapura Road,2 BHK,GrnSpce,1287,2.0,1.0,87.51
Plot  Area,Ready To Move,Malleshwaram,2 BHK,GrnSpce,1138,2.0,2.0,143.38
Plot  Area,Ready To Move,Uttarahalli,3 BHK,GrnSpce,1521,3.0,2.0,75.95
Super built-up  Area,Ready To Move,Uttarahalli,3 BHK,GrnSpce,1563,4.0,2.0,78.23
Built-up  Area,Ready To Move,Koramangala,2 BHK,GrnSpce,1223,2.0,1.0,157.56
Super built-up  Area,Ready To Move,Hebbal,2 BHK,GrnSpce,1093,2.0,0.0,93.41
Super built-up  Area,Ready To Move,Marathahalli,2 BHK,GrnSpce,944,2.0,0.0,49.71
Plot  Area,Ready To Move,KR Puram,2 BHK,GrnSpce,1269,2.0,1.0,59.24
Plot  Area,Ready To Move,Thanisandra,3 BHK,GrnSpce,1852,4.0,0.0,110.27
Super built-up  Area,Ready To Move,Kanakapura Road,2 BHK,GrnSpce,1277,3.0,3.0,72.1
Plot  Area,Ready To Move,Yelahanka,4 BHK,GrnSpce,3090,4.0,3.0,191.21
Built-up  Area,Ready To Move,Hebbal,2 BHK,GrnSpce,1288,2.0,2.0,111.96
Plot  Area,Ready To Move,Kanakapura Road,2 BHK,GrnSpce,1267,2.0,1.0,67.36
Super built-up  Area,Ready To Move,Bannerghatta Road,3 BHK,GrnSpce,1929,3.0,0.0,150.4
Built-up  Area,Ready To Move,Bannerghatta Road,2 BHK,GrnSpce,1074,2.0,0.0,68.02
Built-up  Area,Ready To Move,Electronic City,2 BHK,GrnSpce,973,2.0,0.0,31.95
Super built-up  Area,Ready To Move,Koramangala,2 BHK,GrnSpce,924,2.0,0.0,137.82
Super built-up  Area,Ready To Move,Sarjapur Road,2 BHK,GrnSpce,1072,3.0,1.0,81.21
Super built-up  Area,Ready To Move,Uttarahalli,2 BHK,GrnSpce,1020,3.0,3.0,46.05
Built-up  Area,Ready To Move,Uttarahalli,1 BHK,GrnSpce,589,2.0,2.0,27.97
Super built-up  Area,Ready To Move,Malleshwaram,2 BHK,GrnSpce,975,2.0,1.0,128.21
Super built-up  Area,Ready To Move,Bellandur,2 BHK,GrnSpce,1274,3.0,2.0,76.76
Super built-up  Area,Ready To Move,Marathahalli,1 BHK,GrnSpce,516,1.0,2.0,32.63
Super built-up  Area,Ready To Move,Marathahalli,4 BHK,GrnSpce,2829,4.0,3.0,171.84
Super built-up  Area,Ready To Move,Malleshwaram,2 BHK,GrnSpce,970,2.0,1.0,116.27
Super built-up  Area,Ready To Move,Sarjapur Road,2 BHK,GrnSpce,1174,2.0,3.0,71.29
Super built-up  Area,Ready To Move,Yelahanka,3 BHK,GrnSpce,1680,3.0,3.0,84.95
Super built-up  Area,Ready To Move,KR Puram,2 BHK,GrnSpce,944,3.0,1.0,40.85
Super built-up  Area,Ready To Move,Electronic City,2 BHK,GrnSpce,1255,2.0,0.0,50.81
Super built-up  Area,Ready To Move,Kanakapura Road,3 BHK,GrnSpce,1408,3.0,3.0,75.52
Super built-up  Area,Ready To Move,Bisuvanahalli,2 BHK,GrnSpce,974,2.0,1.0,44.42
Super built-up  Area,Ready To Move,Electronic City,1 BHK,GrnSpce,634,1.0,2.0,25.27
Super built-up  Area,Ready To Move,HSR Layout,3 BHK,GrnSpce,1588,3.0,0.0,152.97
Super built-up  Area,Ready To Move,Electronic City,2 BHK,GrnSpce,915,2.0,3.0,47.34
Super built-up  Area,Ready To Move,Rajaji Nagar,2 BHK,GrnSpce,903,2.0,0.0,109.61
Super built-up  Area,Ready To Move,Uttarahalli,3 BHK,GrnSpce,1958,4.0,0.0,116.82
Super built-up  Area,Ready To Move,HSR Layout,3 BHK,GrnSpce,1507,3.0,3.0,148.62
Plot  Area,Ready To Move,Rajaji Nagar,3 BHK,GrnSpce,1581,3.0,1.0,176.62
Super built-up  Area,Ready To Move,KR Puram,1 BHK,GrnSpce,665,1.0,3.0,35.52
Plot  Area,Ready To Move,Bannerghatta Road,3 BHK,GrnSpce,1636,3.0,1.0,104.12
Super built-up  Area,Ready To Move,Kaggadasapura,3 BHK,GrnSpce,1561,3.0,3.0,84.15
Built-up  Area,Ready To Move,Bannerghatta Road,2 BHK,GrnSpce,1125,2.0,3.0,63.11
Built-up  Area,Ready To Move,Thanisandra,3 BHK,GrnSpce,1807,3.0,3.0,137.73
Super built-up  Area,Ready To Move,Electronic City,1 BHK,GrnSpce,583,2.0,3.0,25.9
Super built-up  Area,Ready To Move,HSR Layout,2 BHK,GrnSpce,1297,3.0,3.0,134.58
Plot  Area,Ready To Move,Kanakapura Road,3 BHK,GrnSpce,1755,3.0,1.0,104.96
Super built-up  Area,Ready To Move,Whitefield,3 BHK,GrnSpce,1594,3.0,1.0,120.98
Super built-up  Area,Ready To Move,Yelahanka,3 BHK,GrnSpce,1795,3.0,1.0,90.74
Super built-up  Area,Ready To Move,Indiranagar,3 BHK,GrnSpce,1926,3.0,1.0,275.88
Super built-up  Area,Ready To Move,Kaggadasapura,3 BHK,GrnSpce,1442,3.0,1.0,79.83
Carpet  Area,Ready To Move,Sarjapur Road,2 BHK,GrnSpce,1089,2.0,1.0,79.07
Super built-up  Area,Ready To Move,Sarjapur Road,3 BHK,GrnSpce,1808,3.0,2.0,119.1
Super built-up  Area,Ready To Move,Electronic City,3 BHK,GrnSpce,1471,3.0,0.0,64.32
Built-up  Area,Ready To Move,Rajaji Nagar,3 BHK,GrnSpce,1453,4.0,2.0,156.75
Super built-up  Area,Ready To Move,Sarjapur Road,3 BHK,GrnSpce,1457,3.0,2.0,75.88
Plot  Area,Ready To Move,Kaggadasapura,3 BHK,GrnSpce,1530,3.0,2.0,77.51
Super built-up  Area,Ready To Move,Yelahanka,3 BHK,GrnSpce,1675,3.0,0.0,97.03
Plot  Area,Ready To Move,Kanakapura Road,1 BHK,GrnSpce,687,1.0,0.0,41.29
Super built-up  Area,Ready To Move,Kaggadasapura,2 BHK,GrnSpce,1110,2.0,2.0,59.34
Super built-up  Area,Ready To Move,Electronic City Phase II,2 BHK,GrnSpce,1036,2.0,3.0,37.85
Built-up  Area,Ready To Move,Electronic City Phase II,3 BHK,GrnSpce,1838,4.0,2.0,84.23
Super built-up  Area,Ready To Move,Kanakapura Road,2 BHK,GrnSpce,1271,2.0,1.0,64.35
Plot  Area,Ready To Move,HSR Layout,2 BHK,GrnSpce,951,3.0,3.0,87.47
Super built-up  Area,Ready To Move,Hebbal,2 BHK,GrnSpce,1039,2.0,1.0,100.38
Super built-up  Area,Ready To Move,Yelahanka,1 BHK,GrnSpce,512,1.0,0.0,30.32
Super built-up  Area,Ready To Move,Hebbal,2 BHK,GrnSpce,1021,2.0,1.0,95.55
Super built-up  Area,Ready To Move,Bannerghatta Road,2 BHK,GrnSpce,1134,2.0,3.0,71.94
Super built-up  Area,Ready To Move,Electronic City Phase II,1 BHK,GrnSpce,529,1.0,2.0,23.52
Plot  Area,Ready To Move,Sarjapur Road,2 BHK,GrnSpce,1072,2.0,0.0,57.18
Plot  Area,Ready To Move,Kaggadasapura,2 BHK,GrnSpce,906,2.0,0.0,40.73
Built-up  Area,Ready To Move,Bisuvanahalli,2 BHK,GrnSpce,1290,2.0,0.0,46.46
Plot  Area,Ready To Move,Whitefield,2 BHK,GrnSpce,903,2.0,1.0,63.62
Super built-up  Area,Ready To Move,Rajaji Nagar,3 BHK,GrnSpce,1877,3.0,2.0,199.25
Super built-up  Area,Ready To Move,Electronic City Phase II,2 BHK,GrnSpce,1182,2.0,2.0,49.5
Plot  Area,Ready To Move,Bisuvanahalli,2 BHK,GrnSpce,946,3.0,2.0,36.61
Built-up  Area,Ready To Move,Thanisandra,4 BHK,GrnSpce,2688,4.0,2.0,182.22
Plot  Area,Ready To Move,Rajaji Nagar,3 BHK,GrnSpce,1929,4.0,3.0,200.42
Super built-up  Area,Ready To Move,Indiranagar,2 BHK,GrnSpce,985,2.0,3.0,129.47
Plot  Area,Ready To Move,Bisuvanahalli,3 BHK,GrnSpce,1432,4.0,0.0,59.56
Super built-up  Area,Ready To Move,Thanisandra,5 BHK,GrnSpce,4684,5.0,2.0,276.2
Super built-up  Area,Ready To Move,Bellandur,3 BHK,GrnSpce,1673,3.0,3.0,136.02
Super built-up  Area,Ready To Move,Yelahanka,4 BHK,GrnSpce,2577,5.0,2.0,144.68
Super built-up  Area,Ready To Move,Bisuvanahalli,2 BHK,GrnSpce,921,2.0,3.0,27.87
Super built-up  Area,Ready To Move,KR Puram,3 BHK,GrnSpce,1619,3.0,3.0,68.72
Super built-up  Area,Ready To Move,Uttarahalli,3 BHK,GrnSpce,1852,3.0,3.0,101.34
Super built-up  Area,Ready To Move,HSR Layout,2 BHK,GrnSpce,1022,2.0,2.0,107.86
Carpet  Area,Ready To Move,Electronic City Phase II,3 BHK,GrnSpce,1917,3.0,2.0,90.92
Super built-up  Area,Ready To Move,Sarjapur Road,2 BHK,GrnSpce,1074,3.0,3.0,67.48
Carpet  Area,Ready To Move,Sarjapur Road,1 BHK,GrnSpce,694,1.0,0.0,45.82
Super built-up  Area,Ready To Move,Thanisandra,1 BHK,GrnSpce,521,1.0,0.0,35.61
Built-up  Area,Ready To Move,Yelahanka,2 BHK,GrnSpce,1009,2.0,3.0,44.04
Super built-up  Area,Ready To Move,Uttarahalli,3 BHK,GrnSpce,1819,3.0,1.0,70.29
Super built-up  Area,Ready To Move,Rajaji Nagar,3 BHK,GrnSpce,1929,3.0,0.0,243.36
Plot  Area,Ready To Move,Electronic City Phase II,2 BHK,GrnSpce,1131,2.0,0.0,42.77
Carpet  Area,Ready To Move,Whitefield,1 BHK,GrnSpce,566,2.0,3.0,39.83
Super built-up  Area,Ready To Move,Thanisandra,2 BHK,GrnSpce,1047,2.0,0.0,68.1
Super built-up  Area,Ready To Move,Bellandur,2 BHK,GrnSpce,1269,2.0,0.0,105.79
Plot  Area,Ready To Move,Bellandur,2 BHK,GrnSpce,1208,2.0,2.0,84.57
Super built-up  Area,Ready To Move,Koramangala,3 BHK,GrnSpce,1962,3.0,0.0,282.79
Super built-up  Area,Ready To Move,Electronic City Phase II,2 BHK,GrnSpce,1086,2.0,3.0,53.44
Super built-up  Area,Ready To Move,Kaggadasapura,3 BHK,GrnSpce,1526,3.0,1.0,89.51
Super built-up  Area,Ready To Move,KR Puram,3 BHK,GrnSpce,1957,3.0,0.0,76.16
Plot  Area,Ready To Move,Marathahalli,2 BHK,GrnSpce,1050,2.0,1.0,79.07
Super built-up  Area,Ready To Move,Indiranagar,3 BHK,GrnSpce,1712,3.0,0.0,217.69
Super built-up  Area,Ready To Move,Indiranagar,2 BHK,GrnSpce,1067,2.0,2.0,146.64
Super built-up  Area,Ready To Move,Kanakapura Road,2 BHK,GrnSpce,1186,2.0,0.0,57.3
Super built-up  Area,Ready To Move,Marathahalli,3 BHK,GrnSpce,1500,3.0,2.0,92.53
Super built-up  Area,Ready To Move,Bannerghatta Road,2 BHK,GrnSpce,1289,2.0,1.0,87.18
Super built-up  Area,Ready To Move,Koramangala,2 BHK,GrnSpce,1254,2.0,0.0,154.23
Super built-up  Area,Ready To Move,Sarjapur Road,3 BHK,GrnSpce,1907,3.0,0.0,141.04
Super built-up  Area,Ready To Move,Electronic City,3 BHK,GrnSpce,1424,3.0,2.0,66.14
Super built-up  Area,Ready To Move,Electronic City Phase II,2 BHK,GrnSpce,933,2.0,3.0,40.9
Plot  Area,Ready To Move,Indiranagar,3 BHK,GrnSpce,1447,3.0,3.0,213.93
Plot  Area,Ready To Move,Kaggadasapura,3 BHK,GrnSpce,1728,3.0,0.0,82.57
Plot  Area,Ready To Move,Hebbal,3 BHK,GrnSpce,1553,3.0,0.0,162.41
Super built-up  Area,Ready To Move,Electronic City,3 BHK,GrnSpce,1729,3.0,0.0,66.29
Super built-up  Area,Ready To Move,Bannerghatta Road,3 BHK,GrnSpce,1920,3.0,1.0,118.05
Super built-up  Area,Ready To Move,Bannerghatta Road,3 BHK,GrnSpce,1971,3.0,3.0,108.95
Super built-up  Area,Ready To Move,Marathahalli,3 BHK,GrnSpce,1605,3.0,0.0,118.59
Carpet  Area,Ready To Move,Bisuvanahalli,2 BHK,GrnSpce,1029,2.0,0.0,40.0
Plot  Area,Ready To Move,Thanisandra,3 BHK,GrnSpce,1498,3.0,2.0,110.5
Built-up  Area,Ready To Move,Electronic City Phase II,2 BHK,GrnSpce,1266,2.0,1.0,49.28
Carpet  Area,Ready To Move,Bannerghatta Road,2 BHK,GrnSpce,934,2.0,2.0,57.75
Super built-up  Area,Ready To Move,Thanisandra,1 BHK,GrnSpce,610,1.0,3.0,39.22
Built-up  Area,Ready To Move,Electronic City Phase II,2 BHK,GrnSpce,982,2.0,3.0,40.63
Built-up  Area,Ready To Move,HSR Layout,3 BHK,GrnSpce,1614,3.0,3.0,172.98
Super built-up  Area,Ready To Move,Uttarahalli,3 BHK,GrnSpce,1514,3.0,2.0,69.82
Super built-up  Area,Ready To Move,Koramangala,2 BHK,GrnSpce,1083,2.0,1.0,143.66
Plot  Area,Ready To Move,Marathahalli,3 BHK,GrnSpce,1458,3.0,1.0,91.61
Plot  Area,Ready To Move,Sarjapur Road,3 BHK,GrnSpce,1918,3.0,3.0,126.89
Super built-up  Area,Ready To Move,KR Puram,3 BHK,GrnSpce,1522,3.0,0.0,77.46
Built-up  Area,Ready To Move,Hebbal,3 BHK,GrnSpce,1831,3.0,0.0,174.77
Super built-up  Area,Ready To Move,Sarjapur Road,3 BHK,GrnSpce,1669,3.0,3.0,121.7
Super built-up  Area,Ready To Move,Uttarahalli,2 BHK,GrnSpce,949,2.0,1.0,50.37
Super built-up  Area,Ready To Move,Bisuvanahalli,1 BHK,GrnSpce,549,2.0,2.0,18.92
Super built-up  Area,Ready To Move,Bellandur,3 BHK,GrnSpce,1751,3.0,3.0,141.74
Super built-up  Area,Ready To Move,Kaggadasapura,2 BHK,GrnSpce,978,3.0,1.0,43.9
Super built-up  Area,Ready To Move,Thanisandra,3 BHK,GrnSpce,1949,3.0,0.0,105.69
Plot  Area,Ready To Move,Electronic City,1 BHK,GrnSpce,593,1.0,3.0,22.31
Super built-up  Area,Ready To Move,Sarjapur Road,3 BHK,GrnSpce,1672,4.0,3.0,89.27
Super built-up  Area,Ready To Move,Electronic City,4 BHK,GrnSpce,2589,4.0,1.0,126.51
Built-up  Area,Ready To Move,KR Puram,2 BHK,GrnSpce,1096,2.0,0.0,52.24
Super built-up  Area,Ready To Move,Electronic City,1 BHK,GrnSpce,713,2.0,3.0,29.79
Plot  Area,Ready To Move,Koramangala,3 BHK,GrnSpce,1496,3.0,2.0,212.49
Super built-up  Area,Ready To Move,Hebbal,2 BHK,GrnSpce,958,2.0,2.0,93.28
Plot  Area,Ready To Move,Hebbal,4 BHK,GrnSpce,2798,4.0,1.0,257.03
Super built-up  Area,Ready To Move,Uttarahalli,2 BHK,GrnSpce,1012,3.0,0.0,57.83
Super built-up  Area,Ready To Move,Bellandur,3 BHK,GrnSpce,1470,3.0,1.0,103.58
Built-up  Area,Ready To Move,HSR Layout,3 BHK,GrnSpce,1592,3.0,1.0,155.38
Super built-up  Area,Ready To Move,Koramangala,3 BHK,GrnSpce,1834,3.0,1.0,270.27
Super built-up  Area,Ready To Move,Kanakapura Road,2 BHK,GrnSpce,1227,3.0,1.0,63.6
Super built-up  Area,Ready To Move,Bellandur,2 BHK,GrnSpce,1215,2.0,0.0,83.93
Super built-up  Area,Ready To Move,Rajaji Nagar,4 BHK,GrnSpce,2753,4.0,0.0,311.84
Plot  Area,Ready To Move,Koramangala,3 BHK,GrnSpce,1677,4.0,3.0,219.0
Super built-up  Area,Ready To Move,Electronic City Phase II,2 BHK,GrnSpce,1280,2.0,1.0,64.45
Super built-up  Area,Ready To Move,Marathahalli,2 BHK,GrnSpce,973,2.0,3.0,65.05
Carpet  Area,Ready To Move,Uttarahalli,3 BHK,GrnSpce,1726,4.0,3.0,91.59
Super built-up  Area,Ready To Move,Koramangala,2 BHK,GrnSpce,901,2.0,2.0,121.76
Super built-up  Area,Ready To Move,Uttarahalli,2 BHK,GrnSpce,1260,2.0,3.0,54.47
Carpet  Area,Ready To Move,Kanakapura Road,3 BHK,GrnSpce,1678,3.0,0.0,101.41
Super built-up  Area,Ready To Move,Indiranagar,4 BHK,GrnSpce,2296,5.0,1.0,339.35
Super built-up  Area,Ready To Move,Whitefield,2 BHK,GrnSpce,1233,2.0,3.0,85.15
Built-up  Area,Ready To Move,Sarjapur Road,3 BHK,GrnSpce,1568,3.0,1.0,118.87
Plot  Area,Ready To Move,Bisuvanahalli,4 BHK,GrnSpce,2469,5.0,0.0,100.84
Super built-up  Area,Ready To Move,Kanakapura Road,2 BHK,GrnSpce,1057,2.0,1.0,58.59
Built-up  Area,Ready To Move,HSR Layout,4 BHK,GrnSpce,3159,4.0,2.0,353.23
Built-up  Area,Ready To Move,KR Puram,3 BHK,GrnSpce,1683,3.0,2.0,82.89
Super built-up  Area,Ready To Move,Electronic City,2 BHK,GrnSpce,1170,2.0,0.0,45.1
Super built-up  Area,Ready To Move,Whitefield,3 BHK,GrnSpce,1826,3.0,3.0,109.56
Built-up  Area,Ready To Move,Yelahanka,3 BHK,GrnSpce,1717,3.0,3.0,96.53
Super built-up  Area,Ready To Move,Hebbal,4 BHK,GrnSpce,2293,4.0,3.0,207.82
Built-up  Area,Ready To Move,HSR Layout,2 BHK,GrnSpce,1111,2.0,3.0,102.13
Super built-up  Area,Ready To Move,Bisuvanahalli,2 BHK,GrnSpce,1122,3.0,0.0,44.88
Super built-up  Area,Ready To Move,Bellandur,3 BHK,GrnSpce,1554,3.0,2.0,114.51
Super built-up  Area,Ready To Move,Yelahanka,3 BHK,GrnSpce,1553,3.0,1.0,87.96
Built-up  Area,Ready To Move,Sarjapur Road,2 BHK,GrnSpce,975,3.0,0.0,62.73
Built-up  Area,Ready To Move,Sarjapur Road,2 BHK,GrnSpce,1099,3.0,2.0,81.39
Super built-up  Area,Ready To Move,Whitefield,1 BHK,GrnSpce,643,1.0,3.0,48.21
Super built-up  Area,Ready To Move,Thanisandra,2 BHK,GrnSpce,970,2.0,3.0,61.93
Super built-up  Area,Ready To Move,Thanisandra,2 BHK,GrnSpce,962,2.0,3.0,69.31
Plot  Area,Ready To Move,Hebbal,3 BHK,GrnSpce,1685,4.0,1.0,175.65
Super built-up  Area,Ready To Move,Malleshwaram,2 BHK,GrnSpce,965,2.0,3.0,123.7
Built-up  Area,Ready To Move,Bellandur,2 BHK,GrnSpce,1279,2.0,3.0,102.16
Super built-up  Area,Ready To Move,Malleshwaram,3 BHK,GrnSpce,1738,4.0,1.0,217.61
Super built-up  Area,Ready To Move,Koramangala,1 BHK,GrnSpce,517,2.0,1.0,76.83
Super built-up  Area,Ready To Move,Electronic City Phase II,2 BHK,GrnSpce,1161,2.0,2.0,47.18
Plot  Area,Ready To Move,Rajaji Nagar,1 BHK,GrnSpce,510,1.0,0.0,63.26
Super built-up  Area,Ready To Move,Yelahanka,2 BHK,GrnSpce,916,2.0,1.0,47.65
Carpet  Area,Ready To Move,Marathahalli,2 BHK,GrnSpce,1005,2.0,3.0,63.34
Super built-up  Area,Ready To Move,Koramangala,3 BHK,GrnSpce,1637,3.0,2.0,262.77
Plot  Area,Ready To Move,HSR Layout,3 BHK,GrnSpce,1915,3.0,1.0,201.98
Plot  Area,Ready To Move,Hebbal,3 BHK,GrnSpce,1480,3.0,3.0,115.0
Super built-up  Area,Ready To Move,Kanakapura Road,2 BHK,GrnSpce,1282,2.0,2.0,70.31
Super built-up  Area,Ready To Move,Hebbal,2 BHK,GrnSpce,1191,3.0,3.0,86.2
Built-up  Area,Ready To Move,Malleshwaram,2 BHK,GrnSpce,1241,3.0,1.0,119.5
Built-up  Area,Ready To Move,Thanisandra,2 BHK,GrnSpce,1145,2.0,1.0,76.32
Super built-up  Area,Ready To Move,Malleshwaram,3 BHK,GrnSpce,1450,3.0,1.0,172.15
Super built-up  Area,Ready To Move,Marathahalli,2 BHK,GrnSpce,1281,2.0,0.0,101.96
Super built-up  Area,Ready To Move,Whitefield,2 BHK,GrnSpce,1143,2.0,0.0,76.1
Super built-up  Area,Ready To Move,Koramangala,3 BHK,GrnSpce,1424,3.0,1.0,204.42
Built-up  Area,Ready To Move,Electronic City,2 BHK,GrnSpce,1186,2.0,2.0,52.95
Built-up  Area,Ready To Move,Bisuvanahalli,2 BHK,GrnSpce,1190,2.0,3.0,44.84
Plot  Area,Ready To Move,Bisuvanahalli,2 BHK,GrnSpce,929,2.0,0.0,34.26
Plot  Area,Ready To Move,Rajaji Nagar,3 BHK,GrnSpce,1924,3.0,0.0,215.51
Super built-up  Area,Ready To Move,Hebbal,3 BHK,GrnSpce,1674,3.0,1.0,133.07
Built-up  Area,Ready To Move,Malleshwaram,4 BHK,GrnSpce,2729,4.0,3.0,300.49
Super built-up  Area,Ready To Move,Yelahanka,2 BHK,GrnSpce,1184,2.0,2.0,65.66
Built-up  Area,Ready To Move,Malleshwaram,4 BHK,GrnSpce,2788,4.0,1.0,283.7
Super built-up  Area,Ready To Move,Malleshwaram,1 BHK,GrnSpce,717,1.0,1.0,77.27
Plot  Area,Ready To Move,Bannerghatta Road,2 BHK,GrnSpce,1229,3.0,0.0,80.28
Plot  Area,Ready To Move,Bannerghatta Road,2 BHK,GrnSpce,1147,2.0,1.0,74.8
Super built-up  Area,Ready To Move,Bellandur,2 BHK,GrnSpce,1287,2.0,0.0,99.39
Super built-up  Area,Ready To Move,Yelahanka,5 BHK,GrnSpce,3736,5.0,0.0,229.51
Built-up  Area,Ready To Move,KR Puram,2 BHK,GrnSpce,1235,3.0,3.0,60.56
Super built-up  Area,Ready To Move,HSR Layout,1 BHK,GrnSpce,739,1.0,0.0,73.95
Super built-up  Area,Ready To Move,Kaggadasapura,2 BHK,GrnSpce,1265,3.0,0.0,62.11
Super built-up  Area,Ready To Move,Thanisandra,4 BHK,GrnSpce,2274,4.0,1.0,139.39
Super built-up  Area,Ready To Move,Bannerghatta Road,3 BHK,GrnSpce,1776,4.0,1.0,116.18
Carpet  Area,Ready To Move,Bellandur,1 BHK,GrnSpce,509,1.0,2.0,43.33
Built-up  Area,Ready To Move,Malleshwaram,2 BHK,GrnSpce,960,2.0,0.0,125.41
Plot  Area,Ready To Move,Rajaji Nagar,4 BHK,GrnSpce,2425,4.0,2.0,262.47
Super built-up  Area,Ready To Move,Indiranagar,2 BHK,GrnSpce,975,2.0,3.0,155.86
Super built-up  Area,Ready To Move,Electronic City,2 BHK,GrnSpce,1172,2.0,1.0,49.54
Plot  Area,Ready To Move,HSR Layout,3 BHK,GrnSpce,1693,3.0,1.0,166.98
Super built-up  Area,Ready To Move,Hebbal,3 BHK,GrnSpce,1614,3.0,2.0,133.32
Super built-up  Area,Ready To Move,Marathahalli,2 BHK,GrnSpce,1115,2.0,2.0,76.57
Built-up  Area,Ready To Move,KR Puram,2 BHK,GrnSpce,1094,2.0,2.0,51.88
Built-up  Area,Ready To Move,Uttarahalli,2 BHK,GrnSpce,1250,2.0,3.0,61.46
Built-up  Area,Ready To Move,Kaggadasapura,1 BHK,GrnSpce,648,2.0,0.0,32.79
Carpet  Area,Ready To Move,Indiranagar,2 BHK,GrnSpce,1207,2.0,3.0,137.95
Super built-up  Area,Ready To Move,Malleshwaram,2 BHK,GrnSpce,933,2.0,3.0,89.79
Super built-up  Area,Ready To Move,HSR Layout,2 BHK,GrnSpce,1078,2.0,3.0,102.39
Super built-up  Area,Ready To Move,Whitefield,3 BHK,GrnSpce,1429,3.0,0.0,95.24
Super built-up  Area,Ready To Move,Marathahalli,2 BHK,GrnSpce,1205,2.0,3.0,84.89
Built-up  Area,Ready To Move,Koramangala,3 BHK,GrnSpce,1777,3.0,2.0,241.45
Carpet  Area,Ready To Move,Thanisandra,2 BHK,GrnSpce,979,2.0,2.0,50.58
Super built-up  Area,Ready To Move,Kaggadasapura,2 BHK,GrnSpce,904,2.0,3.0,48.15
Super built-up  Area,Ready To Move,Electronic City Phase II,2 BHK,GrnSpce,1176,3.0,2.0,45.06
Plot  Area,Ready To Move,Marathahalli,2 BHK,GrnSpce,954,2.0,1.0,64.34
Super built-up  Area,Ready To Move,Kanakapura Road,2 BHK,GrnSpce,1100,2.0,2.0,70.76
Plot  Area,Ready To Move,Electronic City,4 BHK,GrnSpce,2902,4.0,1.0,138.29
Super built-up  Area,Ready To Move,Bellandur,2 BHK,GrnSpce,916,2.0,2.0,69.71
Carpet  Area,Ready To Move,Bisuvanahalli,2 BHK,GrnSpce,938,2.0,0.0,33.11
Super built-up  Area,Ready To Move,Yelahanka,1 BHK,GrnSpce,700,2.0,0.0,37.21
Plot  Area,Ready To Move,Koramangala,2 BHK,GrnSpce,1167,2.0,2.0,160.34
Super built-up  Area,Ready To Move,Indiranagar,3 BHK,GrnSpce,1508,3.0,0.0,166.79
Super built-up  Area,Ready To Move,Bellandur,2 BHK,GrnSpce,1279,2.0,2.0,107.6
Super built-up  Area,Ready To Move,Bisuvanahalli,3 BHK,GrnSpce,1827,4.0,1.0,73.41
Carpet  Area,Ready To Move,Electronic City,2 BHK,GrnSpce,1292,2.0,1.0,55.92
Built-up  Area,Ready To Move,Sarjapur Road,3 BHK,GrnSpce,1403,3.0,1.0,96.18
Super built-up  Area,Ready To Move,Malleshwaram,2 BHK,GrnSpce,1178,2.0,2.0,137.04
Super built-up  Area,Ready To Move,Bellandur,2 BHK,GrnSpce,1250,2.0,0.0,89.71
Carpet  Area,Ready To Move,Yelahanka,3 BHK,GrnSpce,1849,3.0,3.0,122.98
Super built-up  Area,Ready To Move,Hebbal,2 BHK,GrnSpce,1151,2.0,2.0,83.04
Built-up  Area,Ready To Move,Thanisandra,3 BHK,GrnSpce,1444,3.0,1.0,82.15
Super built-up  Area,Ready To Move,Koramangala,3 BHK,GrnSpce,1914,3.0,3.0,276.04
Built-up  Area,Ready To Move,HSR Layout,2 BHK,GrnSpce,1075,2.0,0.0,99.8
Super built-up  Area,Ready To Move,HSR Layout,2 BHK,GrnSpce,1110,2.0,1.0,101.96
Super built-up  Area,Ready To Move,HSR Layout,1 BHK,GrnSpce,523,1.0,0.0,44.8
Super built-up  Area,Ready To Move,KR Puram,2 BHK,GrnSpce,1195,2.0,3.0,47.17
Plot  Area,Ready To Move,Koramangala,3 BHK,GrnSpce,1819,3.0,0.0,235.83
Super built-up  Area,Ready To Move,Indiranagar,2 BHK,GrnSpce,921,2.0,2.0,126.76
Plot  Area,Ready To Move,Sarjapur Road,2 BHK,GrnSpce,968,2.0,3.0,67.21
Super built-up  Area,Ready To Move,HSR Layout,2 BHK,GrnSpce,1027,2.0,3.0,90.85
Plot  Area,Ready To Move,Sarjapur Road,2 BHK,GrnSpce,1226,2.0,1.0,81.16
Super built-up  Area,Ready To Move,Sarjapur Road,1 BHK,GrnSpce,736,1.0,2.0,41.72
Super built-up  Area,Ready To Move,Bannerghatta Road,2 BHK,GrnSpce,1295,2.0,1.0,86.23
Super built-up  Area,Ready To Move,Kanakapura Road,2 BHK,GrnSpce,988,3.0,3.0,61.41
Super built-up  Area,Ready To Move,Uttarahalli,3 BHK,GrnSpce,1688,3.0,3.0,94.95
Super built-up  Area,Ready To Move,Kanakapura Road,1 BHK,GrnSpce,722,2.0,2.0,31.44
Super built-up  Area,Ready To Move,Bellandur,2 BHK,GrnSpce,986,2.0,1.0,56.41
Plot  Area,Ready To Move,Thanisandra,3 BHK,GrnSpce,1713,3.0,2.0,127.89
Super built-up  Area,Ready To Move,Thanisandra,2 BHK,GrnSpce,1125,2.0,1.0,69.42
Super built-up  Area,Ready To Move,Electronic City Phase II,3 BHK,GrnSpce,1578,3.0,0.0,71.11
Super built-up  Area,Ready To Move,Sarjapur Road,3 BHK,GrnSpce,1496,3.0,2.0,92.74
Plot  Area,Ready To Move,Electronic City,1 BHK,GrnSpce,622,2.0,1.0,24.09
Super built-up  Area,Ready To Move,Sarjapur Road,2 BHK,GrnSpce,1180,2.0,0.0,80.73
Built-up  Area,Ready To Move,Electronic City,3 BHK,GrnSpce,1980,3.0,3.0,102.42
Super built-up  Area,Ready To Move,Electronic City,2 BHK,GrnSpce,1013,3.0,1.0,46.78
Plot  Area,Ready To Move,Kanakapura Road,4 BHK,GrnSpce,2417,5.0,0.0,112.86
Super built-up  Area,Ready To Move,Indiranagar,3 BHK,GrnSpce,1983,3.0,1.0,313.35
Super built-up  Area,Ready To Move,KR Puram,3 BHK,GrnSpce,1924,4.0,2.0,84.56
Built-up  Area,Ready To Move,Rajaji Nagar,1 BHK,GrnSpce,589,1.0,1.0,64.58
Super built-up  Area,Ready To Move,Rajaji Nagar,2 BHK,GrnSpce,1219,2.0,2.0,118.98
Super built-up  Area,Ready To Move,Marathahalli,4 BHK,GrnSpce,2447,5.0,3.0,134.17
Built-up  Area,Ready To Move,Bellandur,3 BHK,GrnSpce,1991,3.0,1.0,137.96
Super built-up  Area,Ready To Move,Indiranagar,2 BHK,GrnSpce,1131,2.0,2.0,159.48
Carpet  Area,Ready To Move,Koramangala,5 BHK,GrnSpce,4010,5.0,0.0,483.68
Plot  Area,Ready To Move,Indiranagar,1 BHK,GrnSpce,719,1.0,2.0,116.34
Plot  Area,Ready To Move,Thanisandra,3 BHK,GrnSpce,1936,3.0,1.0,126.28
Super built-up  Area,Ready To Move,Whitefield,1 BHK,GrnSpce,681,1.0,0.0,52.35
Plot  Area,Ready To Move,Electronic City,1 BHK,GrnSpce,703,1.0,1.0,26.43
Carpet  Area,Ready To Move,Kaggadasapura,3 BHK,GrnSpce,1608,3.0,0.0,79.64
Super built-up  Area,Ready To Move,Bannerghatta Road,2 BHK,GrnSpce,1115,2.0,2.0,70.87
Built-up  Area,Ready To Move,Malleshwaram,1 BHK,GrnSpce,701,1.0,3.0,84.15
Plot  Area,Ready To Move,KR Puram,3 BHK,GrnSpce,1670,3.0,2.0,97.05
Super built-up  Area,Ready To Move,Rajaji Nagar,3 BHK,GrnSpce,1698,3.0,3.0,192.17
Built-up  Area,Ready To Move,Uttarahalli,3 BHK,GrnSpce,1401,3.0,2.0,75.67
Super built-up  Area,Ready To Move,Thanisandra,2 BHK,GrnSpce,1063,2.0,0.0,66.52
Super built-up  Area,Ready To Move,Sarjapur Road,2 BHK,GrnSpce,1116,2.0,0.0,62.55
Plot  Area,Ready To Move,Electronic City Phase II,3 BHK,GrnSpce,1508,3.0,1.0,61.68
Super built-up  Area,Ready To Move,Electronic City,3 BHK,GrnSpce,1958,3.0,2.0,97.58
Carpet  Area,Ready To Move,Uttarahalli,3 BHK,GrnSpce,1878,3.0,0.0,99.97
Super built-up  Area,Ready To Move,Sarjapur Road,2 BHK,GrnSpce,901,2.0,2.0,65.59
Super built-up  Area,Ready To Move,Electronic City Phase II,3 BHK,GrnSpce,1539,4.0,3.0,56.18
Super built-up  Area,Ready To Move,Yelahanka,3 BHK,GrnSpce,1570,4.0,1.0,85.85
Super built-up  Area,Ready To Move,Indiranagar,2 BHK,GrnSpce,999,2.0,3.0,134.65
Plot  Area,Ready To Move,Bisuvanahalli,3 BHK,GrnSpce,1556,3.0,3.0,66.05
Super built-up  Area,Ready To Move,Hebbal,3 BHK,GrnSpce,1630,3.0,3.0,148.24
Super built-up  Area,Ready To Move,HSR Layout,2 BHK,GrnSpce,1154,2.0,1.0,101.36
Built-up  Area,Ready To Move,KR Puram,5 BHK,GrnSpce,4386,5.0,3.0,224.17
Carpet  Area,Ready To Move,Malleshwaram,3 BHK,GrnSpce,1956,3.0,0.0,236.55
Super built-up  Area,Ready To Move,Whitefield,2 BHK,GrnSpce,928,2.0,3.0,62.04
Built-up  Area,Ready To Move,Electronic City,5 BHK,GrnSpce,4664,5.0,0.0,234.34
Built-up  Area,Ready To Move,Sarjapur Road,3 BHK,GrnSpce,1571,3.0,0.0,104.25
Plot  Area,Ready To Move,Bisuvanahalli,2 BHK,GrnSpce,1199,2.0,1.0,43.24
Super built-up  Area,Ready To Move,Rajaji Nagar,2 BHK,GrnSpce,970,2.0,1.0,114.06
Plot  Area,Ready To Move,Sarjapur Road,2 BHK,GrnSpce,1097,3.0,0.0,64.05
Super built-up  Area,Ready To Move,Uttarahalli,3 BHK,GrnSpce,1922,3.0,1.0,81.52
Super built-up  Area,Ready To Move,Marathahalli,1 BHK,GrnSpce,686,1.0,0.0,55.19
Plot  Area,Ready To Move,Rajaji Nagar,3 BHK,GrnSpce,1728,3.0,3.0,210.92
Plot  Area,Ready To Move,Rajaji Nagar,3 BHK,GrnSpce,1951,3.0,2.0,204.86
Plot  Area,Ready To Move,Electronic City Phase II,2 BHK,GrnSpce,1087,2.0,2.0,44.62
Super built-up  Area,Ready To Move,Bellandur,5 BHK,GrnSpce,4023,5.0,3.0,353.81
Plot  Area,Ready To Move,HSR Layout,3 BHK,GrnSpce,1532,4.0,1.0,162.39
Super built-up  Area,Ready To Move,Whitefield,2 BHK,GrnSpce,1181,2.0,1.0,79.4
Super built-up  Area,Ready To Move,Thanisandra,2 BHK,GrnSpce,1285,2.0,0.0,93.6
Built-up  Area,Ready To Move,Marathahalli,3 BHK,GrnSpce,1585,3.0,1.0,103.57
Super built-up  Area,Ready To Move,Kanakapura Road,2 BHK,GrnSpce,1177,3.0,1.0,67.57
Super built-up  Area,Ready To Move,Indiranagar,2 BHK,GrnSpce,1150,2.0,2.0,176.03
Super built-up  Area,Ready To Move,Kaggadasapura,2 BHK,GrnSpce,1085,3.0,2.0,59.57
Super built-up  Area,Ready To Move,Kanakapura Road,2 BHK,GrnSpce,1222,2.0,2.0,52.29
Plot  Area,Ready To Move,Bannerghatta Road,2 BHK,GrnSpce,1020,2.0,2.0,71.36
Super built-up  Area,Ready To Move,Bisuvanahalli,2 BHK,GrnSpce,1072,2.0,0.0,46.02
Super built-up  Area,Ready To Move,Sarjapur Road,2 BHK,GrnSpce,1073,3.0,1.0,72.52
Plot  Area,Ready To Move,HSR Layout,4 BHK,GrnSpce,2391,4.0,0.0,263.41
Super built-up  Area,Ready To Move,Electronic City Phase II,2 BHK,GrnSpce,930,2.0,1.0,38.81
Plot  Area,Ready To Move,Koramangala,3 BHK,GrnSpce,1722,3.0,0.0,238.77
Super built-up  Area,Ready To Move,Bisuvanahalli,2 BHK,GrnSpce,1220,2.0,0.0,51.62
Super built-up  Area,Ready To Move,Malleshwaram,2 BHK,GrnSpce,1278,3.0,2.0,151.39
Super built-up  Area,Ready To Move,Kaggadasapura,2 BHK,GrnSpce,1147,3.0,1.0,62.59
Carpet  Area,Ready To Move,Rajaji Nagar,2 BHK,GrnSpce,1115,2.0,1.0,128.79
Plot  Area,Ready To Move,Thanisandra,3 BHK,GrnSpce,1430,3.0,3.0,73.57
Carpet  Area,Ready To Move,Sarjapur Road,1 BHK,GrnSpce,632,1.0,1.0,41.16
Super built-up  Area,Ready To Move,Kaggadasapura,2 BHK,GrnSpce,924,2.0,1.0,55.7
Super built-up  Area,Ready To Move,Sarjapur Road,3 BHK,GrnSpce,1959,3.0,0.0,127.58
Super built-up  Area,Ready To Move,Electronic City Phase II,3 BHK,GrnSpce,1604,3.0,1.0,73.22
Super built-up  Area,Ready To Move,Marathahalli,3 BHK,GrnSpce,1611,3.0,1.0,111.45
Super built-up  Area,Ready To Move,Bisuvanahalli,2 BHK,GrnSpce,938,2.0,1.0,37.04
Built-up  Area,Ready To Move,Marathahalli,3 BHK,GrnSpce,1906,3.0,0.0,130.65
Super built-up  Area,Ready To Move,Bellandur,2 BHK,GrnSpce,1107,2.0,1.0,88.6
Super built-up  Area,Ready To Move,Thanisandra,2 BHK,GrnSpce,915,2.0,2.0,58.91
Super built-up  Area,Ready To Move,Bisuvanahalli,2 BHK,GrnSpce,1188,3.0,2.0,50.59
Built-up  Area,Ready To Move,Kaggadasapura,3 BHK,GrnSpce,1988,3.0,3.0,103.58
Built-up  Area,Ready To Move,Koramangala,1 BHK,GrnSpce,660,1.0,0.0,90.28
Plot  Area,Ready To Move,Kanakapura Road,3 BHK,GrnSpce,1601,3.0,3.0,95.22
Super built-up  Area,Ready To Move,Rajaji Nagar,2 BHK,GrnSpce,1121,2.0,0.0,135.18
Super built-up  Area,Ready To Move,Malleshwaram,2 BHK,GrnSpce,1127,2.0,2.0,108.88
Super built-up  Area,Ready To Move,Bannerghatta Road,2 BHK,GrnSpce,965,2.0,0.0,63.15
Super built-up  Area,Ready To Move,Kaggadasapura,3 BHK,GrnSpce,1500,3.0,0.0,73.48
Plot  Area,Ready To Move,Electronic City,3 BHK,GrnSpce,1905,3.0,0.0,82.8
Super built-up  Area,Ready To Move,HSR Layout,2 BHK,GrnSpce,1155,2.0,3.0,125.52
Super built-up  Area,Ready To Move,Indiranagar,3 BHK,GrnSpce,1687,3.0,2.0,235.86
Super built-up  Area,Ready To Move,Marathahalli,2 BHK,GrnSpce,952,2.0,2.0,70.33
Super built-up  Area,Ready To Move,Rajaji Nagar,5 BHK,GrnSpce,4498,6.0,3.0,418.4
Super built-up  Area,Ready To Move,Rajaji Nagar,2 BHK,GrnSpce,1006,2.0,1.0,116.77
Super built-up  Area,Ready To Move,Electronic City,3 BHK,GrnSpce,1565,3.0,1.0,78.64
Super built-up  Area,Ready To Move,Electronic City,2 BHK,GrnSpce,1173,3.0,0.0,55.59
Super built-up  Area,Ready To Move,Bisuvanahalli,1 BHK,GrnSpce,726,1.0,0.0,30.55
Plot  Area,Ready To Move,Thanisandra,1 BHK,GrnSpce,524,1.0,2.0,29.31
Super built-up  Area,Ready To Move,Rajaji Nagar,5 BHK,GrnSpce,3871,5.0,0.0,398.58
Super built-up  Area,Ready To Move,Hebbal,1 BHK,GrnSpce,614,1.0,0.0,47.86
Super built-up  Area,Ready To Move,Bisuvanahalli,1 BHK,GrnSpce,580,1.0,3.0,23.3
Super built-up  Area,Ready To Move,Sarjapur Road,3 BHK,GrnSpce,1798,3.0,1.0,131.56
Super built-up  Area,Ready To Move,Uttarahalli,2 BHK,GrnSpce,1057,2.0,1.0,53.7
Super built-up  Area,Ready To Move,Kanakapura Road,2 BHK,GrnSpce,1179,2.0,3.0,72.58
Super built-up  Area,Ready To Move,Marathahalli,4 BHK,GrnSpce,2223,4.0,1.0,160.72
Super built-up  Area,Ready To Move,Marathahalli,3 BHK,GrnSpce,1869,3.0,1.0,121.07
Super built-up  Area,Ready To Move,Kaggadasapura,4 BHK,GrnSpce,2405,4.0,1.0,117.94
Super built-up  Area,Ready To Move,Indiranagar,3 BHK,GrnSpce,1660,3.0,3.0,229.52
Plot  Area,Ready To Move,Electronic City,2 BHK,GrnSpce,1181,2.0,2.0,55.17
Super built-up  Area,Ready To Move,Thanisandra,2 BHK,GrnSpce,952,2.0,1.0,56.4
Super built-up  Area,Ready To Move,Hebbal,1 BHK,GrnSpce,506,1.0,0.0,42.25
Plot  Area,Ready To Move,Bellandur,2 BHK,GrnSpce,1279,3.0,3.0,95.9
Super built-up  Area,Ready To Move,Sarjapur Road,2 BHK,GrnSpce,1265,2.0,2.0,88.18
Super built-up  Area,Ready To Move,Electronic City Phase II,3 BHK,GrnSpce,1989,3.0,1.0,77.99
Plot  Area,Ready To Move,Electronic City Phase II,3 BHK,GrnSpce,1473,3.0,2.0,70.28
Super built-up  Area,Ready To Move,Bellandur,5 BHK,GrnSpce,4545,6.0,2.0,266.18
Built-up  Area,Ready To Move,Bannerghatta Road,2 BHK,GrnSpce,1209,3.0,3.0,74.39
Super built-up  Area,Ready To Move,Electronic City,4 BHK,GrnSpce,2913,4.0,0.0,142.63
Super built-up  Area,Ready To Move,Marathahalli,2 BHK,GrnSpce,905,2.0,2.0,64.55
Super built-up  Area,Ready To Move,Whitefield,3 BHK,GrnSpce,1968,3.0,3.0,131.47
Plot  Area,Ready To Move,Bannerghatta Road,2 BHK,GrnSpce,1209,2.0,2.0,72.3
Plot  Area,Ready To Move,Koramangala,1 BHK,GrnSpce,734,1.0,2.0,96.75
Built-up  Area,Ready To Move,Koramangala,2 BHK,GrnSpce,1247,2.0,2.0,175.74
Super built-up  Area,Ready To Move,Uttarahalli,3 BHK,GrnSpce,1408,3.0,1.0,52.41
Super built-up  Area,Ready To Move,Uttarahalli,3 BHK,GrnSpce,1596,3.0,0.0,77.25
Plot  Area,Ready To Move,Whitefield,1 BHK,GrnSpce,509,1.0,3.0,34.44
Super built-up  Area,Ready To Move,Bannerghatta Road,2 BHK,GrnSpce,1076,2.0,0.0,73.76
Built-up  Area,Ready To Move,Thanisandra,2 BHK,GrnSpce,1287,2.0,1.0,104.63
Super built-up  Area,Ready To Move,Malleshwaram,2 BHK,GrnSpce,1257,2.0,2.0,146.14
Super built-up  Area,Ready To Move,Rajaji Nagar,3 BHK,GrnSpce,1502,3.0,3.0,193.94
Plot  Area,Ready To Move,Thanisandra,4 BHK,GrnSpce,2656,5.0,3.0,175.65
Plot  Area,Ready To Move,Hebbal,3 BHK,GrnSpce,1540,4.0,1.0,130.08
Plot  Area,Ready To Move,Bisuvanahalli,3 BHK,GrnSpce,1862,3.0,2.0,65.44
Built-up  Area,Ready To Move,Koramangala,2 BHK,GrnSpce,1008,2.0,0.0,142.29
Built-up  Area,Ready To Move,KR Puram,1 BHK,GrnSpce,655,1.0,0.0,36.17
Built-up  Area,Ready To Move,Thanisandra,3 BHK,GrnSpce,1948,3.0,0.0,137.23
Super built-up  Area,Ready To Move,Marathahalli,2 BHK,GrnSpce,1236,2.0,1.0,66.61
Built-up  Area,Ready To Move,HSR Layout,2 BHK,GrnSpce,1013,2.0,1.0,101.08
Plot  Area,Ready To Move,Uttarahalli,3 BHK,GrnSpce,1565,3.0,3.0,62.56
Super built-up  Area,Ready To Move,Malleshwaram,2 BHK,GrnSpce,972,2.0,2.0,108.26
Super built-up  Area,Ready To Move,KR Puram,2 BHK,GrnSpce,1123,3.0,1.0,59.25
Super built-up  Area,Ready To Move,Electronic City,2 BHK,GrnSpce,1109,2.0,1.0,48.26
Super built-up  Area,Ready To Move,Kaggadasapura,3 BHK,GrnSpce,1900,4.0,3.0,102.1
Plot  Area,Ready To Move,Bannerghatta Road,4 BHK,GrnSpce,2245,5.0,1.0,164.92
Super built-up  Area,Ready To Move,Marathahalli,3 BHK,GrnSpce,1692,3.0,2.0,120.72
Super built-up  Area,Ready To Move,Malleshwaram,3 BHK,GrnSpce,1717,4.0,0.0,206.89
Built-up  Area,Ready To Move,Thanisandra,1 BHK,GrnSpce,665,1.0,2.0,44.14
Super built-up  Area,Ready To Move,Sarjapur Road,3 BHK,GrnSpce,1618,3.0,3.0,108.87
Plot  Area,Ready To Move,Uttarahalli,3 BHK,GrnSpce,1666,3.0,1.0,81.95
Super built-up  Area,Ready To Move,Electronic City,3 BHK,GrnSpce,1603,3.0,3.0,72.7
Built-up  Area,Ready To Move,Electronic City Phase II,3 BHK,GrnSpce,1482,3.0,3.0,63.36
Super built-up  Area,Ready To Move,Uttarahalli,2 BHK,GrnSpce,1265,2.0,2.0,50.07
Super built-up  Area,Ready To Move,Uttarahalli,4 BHK,GrnSpce,2510,4.0,3.0,112.64
Super built-up  Area,Ready To Move,Rajaji Nagar,1 BHK,GrnSpce,727,1.0,3.0,88.71
Plot  Area,Ready To Move,Indiranagar,3 BHK,GrnSpce,1743,3.0,2.0,256.72
Plot  Area,Ready To Move,Indiranagar,3 BHK,GrnSpce,1474,3.0,0.0,215.15
Plot  Area,Ready To Move,Hebbal,2 BHK,GrnSpce,976,2.0,3.0,85.05
Built-up  Area,Ready To Move,Thanisandra,2 BHK,GrnSpce,1196,3.0,1.0,77.47
Super built-up  Area,Ready To Move,Kanakapura Road,1 BHK,GrnSpce,710,1.0,2.0,44.25
Super built-up  Area,Ready To Move,Electronic City Phase II,3 BHK,GrnSpce,1564,4.0,0.0,69.44
Plot  Area,Ready To Move,Thanisandra,4 BHK,GrnSpce,2826,4.0,0.0,189.21
Plot  Area,Ready To Move,Whitefield,2 BHK,GrnSpce,1094,2.0,3.0,70.07
Super built-up  Area,Ready To Move,Koramangala,2 BHK,GrnSpce,992,2.0,1.0,142.34
Plot  Area,Ready To Move,Electronic City,3 BHK,GrnSpce,1405,3.0,3.0,60.97
Plot  Area,Ready To Move,Indiranagar,3 BHK,GrnSpce,1867,3.0,1.0,228.51
Super built-up  Area,Ready To Move,Koramangala,3 BHK,GrnSpce,1812,4.0,3.0,240.19
Super built-up  Area,Ready To Move,Sarjapur Road,3 BHK,GrnSpce,1997,4.0,2.0,133.11
Super built-up  Area,Ready To Move,Indiranagar,1 BHK,GrnSpce,620,1.0,2.0,81.4
Super built-up  Area,Ready To Move,Sarjapur Road,2 BHK,GrnSpce,947,3.0,1.0,63.42
Super built-up  Area,Ready To Move,Kaggadasapura,2 BHK,GrnSpce,1101,2.0,1.0,58.41
Super built-up  Area,Ready To Move,Kanakapura Road,3 BHK,GrnSpce,1422,3.0,2.0,84.1
Super built-up  Area,Ready To Move,Whitefield,2 BHK,GrnSpce,1052,2.0,3.0,67.95
Carpet  Area,Ready To Move,Marathahalli,3 BHK,GrnSpce,1645,3.0,0.0,119.7
Super built-up  Area,Ready To Move,Malleshwaram,1 BHK,GrnSpce,538,1.0,1.0,69.29
Plot  Area,Ready To Move,Hebbal,2 BHK,GrnSpce,1213,2.0,1.0,102.32
Plot  Area,Ready To Move,Bannerghatta Road,2 BHK,GrnSpce,1158,2.0,2.0,68.51
Super built-up  Area,Ready To Move,Kanakapura Road,3 BHK,GrnSpce,1537,3.0,2.0,77.12
Super built-up  Area,Ready To Move,Bannerghatta Road,2 BHK,GrnSpce,942,2.0,1.0,58.43
Super built-up  Area,Ready To Move,Kanakapura Road,1 BHK,GrnSpce,533,1.0,0.0,34.42
Super built-up  Area,Ready To Move,Hebbal,2 BHK,GrnSpce,1028,2.0,1.0,82.85
Plot  Area,Ready To Move,Whitefield,3 BHK,GrnSpce,1423,4.0,2.0,102.24
Built-up  Area,Ready To Move,Indiranagar,2 BHK,GrnSpce,1137,2.0,3.0,178.64
Super built-up  Area,Ready To Move,Rajaji Nagar,3 BHK,GrnSpce,1965,3.0,0.0,192.75
Super built-up  Area,Ready To Move,Kaggadasapura,3 BHK,GrnSpce,1830,4.0,3.0,83.14
Super built-up  Area,Ready To Move,HSR Layout,3 BHK,GrnSpce,1652,3.0,3.0,155.2
Built-up  Area,Ready To Move,Thanisandra,1 BHK,GrnSpce,533,1.0,1.0,36.05
Built-up  Area,Ready To Move,Whitefield,4 BHK,GrnSpce,3091,4.0,3.0,232.91
Super built-up  Area,Ready To Move,Rajaji Nagar,1 BHK,GrnSpce,625,1.0,3.0,64.83
Super built-up  Area,Ready To Move,KR Puram,2 BHK,GrnSpce,1110,2.0,0.0,63.27
Super built-up  Area,Ready To Move,Whitefield,3 BHK,GrnSpce,1481,3.0,3.0,107.47
Super built-up  Area,Ready To Move,HSR Layout,2 BHK,GrnSpce,976,2.0,3.0,108.18
Plot  Area,Ready To Move,Whitefield,3 BHK,GrnSpce,1840,3.0,2.0,131.51
Built-up  Area,Ready To Move,Bannerghatta Road,3 BHK,GrnSpce,1680,3.0,3.0,103.0
Super built-up  Area,Ready To Move,Bannerghatta Road,2 BHK,GrnSpce,1087,2.0,2.0,66.62
Super built-up  Area,Ready To Move,Electronic City,3 BHK,GrnSpce,1563,4.0,1.0,73.4
Super built-up  Area,Ready To Move,KR Puram,2 BHK,GrnSpce,1103,3.0,3.0,53.47
Super built-up  Area,Ready To Move,Marathahalli,2 BHK,GrnSpce,1237,2.0,2.0,75.24
Plot  Area,Ready To Move,Whitefield,3 BHK,GrnSpce,1537,3.0,3.0,110.36
Super built-up  Area,Ready To Move,Electronic City,3 BHK,GrnSpce,1716,4.0,1.0,70.96
Super built-up  Area,Ready To Move,Yelahanka,2 BHK,GrnSpce,922,2.0,2.0,48.88
Super built-up  Area,Ready To Move,Rajaji Nagar,2 BHK,GrnSpce,1038,2.0,1.0,102.14
Super built-up  Area,Ready To Move,Uttarahalli,3 BHK,GrnSpce,1714,3.0,0.0,93.54
Super built-up  Area,Ready To Move,Kanakapura Road,1 BHK,GrnSpce,547,1.0,3.0,28.25
Plot  Area,Ready To Move,Sarjapur Road,3 BHK,GrnSpce,1442,3.0,1.0,93.09
Super built-up  Area,Ready To Move,Kanakapura Road,2 BHK,GrnSpce,1005,2.0,3.0,62.73
Super built-up  Area,Ready To Move,Malleshwaram,4 BHK,GrnSpce,2346,5.0,1.0,268.75
Super built-up  Area,Ready To Move,Rajaji Nagar,2 BHK,GrnSpce,1237,3.0,0.0,137.2
Built-up  Area,Ready To Move,Kanakapura Road,1 BHK,GrnSpce,602,1.0,3.0,30.38
Plot  Area,Ready To Move,Electronic City Phase II,1 BHK,GrnSpce,707,1.0,2.0,31.79
Plot  Area,Ready To Move,Electronic City Phase II,3 BHK,GrnSpce,1422,3.0,3.0,59.61
Super built-up  Area,Ready To Move,Electronic City,2 BHK,GrnSpce,1068,2.0,0.0,49.06
Super built-up  Area,Ready To Move,Marathahalli,2 BHK,GrnSpce,995,2.0,1.0,62.77
Built-up  Area,Ready To Move,Yelahanka,3 BHK,GrnSpce,1531,3.0,2.0,89.96
Super built-up  Area,Ready To Move,Kanakapura Road,2 BHK,GrnSpce,1230,3.0,2.0,70.96
Super built-up  Area,Ready To Move,Sarjapur Road,2 BHK,GrnSpce,1209,3.0,1.0,79.66
Super built-up  Area,Ready To Move,Electronic City Phase II,3 BHK,GrnSpce,1635,3.0,2.0,80.21
Plot  Area,Ready To Move,Uttarahalli,2 BHK,GrnSpce,1089,3.0,0.0,45.81
Built-up  Area,Ready To Move,Hebbal,4 BHK,GrnSpce,2293,4.0,2.0,224.59
Super built-up  Area,Ready To Move,KR Puram,2 BHK,GrnSpce,1223,3.0,3.0,73.47
Super built-up  Area,Ready To Move,Bannerghatta Road,3 BHK,GrnSpce,1505,3.0,1.0,102.46
Plot  Area,Ready To Move,Electronic City Phase II,1 BHK,GrnSpce,685,1.0,0.0,23.67
Super built-up  Area,Ready To Move,Indiranagar,3 BHK,GrnSpce,1767,4.0,0.0,276.09
Super built-up  Area,Ready To Move,Whitefield,3 BHK,GrnSpce,1702,3.0,0.0,87.94
Plot  Area,Ready To Move,Malleshwaram,3 BHK,GrnSpce,1576,3.0,2.0,164.71
Super built-up  Area,Ready To Move,Rajaji Nagar,2 BHK,GrnSpce,1231,2.0,1.0,122.12
Super built-up  Area,Ready To Move,Koramangala,4 BHK,GrnSpce,2398,5.0,2.0,355.04
Plot  Area,Ready To Move,HSR Layout,3 BHK,GrnSpce,1648,3.0,3.0,128.64
Plot  Area,Ready To Move,Kaggadasapura,3 BHK,GrnSpce,1419,3.0,1.0,85.59
Built-up  Area,Ready To Move,Koramangala,2 BHK,GrnSpce,954,2.0,0.0,141.57
Super built-up  Area,Ready To Move,Whitefield,2 BHK,GrnSpce,1191,2.0,1.0,80.31
Super built-up  Area,Ready To Move,Bannerghatta Road,2 BHK,GrnSpce,1010,2.0,2.0,69.32
Super built-up  Area,Ready To Move,Yelahanka,3 BHK,GrnSpce,1670,3.0,0.0,80.98
Super built-up  Area,Ready To Move,Yelahanka,2 BHK,GrnSpce,1030,2.0,0.0,65.43
Plot  Area,Ready To Move,KR Puram,2 BHK,GrnSpce,1219,2.0,2.0,65.77
Super built-up  Area,Ready To Move,Kanakapura Road,3 BHK,GrnSpce,1792,3.0,2.0,95.72
Super built-up  Area,Ready To Move,Malleshwaram,5 BHK,GrnSpce,4879,5.0,3.0,679.92
Plot  Area,Ready To Move,Bannerghatta Road,2 BHK,GrnSpce,993,3.0,1.0,74.34
Built-up  Area,Ready To Move,Malleshwaram,3 BHK,GrnSpce,1525,3.0,0.0,140.65
Super built-up  Area,Ready To Move,Sarjapur Road,3 BHK,GrnSpce,1608,3.0,0.0,115.54
Built-up  Area,Ready To Move,Sarjapur Road,2 BHK,GrnSpce,1043,2.0,1.0,67.55
Super built-up  Area,Ready To Move,Koramangala,3 BHK,GrnSpce,1799,3.0,0.0,291.28
Super built-up  Area,Ready To Move,Bellandur,1 BHK,GrnSpce,573,1.0,2.0,38.91
Super built-up  Area,Ready To Move,Uttarahalli,1 BHK,GrnSpce,690,1.0,1.0,35.25
Plot  Area,Ready To Move,Whitefield,3 BHK,GrnSpce,1591,3.0,2.0,104.83
Super built-up  Area,Ready To Move,Bellandur,2 BHK,GrnSpce,1051,2.0,2.0,84.11
Plot  Area,Ready To Move,HSR Layout,1 BHK,GrnSpce,627,1.0,3.0,78.39
Super built-up  Area,Ready To Move,Uttarahalli,1 BHK,GrnSpce,720,1.0,0.0,29.57
Plot  Area,Ready To Move,Bannerghatta Road,2 BHK,GrnSpce,1055,3.0,2.0,72.16
Super built-up  Area,Ready To Move,Sarjapur Road,2 BHK,GrnSpce,1000,2.0,3.0,66.19
Super built-up  Area,Ready To Move,Indiranagar,2 BHK,GrnSpce,1117,2.0,3.0,149.9
Super built-up  Area,Ready To Move,KR Puram,1 BHK,GrnSpce,606,1.0,1.0,31.27
Super built-up  Area,Ready To Move,Thanisandra,3 BHK,GrnSpce,1712,3.0,2.0,108.22
Plot  Area,Ready To Move,Thanisandra,3 BHK,GrnSpce,1750,3.0,2.0,110.72
Super built-up  Area,Ready To Move,Kanakapura Road,2 BHK,GrnSpce,982,2.0,3.0,56.32
Super built-up  Area,Ready To Move,Electronic City,2 BHK,GrnSpce,1281,3.0,2.0,46.52
Super built-up  Area,Ready To Move,Electronic City,1 BHK,GrnSpce,746,2.0,0.0,32.24
Built-up  Area,Ready To Move,Kanakapura Road,3 BHK,GrnSpce,1412,3.0,0.0,77.69
Super built-up  Area,Ready To Move,Electronic City Phase II,2 BHK,GrnSpce,1275,3.0,1.0,60.65
Super built-up  Area,Ready To Move,Hebbal,2 BHK,GrnSpce,960,2.0,3.0,80.33
Super built-up  Area,Ready To Move,Sarjapur Road,3 BHK,GrnSpce,1498,3.0,0.0,78.05
Plot  Area,Ready To Move,Bisuvanahalli,2 BHK,GrnSpce,1286,2.0,2.0,45.86
Super built-up  Area,Ready To Move,Marathahalli,2 BHK,GrnSpce,1258,2.0,2.0,86.59
Super built-up  Area,Ready To Move,Koramangala,4 BHK,GrnSpce,3086,4.0,0.0,480.76
Super built-up  Area,Ready To Move,Thanisandra,2 BHK,GrnSpce,1008,2.0,3.0,60.23
Carpet  Area,Ready To Move,Kanakapura Road,3 BHK,GrnSpce,1643,3.0,0.0,95.55
Carpet  Area,Ready To Move,Indiranagar,2 BHK,GrnSpce,1247,2.0,1.0,169.92
Plot  Area,Ready To Move,Bannerghatta Road,2 BHK,GrnSpce,1173,2.0,3.0,69.36
Plot  Area,Ready To Move,HSR Layout,2 BHK,GrnSpce,1148,2.0,3.0,116.06
Super built-up  Area,Ready To Move,Koramangala,3 BHK,GrnSpce,1755,3.0,3.0,194.2
Built-up  Area,Ready To Move,Thanisandra,3 BHK,GrnSpce,1915,3.0,3.0,121.9
Carpet  Area,Ready To Move,Whitefield,3 BHK,GrnSpce,1473,4.0,2.0,88.11
Built-up  Area,Ready To Move,KR Puram,4 BHK,GrnSpce,2269,4.0,2.0,106.4
Super built-up  Area,Ready To Move,Kanakapura Road,1 BHK,GrnSpce,536,2.0,1.0,29.7
Super built-up  Area,Ready To Move,Bellandur,3 BHK,GrnSpce,1625,3.0,3.0,107.07
Super built-up  Area,Ready To Move,HSR Layout,2 BHK,GrnSpce,959,3.0,1.0,91.96
Super built-up  Area,Ready To Move,Whitefield,2 BHK,GrnSpce,947,3.0,0.0,67.25
Carpet  Area,Ready To Move,Bellandur,3 BHK,GrnSpce,1848,3.0,3.0,121.35
Built-up  Area,Ready To Move,Uttarahalli,3 BHK,GrnSpce,1401,3.0,1.0,67.07
Plot  Area,Ready To Move,Uttarahalli,2 BHK,GrnSpce,948,2.0,0.0,43.14
Super built-up  Area,Ready To Move,Bisuvanahalli,2 BHK,GrnSpce,1235,2.0,0.0,53.61
Built-up  Area,Ready To Move,Kaggadasapura,1 BHK,GrnSpce,579,2.0,1.0,27.91
Super built-up  Area,Ready To Move,Malleshwaram,2 BHK,GrnSpce,1170,2.0,0.0,168.12
Built-up  Area,Ready To Move,HSR Layout,3 BHK,GrnSpce,1814,3.0,3.0,189.6
Super built-up  Area,Ready To Move,Koramangala,5 BHK,GrnSpce,4486,5.0,3.0,584.05
Super built-up  Area,Ready To Move,Rajaji Nagar,4 BHK,GrnSpce,2830,4.0,1.0,417.1
Super built-up  Area,Ready To Move,Bannerghatta Road,3 BHK,GrnSpce,1514,3.0,3.0,73.73
Carpet  Area,Ready To Move,Koramangala,1 BHK,GrnSpce,712,1.0,3.0,101.02
Super built-up  Area,Ready To Move,Indiranagar,3 BHK,GrnSpce,1903,3.0,2.0,249.12
Super built-up  Area,Ready To Move,Malleshwaram,2 BHK,GrnSpce,1067,3.0,0.0,126.45
Super built-up  Area,Ready To Move,KR Puram,4 BHK,GrnSpce,2271,4.0,3.0,87.0
Plot  Area,Ready To Move,HSR Layout,2 BHK,GrnSpce,1094,2.0,3.0,95.0
Super built-up  Area,Ready To Move,Electronic City Phase II,2 BHK,GrnSpce,960,2.0,1.0,38.29
Plot  Area,Ready To Move,Bisuvanahalli,3 BHK,GrnSpce,1479,3.0,1.0,59.03
Super built-up  Area,Ready To Move,KR Puram,3 BHK,GrnSpce,1863,3.0,3.0,92.49
Super built-up  Area,Ready To Move,Kanakapura Road,3 BHK,GrnSpce,1422,3.0,0.0,86.36
Super built-up  Area,Ready To Move,Hebbal,2 BHK,GrnSpce,1044,2.0,0.0,59.49
Super built-up  Area,Ready To Move,Hebbal,2 BHK,GrnSpce,920,2.0,0.0,84.41
Plot  Area,Ready To Move,Uttarahalli,1 BHK,GrnSpce,706,1.0,3.0,35.28
Plot  Area,Ready To Move,Kaggadasapura,2 BHK,GrnSpce,1007,2.0,0.0,58.03
Super built-up  Area,Ready To Move,Bisuvanahalli,2 BHK,GrnSpce,958,2.0,1.0,33.5
Super built-up  Area,Ready To Move,Sarjapur Road,2 BHK,GrnSpce,999,3.0,0.0,67.11
Built-up  Area,Ready To Move,Koramangala,3 BHK,GrnSpce,1786,4.0,3.0,219.51
Super built-up  Area,Ready To Move,Bannerghatta Road,2 BHK,GrnSpce,1122,2.0,2.0,54.55
Super built-up  Area,Ready To Move,Rajaji Nagar,3 BHK,GrnSpce,1850,4.0,3.0,242.37
Super built-up  Area,Ready To Move,Electronic City Phase II,5 BHK,GrnSpce,4390,6.0,0.0,162.52
Super built-up  Area,Ready To Move,Uttarahalli,3 BHK,GrnSpce,1816,4.0,2.0,74.55
Plot  Area,Ready To Move,Yelahanka,1 BHK,GrnSpce,611,2.0,0.0,33.37
Super built-up  Area,Ready To Move,HSR Layout,2 BHK,GrnSpce,1269,2.0,2.0,94.89
Carpet  Area,Ready To Move,Uttarahalli,2 BHK,GrnSpce,1296,2.0,3.0,57.33
Plot  Area,Ready To Move,Sarjapur Road,3 BHK,GrnSpce,1869,4.0,2.0,143.02
Super built-up  Area,Ready To Move,Bisuvanahalli,2 BHK,GrnSpce,1012,2.0,0.0,43.09
Super built-up  Area,Ready To Move,Electronic City,4 BHK,GrnSpce,2681,4.0,1.0,107.39
Built-up  Area,Ready To Move,Whitefield,2 BHK,GrnSpce,1060,2.0,1.0,76.08
Super built-up  Area,Ready To Move,Kaggadasapura,2 BHK,GrnSpce,1030,2.0,0.0,48.75
Built-up  Area,Ready To Move,Bannerghatta Road,3 BHK,GrnSpce,1786,4.0,1.0,103.36
Super built-up  Area,Ready To Move,Electronic City,2 BHK,GrnSpce,988,2.0,2.0,48.67
Built-up  Area,Ready To Move,Rajaji Nagar,2 BHK,GrnSpce,1066,2.0,0.0,128.63
Super built-up  Area,Ready To Move,Whitefield,1 BHK,GrnSpce,732,1.0,1.0,48.89
Super built-up  Area,Ready To Move,Kanakapura Road,2 BHK,GrnSpce,1249,2.0,3.0,66.13
Plot  Area,Ready To Move,Hebbal,3 BHK,GrnSpce,1892,3.0,0.0,164.5
Plot  Area,Ready To Move,Indiranagar,2 BHK,GrnSpce,1009,2.0,3.0,130.39
Plot  Area,Ready To Move,Malleshwaram,2 BHK,GrnSpce,1065,3.0,0.0,131.97
Plot  Area,Ready To Move,Electronic City,2 BHK,GrnSpce,932,2.0,1.0,43.17
Super built-up  Area,Ready To Move,KR Puram,3 BHK,GrnSpce,1677,3.0,2.0,73.77
Plot  Area,Ready To Move,Bannerghatta Road,3 BHK,GrnSpce,1407,3.0,0.0,95.47
Built-up  Area,Ready To Move,Malleshwaram,2 BHK,GrnSpce,979,3.0,2.0,111.42
Super built-up  Area,Ready To Move,Bisuvanahalli,3 BHK,GrnSpce,1786,4.0,3.0,76.9
Super built-up  Area,Ready To Move,Electronic City Phase II,2 BHK,GrnSpce,1010,2.0,0.0,39.63
Built-up  Area,Ready To Move,Thanisandra,2 BHK,GrnSpce,1034,2.0,1.0,53.97
Super built-up  Area,Ready To Move,Kanakapura Road,2 BHK,GrnSpce,1043,2.0,0.0,65.3
Plot  Area,Ready To Move,Yelahanka,4 BHK,GrnSpce,2895,4.0,3.0,140.48
Plot  Area,Ready To Move,Bisuvanahalli,2 BHK,GrnSpce,928,2.0,1.0,37.96
Built-up  Area,Ready To Move,Hebbal,1 BHK,GrnSpce,566,1.0,1.0,48.89
Super built-up  Area,Ready To Move,Indiranagar,2 BHK,GrnSpce,1128,2.0,3.0,141.22
Built-up  Area,Ready To Move,Uttarahalli,2 BHK,GrnSpce,1157,2.0,0.0,56.47
Super built-up  Area,Ready To Move,Whitefield,3 BHK,GrnSpce,1494,3.0,0.0,114.49
Super built-up  Area,Ready To Move,Thanisandra,3 BHK,GrnSpce,1480,4.0,0.0,102.16
Super built-up  Area,Ready To Move,Electronic City,3 BHK,GrnSpce,1476,3.0,0.0,58.36
Carpet  Area,Ready To Move,Bellandur,3 BHK,GrnSpce,1819,3.0,3.0,157.41
Plot  Area,Ready To Move,Indiranagar,2 BHK,GrnSpce,1127,3.0,2.0,165.36
Plot  Area,Ready To Move,Marathahalli,3 BHK,GrnSpce,1730,3.0,1.0,122.42
Super built-up  Area,Ready To Move,HSR Layout,3 BHK,GrnSpce,1691,3.0,2.0,150.28
Super built-up  Area,Ready To Move,Whitefield,3 BHK,GrnSpce,1563,3.0,1.0,119.3
Super built-up  Area,Ready To Move,Koramangala,3 BHK,GrnSpce,1886,3.0,3.0,228.96
Super built-up  Area,Ready To Move,Bellandur,1 BHK,GrnSpce,722,1.0,2.0,52.68
Super built-up  Area,Ready To Move,Koramangala,2 BHK,GrnSpce,1178,2.0,0.0,148.87
Super built-up  Area,Ready To Move,Electronic City,2 BHK,GrnSpce,1023,3.0,1.0,47.87
Built-up  Area,Ready To Move,KR Puram,2 BHK,GrnSpce,1006,2.0,2.0,51.53
Super built-up  Area,Ready To Move,Hebbal,4 BHK,GrnSpce,2535,4.0,1.0,219.27
Super built-up  Area,Ready To Move,Electronic City Phase II,3 BHK,GrnSpce,1884,3.0,3.0,89.38
Plot  Area,Ready To Move,Electronic City Phase II,2 BHK,GrnSpce,1271,2.0,0.0,49.9
Super built-up  Area,Ready To Move,Malleshwaram,3 BHK,GrnSpce,1816,3.0,3.0,241.1
Super built-up  Area,Ready To Move,Koramangala,2 BHK,GrnSpce,1237,3.0,1.0,174.71
Super built-up  Area,Ready To Move,Rajaji Nagar,3 BHK,GrnSpce,1833,3.0,0.0,184.81
Built-up  Area,Ready To Move,Electronic City Phase II,2 BHK,GrnSpce,928,2.0,1.0,38.17
Built-up  Area,Ready To Move,Sarjapur Road,1 BHK,GrnSpce,673,1.0,2.0,47.13
Super built-up  Area,Ready To Move,Indiranagar,4 BHK,GrnSpce,2480,4.0,3.0,299.3
Super built-up  Area,Ready To Move,Electronic City Phase II,3 BHK,GrnSpce,1780,3.0,0.0,83.4
Super built-up  Area,Ready To Move,Hebbal,3 BHK,GrnSpce,1469,4.0,0.0,130.24
Super built-up  Area,Ready To Move,Whitefield,1 BHK,GrnSpce,733,1.0,0.0,55.65
Super built-up  Area,Ready To Move,Malleshwaram,2 BHK,GrnSpce,1185,3.0,3.0,159.56
Super built-up  Area,Ready To Move,Thanisandra,1 BHK,GrnSpce,716,1.0,0.0,44.49
Carpet  Area,Ready To Move,Yelahanka,3 BHK,GrnSpce,1844,3.0,2.0,103.36
Built-up  Area,Ready To Move,Electronic City,2 BHK,GrnSpce,1249,2.0,0.0,52.68
Super built-up  Area,Ready To Move,Rajaji Nagar,2 BHK,GrnSpce,1059,2.0,0.0,124.18
Super built-up  Area,Ready To Move,Bellandur,2 BHK,GrnSpce,1219,2.0,1.0,89.28
Built-up  Area,Ready To Move,Koramangala,2 BHK,GrnSpce,1062,2.0,0.0,148.99
Super built-up  Area,Ready To Move,Electronic City Phase II,3 BHK,GrnSpce,1568,3.0,0.0,62.03
Super built-up  Area,Ready To Move,Bannerghatta Road,2 BHK,GrnSpce,1134,3.0,2.0,74.09
Super built-up  Area,Ready To Move,Marathahalli,2 BHK,GrnSpce,1122,2.0,1.0,68.14
Super built-up  Area,Ready To Move,Malleshwaram,2 BHK,GrnSpce,1101,2.0,3.0,135.94
Built-up  Area,Ready To Move,Bisuvanahalli,3 BHK,GrnSpce,1695,3.0,0.0,67.52
Super built-up  Area,Ready To Move,Electronic City,3 BHK,GrnSpce,1835,3.0,3.0,78.12
Super built-up  Area,Ready To Move,Rajaji Nagar,1 BHK,GrnSpce,530,1.0,2.0,52.8
Super built-up  Area,Ready To Move,Sarjapur Road,2 BHK,GrnSpce,1000,2.0,2.0,57.94
Plot  Area,Ready To Move,Sarjapur Road,2 BHK,GrnSpce,1258,2.0,3.0,79.23
Built-up  Area,Ready To Move,Bannerghatta Road,2 BHK,GrnSpce,996,2.0,2.0,59.12
Built-up  Area,Ready To Move,Malleshwaram,1 BHK,GrnSpce,652,1.0,3.0,71.39
Plot  Area,Ready To Move,Bellandur,3 BHK,GrnSpce,1594,3.0,2.0,141.43
Super built-up  Area,Ready To Move,Bannerghatta Road,3 BHK,GrnSpce,1748,3.0,2.0,104.15
Built-up  Area,Ready To Move,Whitefield,2 BHK,GrnSpce,1274,3.0,1.0,83.79
Super built-up  Area,Ready To Move,Yelahanka,2 BHK,GrnSpce,1289,3.0,2.0,74.42
Plot  Area,Ready To Move,Electronic City Phase II,2 BHK,GrnSpce,1106,2.0,1.0,36.96
Carpet  Area,Ready To Move,Bannerghatta Road,2 BHK,GrnSpce,1135,2.0,3.0,69.72
Built-up  Area,Ready To Move,Malleshwaram,3 BHK,GrnSpce,1862,4.0,0.0,246.04
Built-up  Area,Ready To Move,KR Puram,3 BHK,GrnSpce,1589,4.0,1.0,84.91
Super built-up  Area,Ready To Move,Kaggadasapura,5 BHK,GrnSpce,3632,6.0,3.0,201.03
Built-up  Area,Ready To Move,Electronic City Phase II,2 BHK,GrnSpce,1198,2.0,1.0,52.31
Super built-up  Area,Ready To Move,Uttarahalli,4 BHK,GrnSpce,2788,4.0,1.0,121.54
Built-up  Area,Ready To Move,Marathahalli,2 BHK,GrnSpce,1090,2.0,0.0,78.87
Plot  Area,Ready To Move,Marathahalli,3 BHK,GrnSpce,1913,3.0,1.0,137.04
Plot  Area,Ready To Move,Electronic City Phase II,2 BHK,GrnSpce,1052,3.0,3.0,45.55
Built-up  Area,Ready To Move,HSR Layout,2 BHK,GrnSpce,1148,3.0,3.0,107.35
Super built-up  Area,Ready To Move,Electronic City,3 BHK,GrnSpce,1989,3.0,0.0,88.24
Super built-up  Area,Ready To Move,Indiranagar,2 BHK,GrnSpce,1099,2.0,3.0,189.63
Super built-up  Area,Ready To Move,HSR Layout,2 BHK,GrnSpce,928,3.0,3.0,87.89
Super built-up  Area,Ready To Move,Electronic City Phase II,2 BHK,GrnSpce,1024,3.0,0.0,50.16
Super built-up  Area,Ready To Move,Bisuvanahalli,2 BHK,GrnSpce,920,2.0,0.0,37.21
Built-up  Area,Ready To Move,Bisuvanahalli,2 BHK,GrnSpce,911,3.0,2.0,36.21
Super built-up  Area,Ready To Move,Bellandur,2 BHK,GrnSpce,1202,2.0,0.0,84.28
Super built-up  Area,Ready To Move,Whitefield,3 BHK,GrnSpce,1994,3.0,0.0,153.17
Plot  Area,Ready To Move,Kanakapura Road,2 BHK,GrnSpce,1194,2.0,1.0,73.57
Super built-up  Area,Ready To Move,Kaggadasapura,2 BHK,GrnSpce,1004,2.0,0.0,49.54
Built-up  Area,Ready To Move,Rajaji Nagar,2 BHK,GrnSpce,1218,2.0,0.0,147.97
Plot  Area,Ready To Move,Electronic City,3 BHK,GrnSpce,1492,3.0,1.0,66.2
Carpet  Area,Ready To Move,Bisuvanahalli,2 BHK,GrnSpce,1206,2.0,3.0,50.45
Carpet  Area,Ready To Move,Kanakapura Road,1 BHK,GrnSpce,576,2.0,1.0,40.42
Plot  Area,Ready To Move,Rajaji Nagar,2 BHK,GrnSpce,1024,3.0,1.0,101.45
Built-up  Area,Ready To Move,Whitefield,2 BHK,GrnSpce,1297,3.0,3.0,95.29
Plot  Area,Ready To Move,HSR Layout,2 BHK,GrnSpce,1245,2.0,1.0,122.95
Plot  Area,Ready To Move,Koramangala,2 BHK,GrnSpce,1009,2.0,1.0,114.55
Plot  Area,Ready To Move,Electronic City Phase II,2 BHK,GrnSpce,1272,2.0,1.0,51.06
Plot  Area,Ready To Move,Thanisandra,3 BHK,GrnSpce,1813,3.0,3.0,108.3
Super built-up  Area,Ready To Move,Electronic City,3 BHK,GrnSpce,1741,3.0,3.0,82.3
Super built-up  Area,Ready To Move,Hebbal,3 BHK,GrnSpce,1537,3.0,2.0,127.71
Super built-up  Area,Ready To Move,HSR Layout,2 BHK,GrnSpce,1090,3.0,1.0,119.89
Plot  Area,Ready To Move,Bellandur,2 BHK,GrnSpce,1031,2.0,0.0,73.07
Super built-up  Area,Ready To Move,Hebbal,2 BHK,GrnSpce,1080,2.0,2.0,96.48
Super built-up  Area,Ready To Move,Uttarahalli,2 BHK,GrnSpce,953,2.0,2.0,46.36
Super built-up  Area,Ready To Move,Whitefield,3 BHK,GrnSpce,1407,4.0,3.0,95.28
Built-up  Area,Ready To Move,Rajaji Nagar,1 BHK,GrnSpce,691,1.0,2.0,75.97
Super built-up  Area,Ready To Move,HSR Layout,1 BHK,GrnSpce,536,1.0,1.0,50.41
Super built-up  Area,Ready To Move,Uttarahalli,2 BHK,GrnSpce,1115,2.0,0.0,63.27
Super built-up  Area,Ready To Move,Whitefield,4 BHK,GrnSpce,2545,4.0,0.0,189.99
Super built-up  Area,Ready To Move,Whitefield,1 BHK,GrnSpce,627,1.0,1.0,46.22
Super built-up  Area,Ready To Move,Malleshwaram,2 BHK,GrnSpce,1110,2.0,3.0,124.36
Super built-up  Area,Ready To Move,Malleshwaram,3 BHK,GrnSpce,1945,4.0,0.0,249.58
Super built-up  Area,Ready To Move,Bellandur,3 BHK,GrnSpce,1548,3.0,2.0,92.56
Plot  Area,Ready To Move,Yelahanka,2 BHK,GrnSpce,980,2.0,2.0,60.29
Super built-up  Area,Ready To Move,Bellandur,3 BHK,GrnSpce,1846,3.0,0.0,120.86
Super built-up  Area,Ready To Move,Bisuvanahalli,2 BHK,GrnSpce,1053,2.0,3.0,40.52
Plot  Area,Ready To Move,Malleshwaram,1 BHK,GrnSpce,573,2.0,2.0,63.14
Super built-up  Area,Ready To Move,Kaggadasapura,2 BHK,GrnSpce,1081,3.0,3.0,56.09
Super built-up  Area,Ready To Move,Bannerghatta Road,3 BHK,GrnSpce,1494,3.0,3.0,108.59
Super built-up  Area,Ready To Move,Indiranagar,1 BHK,GrnSpce,634,1.0,0.0,85.49
Built-up  Area,Ready To Move,Rajaji Nagar,2 BHK,GrnSpce,912,3.0,1.0,113.34
Built-up  Area,Ready To Move,HSR Layout,2 BHK,GrnSpce,968,2.0,3.0,108.94
Super built-up  Area,Ready To Move,Marathahalli,3 BHK,GrnSpce,1536,3.0,0.0,105.26
Carpet  Area,Ready To Move,Bellandur,2 BHK,GrnSpce,1193,2.0,1.0,93.95
Super built-up  Area,Ready To Move,Indiranagar,3 BHK,GrnSpce,1710,4.0,3.0,269.56
Plot  Area,Ready To Move,Malleshwaram,1 BHK,GrnSpce,625,1.0,0.0,79.18
Super built-up  Area,Ready To Move,Electronic City Phase II,3 BHK,GrnSpce,1439,3.0,0.0,49.3
Super built-up  Area,Ready To Move,Kanakapura Road,2 BHK,GrnSpce,1077,2.0,1.0,52.74
Super built-up  Area,Ready To Move,Uttarahalli,2 BHK,GrnSpce,1203,2.0,2.0,53.5
Built-up  Area,Ready To Move,KR Puram,2 BHK,GrnSpce,1267,3.0,2.0,76.93
Super built-up  Area,Ready To Move,Rajaji Nagar,3 BHK,GrnSpce,1527,3.0,0.0,167.36
Super built-up  Area,Ready To Move,Rajaji Nagar,3 BHK,GrnSpce,1423,3.0,2.0,157.67
Super built-up  Area,Ready To Move,Hebbal,3 BHK,GrnSpce,1797,3.0,3.0,145.06
Super built-up  Area,Ready To Move,Electronic City Phase II,2 BHK,GrnSpce,1084,2.0,1.0,49.01
Super built-up  Area,Ready To Move,HSR Layout,2 BHK,GrnSpce,971,2.0,2.0,112.16
Carpet  Area,Ready To Move,Indiranagar,2 BHK,GrnSpce,1076,2.0,3.0,149.74
Carpet  Area,Ready To Move,Indiranagar,3 BHK,GrnSpce,1679,3.0,2.0,195.06
Built-up  Area,Ready To Move,Hebbal,2 BHK,GrnSpce,1257,2.0,3.0,92.49
Super built-up  Area,Ready To Move,Yelahanka,2 BHK,GrnSpce,1280,3.0,0.0,64.41
Carpet  Area,Ready To Move,Thanisandra,3 BHK,GrnSpce,1964,4.0,0.0,95.89
Super built-up  Area,Ready To Move,Sarjapur Road,2 BHK,GrnSpce,1151,2.0,3.0,77.19
Carpet  Area,Ready To Move,Rajaji Nagar,3 BHK,GrnSpce,1425,3.0,0.0,152.3
Super built-up  Area,Ready To Move,KR Puram,2 BHK,GrnSpce,907,2.0,2.0,43.76
Super built-up  Area,Ready To Move,Koramangala,2 BHK,GrnSpce,1111,2.0,2.0,126.29
Super built-up  Area,Ready To Move,Bannerghatta Road,2 BHK,GrnSpce,1124,2.0,3.0,67.68
Plot  Area,Ready To Move,Marathahalli,2 BHK,GrnSpce,1034,2.0,1.0,72.23
Super built-up  Area,Ready To Move,Indiranagar,4 BHK,GrnSpce,3025,4.0,0.0,457.13
Plot  Area,Ready To Move,Whitefield,2 BHK,GrnSpce,1122,2.0,0.0,80.13
Super built-up  Area,Ready To Move,Thanisandra,2 BHK,GrnSpce,1289,2.0,2.0,92.71
Super built-up  Area,Ready To Move,Malleshwaram,2 BHK,GrnSpce,1091,2.0,0.0,135.97
Super built-up  Area,Ready To Move,Whitefield,3 BHK,GrnSpce,1869,3.0,0.0,140.02
Super built-up  Area,Ready To Move,Bannerghatta Road,2 BHK,GrnSpce,1071,2.0,2.0,71.19
Built-up  Area,Ready To Move,Malleshwaram,1 BHK,GrnSpce,667,1.0,0.0,75.8
Super built-up  Area,Ready To Move,Whitefield,4 BHK,GrnSpce,2872,5.0,0.0,190.67
Plot  Area,Ready To Move,Bellandur,3 BHK,GrnSpce,1586,4.0,1.0,107.94
Plot  Area,Ready To Move,Uttarahalli,3 BHK,GrnSpce,1736,4.0,0.0,87.67
Super built-up  Area,Ready To Move,HSR Layout,1 BHK,GrnSpce,556,1.0,0.0,49.6
Super built-up  Area,Ready To Move,Sarjapur Road,2 BHK,GrnSpce,1231,3.0,2.0,70.74
Plot  Area,Ready To Move,HSR Layout,1 BHK,GrnSpce,520,1.0,3.0,50.67
Super built-up  Area,Ready To Move,Marathahalli,4 BHK,GrnSpce,3144,4.0,2.0,246.18
Built-up  Area,Ready To Move,Koramangala,3 BHK,GrnSpce,1885,3.0,3.0,207.69
Super built-up  Area,Ready To Move,Rajaji Nagar,3 BHK,GrnSpce,1451,3.0,3.0,174.17
Super built-up  Area,Ready To Move,KR Puram,4 BHK,GrnSpce,2760,4.0,1.0,143.29
Plot  Area,Ready To Move,Koramangala,5 BHK,GrnSpce,4074,5.0,1.0,495.05
Super built-up  Area,Ready To Move,Kaggadasapura,3 BHK,GrnSpce,1442,3.0,3.0,68.46
Super built-up  Area,Ready To Move,HSR Layout,2 BHK,GrnSpce,1119,2.0,2.0,94.35
Super built-up  Area,Ready To Move,Electronic City,2 BHK,GrnSpce,1198,3.0,1.0,45.86
Super built-up  Area,Ready To Move,Malleshwaram,2 BHK,GrnSpce,981,2.0,1.0,122.58
Plot  Area,Ready To Move,Uttarahalli,3 BHK,GrnSpce,1504,3.0,1.0,74.27
Super built-up  Area,Ready To Move,Bellandur,3 BHK,GrnSpce,1659,4.0,2.0,145.18
Plot  Area,Ready To Move,Rajaji Nagar,2 BHK,GrnSpce,964,2.0,1.0,122.92
Super built-up  Area,Ready To Move,HSR Layout,3 BHK,GrnSpce,1798,3.0,1.0,179.37
Super built-up  Area,Ready To Move,Bannerghatta Road,2 BHK,GrnSpce,1157,3.0,0.0,67.89
Super built-up  Area,Ready To Move,Koramangala,4 BHK,GrnSpce,2228,5.0,2.0,336.93
Super built-up  Area,Ready To Move,Electronic City,3 BHK,GrnSpce,1630,3.0,1.0,73.41
Super built-up  Area,Ready To Move,Bellandur,2 BHK,GrnSpce,1027,3.0,1.0,81.96
Super built-up  Area,Ready To Move,Rajaji Nagar,3 BHK,GrnSpce,1623,4.0,0.0,188.14
Super built-up  Area,Ready To Move,Indiranagar,3 BHK,GrnSpce,1692,3.0,3.0,240.43
Super built-up  Area,Ready To Move,Rajaji Nagar,3 BHK,GrnSpce,1477,4.0,3.0,182.14
Super built-up  Area,Ready To Move,Hebbal,2 BHK,GrnSpce,1165,2.0,3.0,97.3
Super built-up  Area,Ready To Move,Kaggadasapura,4 BHK,GrnSpce,2877,5.0,2.0,164.59
Super built-up  Area,Ready To Move,Bisuvanahalli,3 BHK,GrnSpce,1574,4.0,1.0,53.54
Super built-up  Area,Ready To Move,KR Puram,2 BHK,GrnSpce,1055,2.0,0.0,52.69
Super built-up  Area,Ready To Move,Kaggadasapura,5 BHK,GrnSpce,4410,6.0,3.0,266.09
Plot  Area,Ready To Move,Yelahanka,3 BHK,GrnSpce,1695,3.0,1.0,84.79
Super built-up  Area,Ready To Move,Electronic City,1 BHK,GrnSpce,589,1.0,0.0,26.75
Super built-up  Area,Ready To Move,Sarjapur Road,2 BHK,GrnSpce,1001,2.0,1.0,68.16
Built-up  Area,Ready To Move,Malleshwaram,2 BHK,GrnSpce,985,2.0,2.0,119.99
Super built-up  Area,Ready To Move,Electronic City,3 BHK,GrnSpce,1944,3.0,1.0,84.92
Built-up  Area,Ready To Move,Yelahanka,4 BHK,GrnSpce,3116,5.0,3.0,189.55
Super built-up  Area,Ready To Move,Malleshwaram,3 BHK,GrnSpce,1587,3.0,3.0,208.32
Super built-up  Area,Ready To Move,Marathahalli,3 BHK,GrnSpce,1470,3.0,3.0,72.17
Super built-up  Area,Ready To Move,Indiranagar,3 BHK,GrnSpce,1701,3.0,2.0,213.54
Built-up  Area,Ready To Move,Electronic City,3 BHK,GrnSpce,1707,3.0,0.0,75.9
Built-up  Area,Ready To Move,Electronic City Phase II,3 BHK,GrnSpce,1733,3.0,1.0,86.49
Built-up  Area,Ready To Move,HSR Layout,2 BHK,GrnSpce,1203,2.0,2.0,113.86
Super built-up  Area,Ready To Move,Kaggadasapura,2 BHK,GrnSpce,1064,3.0,0.0,57.14
Built-up  Area,Ready To Move,Koramangala,2 BHK,GrnSpce,958,3.0,2.0,102.04
Super built-up  Area,Ready To Move,KR Puram,4 BHK,GrnSpce,2469,4.0,3.0,139.98
Super built-up  Area,Ready To Move,HSR Layout,3 BHK,GrnSpce,1940,3.0,0.0,172.88
Carpet  Area,Ready To Move,Sarjapur Road,2 BHK,GrnSpce,1160,2.0,1.0,94.71
Super built-up  Area,Ready To Move,Kanakapura Road,3 BHK,GrnSpce,1867,3.0,3.0,96.59
Super built-up  Area,Ready To Move,Electronic City Phase II,2 BHK,GrnSpce,949,2.0,2.0,40.89
Super built-up  Area,Ready To Move,Marathahalli,3 BHK,GrnSpce,1433,3.0,0.0,95.01
Super built-up  Area,Ready To Move,Koramangala,2 BHK,GrnSpce,1175,2.0,3.0,153.58
Super built-up  Area,Ready To Move,Hebbal,2 BHK,GrnSpce,923,2.0,2.0,86.38
Plot  Area,Ready To Move,Kanakapura Road,3 BHK,GrnSpce,1731,3.0,2.0,87.03
Super built-up  Area,Ready To Move,Kanakapura Road,2 BHK,GrnSpce,1232,3.0,2.0,76.96
Super built-up  Area,Ready To Move,Kaggadasapura,2 BHK,GrnSpce,924,2.0,0.0,48.79
Built-up  Area,Ready To Move,Hebbal,3 BHK,GrnSpce,1653,4.0,1.0,132.38
Super built-up  Area,Ready To Move,Indiranagar,1 BHK,GrnSpce,705,1.0,3.0,97.94
Built-up  Area,Ready To Move,Yelahanka,1 BHK,GrnSpce,593,1.0,0.0,37.02
Super built-up  Area,Ready To Move,Koramangala,3 BHK,GrnSpce,1402,4.0,3.0,189.73
Super built-up  Area,Ready To Move,Bisuvanahalli,4 BHK,GrnSpce,2313,4.0,2.0,82.1
Super built-up  Area,Ready To Move,Uttarahalli,4 BHK,GrnSpce,3157,5.0,0.0,129.0
Super built-up  Area,Ready To Move,Malleshwaram,3 BHK,GrnSpce,1616,3.0,3.0,181.69
Super built-up  Area,Ready To Move,Electronic City,2 BHK,GrnSpce,1130,3.0,3.0,49.34
Super built-up  Area,Ready To Move,Bannerghatta Road,1 BHK,GrnSpce,554,2.0,0.0,32.21
Plot  Area,Ready To Move,Hebbal,3 BHK,GrnSpce,1477,3.0,2.0,119.67
Carpet  Area,Ready To Move,Marathahalli,2 BHK,GrnSpce,1157,2.0,1.0,76.72
Super built-up  Area,Ready To Move,Malleshwaram,2 BHK,GrnSpce,988,2.0,3.0,121.3
Super built-up  Area,Ready To Move,Yelahanka,3 BHK,GrnSpce,1486,3.0,2.0,90.8
Plot  Area,Ready To Move,Rajaji Nagar,2 BHK,GrnSpce,1289,2.0,1.0,152.61
Super built-up  Area,Ready To Move,Bisuvanahalli,3 BHK,GrnSpce,1919,3.0,0.0,64.7
Plot  Area,Ready To Move,Sarjapur Road,2 BHK,GrnSpce,1078,3.0,0.0,63.54
Super built-up  Area,Ready To Move,Indiranagar,2 BHK,GrnSpce,1217,2.0,3.0,137.85
Super built-up  Area,Ready To Move,HSR Layout,3 BHK,GrnSpce,1901,3.0,1.0,204.73
Super built-up  Area,Ready To Move,Bannerghatta Road,3 BHK,GrnSpce,1524,4.0,0.0,98.95
Super built-up  Area,Ready To Move,Rajaji Nagar,2 BHK,GrnSpce,1220,2.0,2.0,159.9
Plot  Area,Ready To Move,Kaggadasapura,2 BHK,GrnSpce,976,2.0,3.0,43.79
Plot  Area,Ready To Move,KR Puram,2 BHK,GrnSpce,1279,2.0,3.0,71.5
Super built-up  Area,Ready To Move,Electronic City Phase II,4 BHK,GrnSpce,3130,5.0,0.0,124.1
Super built-up  Area,Ready To Move,KR Puram,1 BHK,GrnSpce,516,2.0,0.0,24.12
Plot  Area,Ready To Move,Kaggadasapura,4 BHK,GrnSpce,2659,5.0,2.0,131.67
Super built-up  Area,Ready To Move,Uttarahalli,2 BHK,GrnSpce,1214,2.0,0.0,68.04
Built-up  Area,Ready To Move,Whitefield,2 BHK,GrnSpce,982,2.0,0.0,60.09
Super built-up  Area,Ready To Move,Hebbal,2 BHK,GrnSpce,1125,2.0,0.0,104.03
Super built-up  Area,Ready To Move,Kanakapura Road,2 BHK,GrnSpce,1077,2.0,2.0,56.49
Plot  Area,Ready To Move,Kaggadasapura,2 BHK,GrnSpce,980,2.0,1.0,46.79
Super built-up  Area,Ready To Move,Malleshwaram,2 BHK,GrnSpce,1048,2.0,3.0,119.75
Super built-up  Area,Ready To Move,Hebbal,5 BHK,GrnSpce,4374,6.0,3.0,370.13
Super built-up  Area,Ready To Move,Koramangala,5 BHK,GrnSpce,4369,5.0,0.0,530.0
Super built-up  Area,Ready To Move,Bellandur,3 BHK,GrnSpce,1991,3.0,3.0,164.97
Super built-up  Area,Ready To Move,Thanisandra,3 BHK,GrnSpce,1846,3.0,3.0,118.0
Plot  Area,Ready To Move,Electronic City Phase II,2 BHK,GrnSpce,1167,2.0,3.0,52.57
Plot  Area,Ready To Move,Whitefield,2 BHK,GrnSpce,1269,2.0,3.0,85.46
Super built-up  Area,Ready To Move,Indiranagar,3 BHK,GrnSpce,1932,4.0,2.0,313.71
Built-up  Area,Ready To Move,Bisuvanahalli,2 BHK,GrnSpce,1010,2.0,3.0,39.87
Super built-up  Area,Ready To Move,Hebbal,3 BHK,GrnSpce,1498,3.0,2.0,114.31
Super built-up  Area,Ready To Move,Kanakapura Road,2 BHK,GrnSpce,964,3.0,0.0,54.29
Super built-up  Area,Ready To Move,Bisuvanahalli,2 BHK,GrnSpce,1011,2.0,2.0,29.06
Built-up  Area,Ready To Move,KR Puram,3 BHK,GrnSpce,1966,3.0,2.0,118.82
Plot  Area,Ready To Move,Whitefield,3 BHK,GrnSpce,1842,3.0,3.0,123.44
Plot  Area,Ready To Move,Kaggadasapura,2 BHK,GrnSpce,1207,2.0,3.0,66.09
Super built-up  Area,Ready To Move,Bisuvanahalli,3 BHK,GrnSpce,1459,3.0,3.0,49.52
Super built-up  Area,Ready To Move,HSR Layout,4 BHK,GrnSpce,2301,4.0,3.0,189.37
Super built-up  Area,Ready To Move,Electronic City,2 BHK,GrnSpce,1061,2.0,3.0,42.56
Super built-up  Area,Ready To Move,Whitefield,3 BHK,GrnSpce,1958,3.0,0.0,159.53
Super built-up  Area,Ready To Move,Bannerghatta Road,2 BHK,GrnSpce,939,3.0,1.0,66.58
Super built-up  Area,Ready To Move,Sarjapur Road,3 BHK,GrnSpce,1727,4.0,2.0,101.78
Plot  Area,Ready To Move,Yelahanka,1 BHK,GrnSpce,728,1.0,0.0,36.05
Super built-up  Area,Ready To Move,Yelahanka,2 BHK,GrnSpce,1296,2.0,3.0,71.2
Super built-up  Area,Ready To Move,Uttarahalli,3 BHK,GrnSpce,1924,3.0,3.0,91.65
Super built-up  Area,Ready To Move,Indiranagar,5 BHK,GrnSpce,4239,6.0,3.0,664.17
Plot  Area,Ready To Move,Kanakapura Road,1 BHK,GrnSpce,675,1.0,3.0,39.89
Super built-up  Area,Ready To Move,Whitefield,2 BHK,GrnSpce,1297,3.0,3.0,91.11
Super built-up  Area,Ready To Move,Koramangala,2 BHK,GrnSpce,1126,2.0,2.0,168.28
Super built-up  Area,Ready To Move,Yelahanka,3 BHK,GrnSpce,1754,3.0,3.0,108.56
Super built-up  Area,Ready To Move,Sarjapur Road,4 BHK,GrnSpce,2627,5.0,0.0,199.89
Super built-up  Area,Ready To Move,Sarjapur Road,2 BHK,GrnSpce,1081,2.0,3.0,70.9
Plot  Area,Ready To Move,Malleshwaram,2 BHK,GrnSpce,902,2.0,2.0,75.21
Super built-up  Area,Ready To Move,KR Puram,1 BHK,GrnSpce,633,1.0,3.0,26.92
Plot  Area,Ready To Move,Malleshwaram,2 BHK,GrnSpce,946,2.0,2.0,126.69
Super built-up  Area,Ready To Move,Koramangala,4 BHK,GrnSpce,2748,4.0,1.0,347.76
Super built-up  Area,Ready To Move,Bellandur,2 BHK,GrnSpce,989,2.0,2.0,66.92
Super built-up  Area,Ready To Move,Electronic City Phase II,5 BHK,GrnSpce,4738,5.0,3.0,196.49
Super built-up  Area,Ready To Move,KR Puram,3 BHK,GrnSpce,1724,3.0,3.0,98.97
Carpet  Area,Ready To Move,Koramangala,2 BHK,GrnSpce,1282,2.0,2.0,149.97
Super built-up  Area,Ready To Move,KR Puram,2 BHK,GrnSpce,1217,3.0,3.0,66.14
Plot  Area,Ready To Move,HSR Layout,3 BHK,GrnSpce,1443,3.0,3.0,176.68
Plot  Area,Ready To Move,Indiranagar,2 BHK,GrnSpce,1234,2.0,0.0,162.76
Super built-up  Area,Ready To Move,Yelahanka,3 BHK,GrnSpce,1883,4.0,3.0,95.12
Super built-up  Area,Ready To Move,Electronic City,3 BHK,GrnSpce,1979,3.0,2.0,78.06
Plot  Area,Ready To Move,Kanakapura Road,3 BHK,GrnSpce,1579,3.0,1.0,90.01
Built-up  Area,Ready To Move,Marathahalli,3 BHK,GrnSpce,1490,3.0,1.0,126.78
Built-up  Area,Ready To Move,Electronic City,5 BHK,GrnSpce,4092,5.0,1.0,162.68
Super built-up  Area,Ready To Move,Yelahanka,2 BHK,GrnSpce,969,2.0,0.0,45.24
Super built-up  Area,Ready To Move,Koramangala,2 BHK,GrnSpce,988,2.0,2.0,102.41
Super built-up  Area,Ready To Move,Hebbal,3 BHK,GrnSpce,1543,3.0,1.0,123.9
Built-up  Area,Ready To Move,Rajaji Nagar,2 BHK,GrnSpce,1245,3.0,0.0,138.65
Plot  Area,Ready To Move,Uttarahalli,2 BHK,GrnSpce,1193,2.0,0.0,59.06
Super built-up  Area,Ready To Move,Electronic City Phase II,3 BHK,GrnSpce,1505,4.0,0.0,73.82
Super built-up  Area,Ready To Move,Bellandur,1 BHK,GrnSpce,525,1.0,2.0,40.98
Super built-up  Area,Ready To Move,Electronic City Phase II,2 BHK,GrnSpce,1218,3.0,3.0,42.55
Built-up  Area,Ready To Move,Kaggadasapura,3 BHK,GrnSpce,1612,4.0,0.0,93.72
Super built-up  Area,Ready To Move,Yelahanka,3 BHK,GrnSpce,1613,3.0,3.0,97.29
Super built-up  Area,Ready To Move,Hebbal,2 BHK,GrnSpce,1158,2.0,1.0,90.74
Super built-up  Area,Ready To Move,Uttarahalli,2 BHK,GrnSpce,1025,2.0,1.0,47.91
Super built-up  Area,Ready To Move,Malleshwaram,2 BHK,GrnSpce,948,2.0,0.0,112.4
Built-up  Area,Ready To Move,KR Puram,1 BHK,GrnSpce,593,1.0,3.0,34.88
Super built-up  Area,Ready To Move,Thanisandra,3 BHK,GrnSpce,1813,3.0,0.0,143.79
Plot  Area,Ready To Move,KR Puram,2 BHK,GrnSpce,956,3.0,1.0,50.24
Super built-up  Area,Ready To Move,KR Puram,2 BHK,GrnSpce,1233,2.0,2.0,51.84
Super built-up  Area,Ready To Move,Kaggadasapura,1 BHK,GrnSpce,653,1.0,3.0,34.88
Super built-up  Area,Ready To Move,KR Puram,2 BHK,GrnSpce,1165,3.0,3.0,59.45
Super built-up  Area,Ready To Move,Uttarahalli,5 BHK,GrnSpce,4928,5.0,1.0,189.66
Super built-up  Area,Ready To Move,Uttarahalli,4 BHK,GrnSpce,2524,5.0,3.0,97.87
Super built-up  Area,Ready To Move,KR Puram,2 BHK,GrnSpce,1129,2.0,1.0,66.22
Super built-up  Area,Ready To Move,Whitefield,2 BHK,GrnSpce,1051,2.0,2.0,81.78
Super built-up  Area,Ready To Move,Bannerghatta Road,3 BHK,GrnSpce,1766,4.0,2.0,110.04
Super built-up  Area,Ready To Move,Bellandur,2 BHK,GrnSpce,1153,2.0,2.0,79.78
Super built-up  Area,Ready To Move,Thanisandra,2 BHK,GrnSpce,1067,2.0,1.0,77.57
Super built-up  Area,Ready To Move,Malleshwaram,2 BHK,GrnSpce,906,3.0,2.0,110.04
Plot  Area,Ready To Move,Whitefield,2 BHK,GrnSpce,1070,2.0,2.0,68.89
Super built-up  Area,Ready To Move,Uttarahalli,2 BHK,GrnSpce,1203,2.0,0.0,58.1
Super built-up  Area,Ready To Move,Kaggadasapura,2 BHK,GrnSpce,990,2.0,2.0,46.96
Super built-up  Area,Ready To Move,Malleshwaram,1 BHK,GrnSpce,533,2.0,0.0,55.1
Plot  Area,Ready To Move,Kaggadasapura,2 BHK,GrnSpce,1188,3.0,3.0,74.3
Super built-up  Area,Ready To Move,Thanisandra,1 BHK,GrnSpce,723,1.0,3.0,40.82
Built-up  Area,Ready To Move,Malleshwaram,2 BHK,GrnSpce,1114,2.0,0.0,116.34
Built-up  Area,Ready To Move,Electronic City Phase II,2 BHK,GrnSpce,1185,3.0,1.0,39.7
Built-up  Area,Ready To Move,Yelahanka,3 BHK,GrnSpce,1532,3.0,1.0,87.18
Plot  Area,Ready To Move,Uttarahalli,3 BHK,GrnSpce,1873,3.0,1.0,92.24
Super built-up  Area,Ready To Move,Hebbal,2 BHK,GrnSpce,1284,3.0,1.0,107.61
Carpet  Area,Ready To Move,Bisuvanahalli,2 BHK,GrnSpce,1085,2.0,2.0,41.12
Super built-up  Area,Ready To Move,KR Puram,2 BHK,GrnSpce,917,2.0,0.0,42.59
Super built-up  Area,Ready To Move,Hebbal,2 BHK,GrnSpce,965,2.0,1.0,80.96
Plot  Area,Ready To Move,KR Puram,3 BHK,GrnSpce,1765,3.0,2.0,88.63
Super built-up  Area,Ready To Move,Electronic City,2 BHK,GrnSpce,1205,2.0,2.0,59.05
Super built-up  Area,Ready To Move,Kaggadasapura,2 BHK,GrnSpce,944,2.0,0.0,50.91
Super built-up  Area,Ready To Move,Whitefield,3 BHK,GrnSpce,1821,3.0,1.0,124.5
Super built-up  Area,Ready To Move,Thanisandra,2 BHK,GrnSpce,1075,2.0,2.0,65.33
Super built-up  Area,Ready To Move,Electronic City Phase II,3 BHK,GrnSpce,1723,4.0,2.0,79.52
Built-up  Area,Ready To Move,Electronic City Phase II,3 BHK,GrnSpce,1956,3.0,1.0,76.56
Super built-up  Area,Ready To Move,Indiranagar,3 BHK,GrnSpce,1679,4.0,2.0,220.08
Super built-up  Area,Ready To Move,Marathahalli,2 BHK,GrnSpce,1093,2.0,1.0,82.48
Carpet  Area,Ready To Move,Thanisandra,2 BHK,GrnSpce,1291,2.0,0.0,85.4
Super built-up  Area,Ready To Move,KR Puram,2 BHK,GrnSpce,1074,2.0,1.0,59.62
Plot  Area,Ready To Move,HSR Layout,3 BHK,GrnSpce,1896,3.0,3.0,198.93
Plot  Area,Ready To Move,Indiranagar,2 BHK,GrnSpce,992,2.0,1.0,146.06
Super built-up  Area,Ready To Move,Hebbal,3 BHK,GrnSpce,1470,4.0,1.0,158.25
Super built-up  Area,Ready To Move,Indiranagar,1 BHK,GrnSpce,623,1.0,3.0,70.88
Super built-up  Area,Ready To Move,Koramangala,2 BHK,GrnSpce,1140,2.0,3.0,185.36
Super built-up  Area,Ready To Move,Sarjapur Road,2 BHK,GrnSpce,902,3.0,0.0,58.95
Plot  Area,Ready To Move,Whitefield,3 BHK,GrnSpce,1451,3.0,0.0,111.1
Super built-up  Area,Ready To Move,Koramangala,2 BHK,GrnSpce,1137,2.0,0.0,165.0
Super built-up  Area,Ready To Move,Bannerghatta Road,3 BHK,GrnSpce,1577,3.0,1.0,80.59
Plot  Area,Ready To Move,Electronic City Phase II,2 BHK,GrnSpce,1199,2.0,2.0,50.45
Super built-up  Area,Ready To Move,Yelahanka,2 BHK,GrnSpce,987,2.0,3.0,62.66
Built-up  Area,Ready To Move,Kanakapura Road,2 BHK,GrnSpce,902,2.0,2.0,49.81
Super built-up  Area,Ready To Move,Electronic City Phase II,3 BHK,GrnSpce,1728,3.0,0.0,80.82
Super built-up  Area,Ready To Move,Marathahalli,2 BHK,GrnSpce,1116,2.0,2.0,79.52
Super built-up  Area,Ready To Move,Koramangala,2 BHK,GrnSpce,1231,2.0,2.0,182.76
Super built-up  Area,Ready To Move,Hebbal,2 BHK,GrnSpce,1095,2.0,2.0,98.13
Super built-up  Area,Ready To Move,Bannerghatta Road,4 BHK,GrnSpce,2530,5.0,1.0,164.72
Super built-up  Area,Ready To Move,Kanakapura Road,3 BHK,GrnSpce,1897,3.0,3.0,103.86
Super built-up  Area,Ready To Move,Electronic City Phase II,2 BHK,GrnSpce,1002,2.0,1.0,46.49
Super built-up  Area,Ready To Move,Hebbal,2 BHK,GrnSpce,1008,2.0,1.0,96.33
Super built-up  Area,Ready To Move,Whitefield,1 BHK,GrnSpce,723,1.0,0.0,57.4
Super built-up  Area,Ready To Move,Indiranagar,2 BHK,GrnSpce,900,2.0,3.0,123.57
Super built-up  Area,Ready To Move,Whitefield,3 BHK,GrnSpce,1861,3.0,3.0,136.59
Super built-up  Area,Ready To Move,HSR Layout,2 BHK,GrnSpce,1095,2.0,0.0,107.42
Super built-up  Area,Ready To Move,HSR Layout,3 BHK,GrnSpce,1978,3.0,0.0,199.1
Carpet  Area,Ready To Move,HSR Layout,2 BHK,GrnSpce,1281,2.0,1.0,130.65
Super built-up  Area,Ready To Move,Electronic City Phase II,2 BHK,GrnSpce,1139,2.0,3.0,48.93
Plot  Area,Ready To Move,Bellandur,3 BHK,GrnSpce,1677,3.0,1.0,122.12
Plot  Area,Ready To Move,KR Puram,3 BHK,GrnSpce,1900,4.0,3.0,99.22
Plot  Area,Ready To Move,Whitefield,3 BHK,GrnSpce,1470,3.0,2.0,103.54
Super built-up  Area,Ready To Move,Koramangala,3 BHK,GrnSpce,1529,3.0,1.0,225.33
Super built-up  Area,Ready To Move,Indiranagar,2 BHK,GrnSpce,1161,2.0,0.0,172.4
Plot  Area,Ready To Move,Koramangala,2 BHK,GrnSpce,1195,2.0,0.0,176.85
Plot  Area,Ready To Move,Bisuvanahalli,3 BHK,GrnSpce,1860,3.0,1.0,54.39
Super built-up  Area,Ready To Move,Electronic City,3 BHK,GrnSpce,1724,4.0,1.0,76.64
Super built-up  Area,Ready To Move,Electronic City Phase II,3 BHK,GrnSpce,1462,4.0,3.0,53.72
Plot  Area,Ready To Move,Bisuvanahalli,3 BHK,GrnSpce,1476,3.0,3.0,60.62
Super built-up  Area,Ready To Move,Bannerghatta Road,2 BHK,GrnSpce,1063,3.0,0.0,62.77
Super built-up  Area,Ready To Move,Kanakapura Road,4 BHK,GrnSpce,2855,5.0,3.0,124.1
Built-up  Area,Ready To Move,Uttarahalli,2 BHK,GrnSpce,1148,2.0,1.0,52.57
Plot  Area,Ready To Move,Bellandur,2 BHK,GrnSpce,1012,2.0,0.0,70.73
Super built-up  Area,Ready To Move,Sarjapur Road,3 BHK,GrnSpce,1952,3.0,0.0,117.82
Super built-up  Area,Ready To Move,Thanisandra,2 BHK,GrnSpce,1117,2.0,2.0,76.5
Super built-up  Area,Ready To Move,Indiranagar,1 BHK,GrnSpce,580,2.0,1.0,79.97
Plot  Area,Ready To Move,Electronic City,2 BHK,GrnSpce,993,2.0,2.0,40.89
Built-up  Area,Ready To Move,Bellandur,2 BHK,GrnSpce,1111,2.0,3.0,92.94
Built-up  Area,Ready To Move,Bannerghatta Road,2 BHK,GrnSpce,1033,2.0,0.0,59.91
Super built-up  Area,Ready To Move,Kanakapura Road,2 BHK,GrnSpce,1216,2.0,1.0,63.13
Super built-up  Area,Ready To Move,Electronic City,4 BHK,GrnSpce,3115,4.0,2.0,122.5
Super built-up  Area,Ready To Move,Electronic City,3 BHK,GrnSpce,1930,4.0,2.0,97.02
Super built-up  Area,Ready To Move,Thanisandra,4 BHK,GrnSpce,2615,4.0,2.0,135.29
Built-up  Area,Ready To Move,Bellandur,1 BHK,GrnSpce,662,2.0,0.0,48.0
Super built-up  Area,Ready To Move,Uttarahalli,3 BHK,GrnSpce,1884,4.0,1.0,72.26
Super built-up  Area,Ready To Move,Thanisandra,2 BHK,GrnSpce,913,2.0,0.0,58.93
Built-up  Area,Ready To Move,Hebbal,3 BHK,GrnSpce,1864,4.0,3.0,155.73
Super built-up  Area,Ready To Move,Electronic City,2 BHK,GrnSpce,955,2.0,1.0,41.39
Super built-up  Area,Ready To Move,Marathahalli,4 BHK,GrnSpce,2489,4.0,2.0,165.18
Carpet  Area,Ready To Move,KR Puram,4 BHK,GrnSpce,2605,5.0,2.0,130.71
Built-up  Area,Ready To Move,Electronic City,3 BHK,GrnSpce,1994,3.0,3.0,73.91
Super built-up  Area,Ready To Move,Whitefield,3 BHK,GrnSpce,1588,4.0,1.0,121.27
Carpet  Area,Ready To Move,Koramangala,2 BHK,GrnSpce,1206,2.0,3.0,138.72
Super built-up  Area,Ready To Move,KR Puram,3 BHK,GrnSpce,1675,3.0,2.0,65.17
Super built-up  Area,Ready To Move,KR Puram,3 BHK,GrnSpce,1582,4.0,0.0,98.23
Built-up  Area,Ready To Move,Marathahalli,3 BHK,GrnSpce,1867,3.0,3.0,127.25
Super built-up  Area,Ready To Move,Electronic City Phase II,5 BHK,GrnSpce,3513,5.0,1.0,176.05
Plot  Area,Ready To Move,Electronic City Phase II,2 BHK,GrnSpce,1162,2.0,2.0,56.72
Super built-up  Area,Ready To Move,Bellandur,3 BHK,GrnSpce,1480,3.0,1.0,134.3
Built-up  Area,Ready To Move,Electronic City Phase II,2 BHK,GrnSpce,1187,2.0,2.0,56.3
Super built-up  Area,Ready To Move,Whitefield,2 BHK,GrnSpce,948,2.0,0.0,63.84
Super built-up  Area,Ready To Move,Bisuvanahalli,4 BHK,GrnSpce,2606,4.0,0.0,117.41
Super built-up  Area,Ready To Move,Kaggadasapura,2 BHK,GrnSpce,1188,2.0,1.0,55.54
Super built-up  Area,Ready To Move,Indiranagar,1 BHK,GrnSpce,620,1.0,2.0,88.87
Plot  Area,Ready To Move,Marathahalli,1 BHK,GrnSpce,538,2.0,3.0,33.51
Plot  Area,Ready To Move,Rajaji Nagar,1 BHK,GrnSpce,693,2.0,3.0,82.23
Super built-up  Area,Ready To Move,Thanisandra,2 BHK,GrnSpce,1255,2.0,2.0,86.33
Super built-up  Area,Ready To Move,Malleshwaram,1 BHK,GrnSpce,545,1.0,3.0,76.21
Plot  Area,Ready To Move,Marathahalli,4 BHK,GrnSpce,2987,4.0,0.0,245.32
Super built-up  Area,Ready To Move,Bisuvanahalli,2 BHK,GrnSpce,1176,3.0,3.0,45.68
Super built-up  Area,Ready To Move,Kaggadasapura,2 BHK,GrnSpce,1151,2.0,3.0,62.43
Super built-up  Area,Ready To Move,Sarjapur Road,4 BHK,GrnSpce,3188,5.0,3.0,196.5
Super built-up  Area,Ready To Move,Uttarahalli,2 BHK,GrnSpce,907,2.0,3.0,53.72
Super built-up  Area,Ready To Move,Electronic City,1 BHK,GrnSpce,697,1.0,0.0,34.76
Super built-up  Area,Ready To Move,Thanisandra,2 BHK,GrnSpce,1014,2.0,3.0,61.44
Built-up  Area,Ready To Move,HSR Layout,2 BHK,GrnSpce,938,2.0,3.0,105.04
Plot  Area,Ready To Move,Bannerghatta Road,2 BHK,GrnSpce,1127,2.0,0.0,72.0
Plot  Area,Ready To Move,Kaggadasapura,2 BHK,GrnSpce,984,3.0,0.0,45.15
Super built-up  Area,Ready To Move,Rajaji Nagar,2 BHK,GrnSpce,1011,2.0,1.0,125.22
Super built-up  Area,Ready To Move,Bannerghatta Road,3 BHK,GrnSpce,1652,3.0,2.0,108.11
Plot  Area,Ready To Move,Marathahalli,3 BHK,GrnSpce,1870,4.0,1.0,127.94
Built-up  Area,Ready To Move,Yelahanka,2 BHK,GrnSpce,922,2.0,2.0,45.86
Plot  Area,Ready To Move,Marathahalli,1 BHK,GrnSpce,612,1.0,0.0,38.32
Super built-up  Area,Ready To Move,Indiranagar,2 BHK,GrnSpce,1192,2.0,0.0,196.36
Super built-up  Area,Ready To Move,Indiranagar,1 BHK,GrnSpce,564,1.0,3.0,87.38
Carpet  Area,Ready To Move,Thanisandra,2 BHK,GrnSpce,1006,2.0,3.0,55.24
Super built-up  Area,Ready To Move,Kaggadasapura,3 BHK,GrnSpce,1897,3.0,0.0,89.86
Built-up  Area,Ready To Move,Malleshwaram,2 BHK,GrnSpce,1146,3.0,1.0,138.1
Built-up  Area,Ready To Move,Rajaji Nagar,2 BHK,GrnSpce,944,2.0,3.0,137.18
Built-up  Area,Ready To Move,Kanakapura Road,1 BHK,GrnSpce,604,2.0,0.0,34.49
Super built-up  Area,Ready To Move,HSR Layout,3 BHK,GrnSpce,1427,3.0,0.0,135.62
Plot  Area,Ready To Move,Kaggadasapura,1 BHK,GrnSpce,591,1.0,1.0,35.73
Plot  Area,Ready To Move,Whitefield,2 BHK,GrnSpce,1143,2.0,2.0,77.7
Super built-up  Area,Ready To Move,Rajaji Nagar,3 BHK,GrnSpce,1849,4.0,2.0,223.75
Super built-up  Area,Ready To Move,Kanakapura Road,3 BHK,GrnSpce,1910,4.0,3.0,117.36
Super built-up  Area,Ready To Move,Kanakapura Road,1 BHK,GrnSpce,581,1.0,0.0,30.21
Super built-up  Area,Ready To Move,Uttarahalli,4 BHK,GrnSpce,2751,4.0,3.0,156.08
Super built-up  Area,Ready To Move,Electronic City,3 BHK,GrnSpce,1422,3.0,0.0,72.55
Super built-up  Area,Ready To Move,KR Puram,1 BHK,GrnSpce,589,1.0,2.0,28.44
Super built-up  Area,Ready To Move,Bellandur,3 BHK,GrnSpce,1807,3.0,3.0,132.11
Super built-up  Area,Ready To Move,Bisuvanahalli,5 BHK,GrnSpce,4169,5.0,2.0,165.25
Super built-up  Area,Ready To Move,Bannerghatta Road,2 BHK,GrnSpce,997,2.0,3.0,61.71
Plot  Area,Ready To Move,Electronic City,2 BHK,GrnSpce,1278,2.0,3.0,60.1
Built-up  Area,Ready To Move,Sarjapur Road,3 BHK,GrnSpce,1821,3.0,3.0,128.74
Super built-up  Area,Ready To Move,Thanisandra,3 BHK,GrnSpce,1437,3.0,1.0,91.84
Super built-up  Area,Ready To Move,Koramangala,2 BHK,GrnSpce,991,3.0,0.0,134.5
Super built-up  Area,Ready To Move,Malleshwaram,5 BHK,GrnSpce,3693,5.0,1.0,463.59
Built-up  Area,Ready To Move,Electronic City Phase II,3 BHK,GrnSpce,1921,3.0,3.0,87.59
Super built-up  Area,Ready To Move,Sarjapur Road,3 BHK,GrnSpce,1404,3.0,0.0,87.52
Super built-up  Area,Ready To Move,Bisuvanahalli,2 BHK,GrnSpce,973,3.0,1.0,35.03
Plot  Area,Ready To Move,Whitefield,4 BHK,GrnSpce,3154,4.0,2.0,183.99
Plot  Area,Ready To Move,Rajaji Nagar,2 BHK,GrnSpce,942,2.0,1.0,96.66
Super built-up  Area,Ready To Move,Kaggadasapura,4 BHK,GrnSpce,2479,4.0,3.0,133.33
Super built-up  Area,Ready To Move,Indiranagar,3 BHK,GrnSpce,1490,3.0,2.0,172.12
Super built-up  Area,Ready To Move,HSR Layout,2 BHK,GrnSpce,1120,2.0,1.0,115.16
Super built-up  Area,Ready To Move,Rajaji Nagar,3 BHK,GrnSpce,1522,3.0,3.0,179.04
Super built-up  Area,Ready To Move,Electronic City,3 BHK,GrnSpce,1822,3.0,2.0,76.46
Super built-up  Area,Ready To Move,Hebbal,2 BHK,GrnSpce,958,2.0,1.0,88.87
Carpet  Area,Ready To Move,Koramangala,2 BHK,GrnSpce,911,3.0,1.0,110.85
Super built-up  Area,Ready To Move,Indiranagar,3 BHK,GrnSpce,1893,3.0,1.0,246.33
Super built-up  Area,Ready To Move,Bannerghatta Road,2 BHK,GrnSpce,972,2.0,0.0,53.81
Super built-up  Area,Ready To Move,Marathahalli,2 BHK,GrnSpce,1131,2.0,2.0,85.91
Super built-up  Area,Ready To Move,Bisuvanahalli,3 BHK,GrnSpce,1738,4.0,0.0,65.72
Plot  Area,Ready To Move,Uttarahalli,2 BHK,GrnSpce,1148,2.0,3.0,59.71
Built-up  Area,Ready To Move,Rajaji Nagar,1 BHK,GrnSpce,685,1.0,3.0,70.36
Super built-up  Area,Ready To Move,Malleshwaram,3 BHK,GrnSpce,1450,3.0,1.0,179.41
Super built-up  Area,Ready To Move,Electronic City,3 BHK,GrnSpce,1845,3.0,2.0,74.69
Built-up  Area,Ready To Move,Electronic City Phase II,1 BHK,GrnSpce,559,1.0,2.0,25.9
Super built-up  Area,Ready To Move,KR Puram,1 BHK,GrnSpce,525,1.0,0.0,28.72
Plot  Area,Ready To Move,Indiranagar,2 BHK,GrnSpce,968,2.0,0.0,146.43
Super built-up  Area,Ready To Move,Marathahalli,3 BHK,GrnSpce,1602,4.0,3.0,132.8
Super built-up  Area,Ready To Move,Bisuvanahalli,3 BHK,GrnSpce,1429,3.0,2.0,57.89
Built-up  Area,Ready To Move,Uttarahalli,1 BHK,GrnSpce,664,2.0,2.0,29.99
Plot  Area,Ready To Move,Malleshwaram,3 BHK,GrnSpce,1784,3.0,3.0,238.43
Super built-up  Area,Ready To Move,Bannerghatta Road,2 BHK,GrnSpce,1265,2.0,2.0,70.56
Super built-up  Area,Ready To Move,Thanisandra,1 BHK,GrnSpce,533,1.0,1.0,33.21
Super built-up  Area,Ready To Move,Marathahalli,4 BHK,GrnSpce,3181,4.0,1.0,208.85
Super built-up  Area,Ready To Move,Bannerghatta Road,2 BHK,GrnSpce,1283,2.0,0.0,73.18
Super built-up  Area,Ready To Move,Kanakapura Road,2 BHK,GrnSpce,1201,2.0,3.0,63.86
Super built-up  Area,Ready To Move,Koramangala,3 BHK,GrnSpce,1560,3.0,2.0,228.25
Built-up  Area,Ready To Move,Kaggadasapura,2 BHK,GrnSpce,1272,2.0,0.0,64.44
Built-up  Area,Ready To Move,Bellandur,2 BHK,GrnSpce,1256,2.0,2.0,80.0
Super built-up  Area,Ready To Move,Kaggadasapura,3 BHK,GrnSpce,1889,3.0,3.0,92.76
Plot  Area,Ready To Move,Whitefield,4 BHK,GrnSpce,2242,4.0,1.0,170.71
Built-up  Area,Ready To Move,KR Puram,3 BHK,GrnSpce,1746,4.0,2.0,90.37
Super built-up  Area,Ready To Move,Yelahanka,2 BHK,GrnSpce,927,2.0,3.0,48.62
Super built-up  Area,Ready To Move,Marathahalli,3 BHK,GrnSpce,1905,3.0,2.0,115.74
Built-up  Area,Ready To Move,Malleshwaram,2 BHK,GrnSpce,1000,2.0,3.0,132.95
Super built-up  Area,Ready To Move,Bannerghatta Road,4 BHK,GrnSpce,2246,4.0,3.0,127.12
Super built-up  Area,Ready To Move,Bisuvanahalli,3 BHK,GrnSpce,1427,3.0,3.0,62.87
Built-up  Area,Ready To Move,Bisuvanahalli,5 BHK,GrnSpce,4250,5.0,2.0,150.78
Built-up  Area,Ready To Move,Yelahanka,3 BHK,GrnSpce,1633,3.0,2.0,98.32
Super built-up  Area,Ready To Move,HSR Layout,3 BHK,GrnSpce,1938,3.0,3.0,175.86
Plot  Area,Ready To Move,KR Puram,2 BHK,GrnSpce,922,2.0,1.0,38.44
Built-up  Area,Ready To Move,Uttarahalli,2 BHK,GrnSpce,991,2.0,2.0,46.33
Super built-up  Area,Ready To Move,Kaggadasapura,3 BHK,GrnSpce,1680,4.0,1.0,85.26
Super built-up  Area,Ready To Move,Indiranagar,3 BHK,GrnSpce,1746,3.0,1.0,223.69
Super built-up  Area,Ready To Move,Thanisandra,3 BHK,GrnSpce,1811,3.0,3.0,110.31
Plot  Area,Ready To Move,Electronic City Phase II,3 BHK,GrnSpce,1887,3.0,0.0,80.37
Super built-up  Area,Ready To Move,Thanisandra,2 BHK,GrnSpce,1244,3.0,1.0,70.3
Built-up  Area,Ready To Move,Bisuvanahalli,3 BHK,GrnSpce,1675,3.0,0.0,62.81
Super built-up  Area,Ready To Move,Electronic City,2 BHK,GrnSpce,1026,2.0,0.0,46.35
Super built-up  Area,Ready To Move,Electronic City,3 BHK,GrnSpce,1840,3.0,0.0,85.79
Plot  Area,Ready To Move,Rajaji Nagar,2 BHK,GrnSpce,1089,2.0,0.0,119.07
Super built-up  Area,Ready To Move,Marathahalli,3 BHK,GrnSpce,1767,4.0,2.0,121.6
Super built-up  Area,Ready To Move,HSR Layout,3 BHK,GrnSpce,1863,3.0,0.0,194.07
Built-up  Area,Ready To Move,Koramangala,2 BHK,GrnSpce,1259,2.0,1.0,153.23
Super built-up  Area,Ready To Move,Bannerghatta Road,3 BHK,GrnSpce,1779,3.0,2.0,127.48
Built-up  Area,Ready To Move,Electronic City,3 BHK,GrnSpce,1603,3.0,1.0,85.02
Carpet  Area,Ready To Move,KR Puram,1 BHK,GrnSpce,519,1.0,3.0,24.39
Plot  Area,Ready To Move,Sarjapur Road,2 BHK,GrnSpce,1197,2.0,1.0,82.42
Built-up  Area,Ready To Move,Bannerghatta Road,1 BHK,GrnSpce,656,1.0,1.0,39.32
Super built-up  Area,Ready To Move,Rajaji Nagar,3 BHK,GrnSpce,1717,3.0,1.0,219.74
Super built-up  Area,Ready To Move,Koramangala,3 BHK,GrnSpce,1469,3.0,0.0,211.45
Super built-up  Area,Ready To Move,Electronic City,1 BHK,GrnSpce,665,1.0,3.0,30.04
Plot  Area,Ready To Move,Kaggadasapura,3 BHK,GrnSpce,1838,3.0,2.0,104.56
Super built-up  Area,Ready To Move,Marathahalli,3 BHK,GrnSpce,1929,3.0,3.0,133.62
Super built-up  Area,Ready To Move,Kaggadasapura,2 BHK,GrnSpce,924,2.0,1.0,48.44
Carpet  Area,Ready To Move,Bellandur,2 BHK,GrnSpce,915,2.0,1.0,76.71
Plot  Area,Ready To Move,Bellandur,3 BHK,GrnSpce,1835,3.0,2.0,136.25
Super built-up  Area,Ready To Move,Uttarahalli,2 BHK,GrnSpce,979,2.0,3.0,44.78
Super built-up  Area,Ready To Move,Bisuvanahalli,3 BHK,GrnSpce,1961,4.0,2.0,87.53
Super built-up  Area,Ready To Move,Yelahanka,2 BHK,GrnSpce,1273,2.0,0.0,69.86
Super built-up  Area,Ready To Move,Bellandur,3 BHK,GrnSpce,1928,3.0,3.0,149.52
Super built-up  Area,Ready To Move,Bisuvanahalli,1 BHK,GrnSpce,555,1.0,1.0,20.52
Built-up  Area,Ready To Move,Bisuvanahalli,3 BHK,GrnSpce,1921,3.0,3.0,70.13
Super built-up  Area,Ready To Move,Sarjapur Road,2 BHK,GrnSpce,917,3.0,2.0,64.55
Super built-up  Area,Ready To Move,Kaggadasapura,2 BHK,GrnSpce,1071,2.0,2.0,59.69
Built-up  Area,Ready To Move,Indiranagar,1 BHK,GrnSpce,597,2.0,1.0,94.18
Super built-up  Area,Ready To Move,KR Puram,2 BHK,GrnSpce,1237,2.0,1.0,59.47
Super built-up  Area,Ready To Move,Bannerghatta Road,2 BHK,GrnSpce,1159,2.0,3.0,68.52
Built-up  Area,Ready To Move,Malleshwaram,3 BHK,GrnSpce,1838,4.0,0.0,225.38
Plot  Area,Ready To Move,Malleshwaram,2 BHK,GrnSpce,949,2.0,3.0,111.98
Super built-up  Area,Ready To Move,Bellandur,3 BHK,GrnSpce,1430,3.0,1.0,113.11
Super built-up  Area,Ready To Move,Kanakapura Road,2 BHK,GrnSpce,954,2.0,3.0,52.76
Super built-up  Area,Ready To Move,Marathahalli,3 BHK,GrnSpce,1657,3.0,2.0,129.75
Super built-up  Area,Ready To Move,Bisuvanahalli,4 BHK,GrnSpce,3017,5.0,2.0,134.52
Super built-up  Area,Ready To Move,Bellandur,5 BHK,GrnSpce,3911,5.0,1.0,254.07
Super built-up  Area,Ready To Move,Electronic City Phase II,3 BHK,GrnSpce,1953,3.0,1.0,85.66
Built-up  Area,Ready To Move,Hebbal,3 BHK,GrnSpce,1675,3.0,0.0,126.32
Super built-up  Area,Ready To Move,Kanakapura Road,3 BHK,GrnSpce,1933,3.0,2.0,107.42
Super built-up  Area,Ready To Move,Uttarahalli,3 BHK,GrnSpce,1707,3.0,3.0,91.39
Super built-up  Area,Ready To Move,Bannerghatta Road,3 BHK,GrnSpce,1494,3.0,1.0,85.73
Super built-up  Area,Ready To Move,Hebbal,2 BHK,GrnSpce,968,2.0,0.0,74.68
Super built-up  Area,Ready To Move,Thanisandra,2 BHK,GrnSpce,1064,3.0,2.0,69.51
Super built-up  Area,Ready To Move,Kanakapura Road,3 BHK,GrnSpce,1889,4.0,0.0,92.76
Super built-up  Area,Ready To Move,HSR Layout,3 BHK,GrnSpce,1545,4.0,2.0,155.01
Super built-up  Area,Ready To Move,Kaggadasapura,2 BHK,GrnSpce,1234,3.0,0.0,71.42
Plot  Area,Ready To Move,HSR Layout,1 BHK,GrnSpce,722,2.0,2.0,71.44
Built-up  Area,Ready To Move,Uttarahalli,2 BHK,GrnSpce,1223,2.0,1.0,58.09
Super built-up  Area,Ready To Move,Electronic City Phase II,2 BHK,GrnSpce,1008,2.0,2.0,38.23
Carpet  Area,Ready To Move,Malleshwaram,3 BHK,GrnSpce,1911,4.0,1.0,211.83
Super built-up  Area,Ready To Move,HSR Layout,3 BHK,GrnSpce,1504,4.0,3.0,151.2
Plot  Area,Ready To Move,Bannerghatta Road,2 BHK,GrnSpce,1234,2.0,1.0,82.94
Super built-up  Area,Ready To Move,Whitefield,3 BHK,GrnSpce,1781,3.0,1.0,116.91
Super built-up  Area,Ready To Move,Marathahalli,2 BHK,GrnSpce,970,2.0,2.0,66.74
Plot  Area,Ready To Move,Hebbal,4 BHK,GrnSpce,2981,5.0,1.0,200.19
Plot  Area,Ready To Move,Electronic City,2 BHK,GrnSpce,1232,2.0,1.0,49.51
Plot  Area,Ready To Move,Hebbal,2 BHK,GrnSpce,922,2.0,2.0,66.3
Super built-up  Area,Ready To Move,Indiranagar,3 BHK,GrnSpce,1850,3.0,1.0,274.02
Plot  Area,Ready To Move,Yelahanka,3 BHK,GrnSpce,1807,4.0,1.0,99.85
Built-up  Area,Ready To Move,Kanakapura Road,2 BHK,GrnSpce,1286,2.0,2.0,53.97
Built-up  Area,Ready To Move,Sarjapur Road,2 BHK,GrnSpce,1051,2.0,0.0,79.38
Plot  Area,Ready To Move,KR Puram,3 BHK,GrnSpce,1548,3.0,3.0,73.29
Super built-up  Area,Ready To Move,Rajaji Nagar,3 BHK,GrnSpce,1475,4.0,0.0,149.01
Super built-up  Area,Ready To Move,Kanakapura Road,2 BHK,GrnSpce,1158,3.0,2.0,60.74
Plot  Area,Ready To Move,HSR Layout,3 BHK,GrnSpce,1429,3.0,3.0,112.58
Plot  Area,Ready To Move,Yelahanka,3 BHK,GrnSpce,1571,3.0,0.0,82.75
Plot  Area,Ready To Move,Bellandur,2 BHK,GrnSpce,1294,3.0,2.0,100.85
Super built-up  Area,Ready To Move,Bisuvanahalli,3 BHK,GrnSpce,1509,3.0,3.0,63.36
Super built-up  Area,Ready To Move,Koramangala,1 BHK,GrnSpce,706,1.0,3.0,101.36
Super built-up  Area,Ready To Move,Bellandur,3 BHK,GrnSpce,1409,3.0,3.0,127.25
Plot  Area,Ready To Move,Rajaji Nagar,4 BHK,GrnSpce,2533,4.0,2.0,330.69
Super built-up  Area,Ready To Move,Bannerghatta Road,3 BHK,GrnSpce,1407,3.0,1.0,79.85
Super built-up  Area,Ready To Move,Bannerghatta Road,3 BHK,GrnSpce,1703,4.0,2.0,100.8
Built-up  Area,Ready To Move,Marathahalli,2 BHK,GrnSpce,1144,2.0,3.0,76.69
Carpet  Area,Ready To Move,Kaggadasapura,3 BHK,GrnSpce,1485,4.0,0.0,61.36
Super built-up  Area,Ready To Move,Yelahanka,4 BHK,GrnSpce,2548,4.0,0.0,139.16
Super built-up  Area,Ready To Move,Kaggadasapura,1 BHK,GrnSpce,650,1.0,3.0,32.83
Super built-up  Area,Ready To Move,Uttarahalli,2 BHK,GrnSpce,1281,2.0,3.0,57.07
Built-up  Area,Ready To Move,Kanakapura Road,3 BHK,GrnSpce,1599,3.0,1.0,91.84
Super built-up  Area,Ready To Move,Bellandur,2 BHK,GrnSpce,1130,2.0,0.0,86.56
Super built-up  Area,Ready To Move,Yelahanka,2 BHK,GrnSpce,1027,3.0,1.0,63.4
Super built-up  Area,Ready To Move,Sarjapur Road,2 BHK,GrnSpce,1110,2.0,3.0,63.95
Built-up  Area,Ready To Move,Koramangala,3 BHK,GrnSpce,1632,3.0,2.0,235.83
Super built-up  Area,Ready To Move,Thanisandra,2 BHK,GrnSpce,1116,3.0,0.0,74.91
Built-up  Area,Ready To Move,Electronic City Phase II,3 BHK,GrnSpce,1435,3.0,2.0,60.12
Super built-up  Area,Ready To Move,Indiranagar,2 BHK,GrnSpce,938,3.0,1.0,118.5
Plot  Area,Ready To Move,Indiranagar,2 BHK,GrnSpce,906,2.0,3.0,128.87
Super built-up  Area,Ready To Move,Koramangala,2 BHK,GrnSpce,1193,2.0,3.0,140.87
Super built-up  Area,Ready To Move,Kaggadasapura,2 BHK,GrnSpce,1270,2.0,1.0,70.03
Super built-up  Area,Ready To Move,Electronic City,3 BHK,GrnSpce,1719,3.0,2.0,84.16
Plot  Area,Ready To Move,Whitefield,2 BHK,GrnSpce,1285,2.0,3.0,85.37
Super built-up  Area,Ready To Move,Electronic City Phase II,1 BHK,GrnSpce,548,1.0,1.0,24.59
Built-up  Area,Ready To Move,Marathahalli,2 BHK,GrnSpce,1182,2.0,1.0,74.34
Built-up  Area,Ready To Move,Bisuvanahalli,3 BHK,GrnSpce,1452,3.0,2.0,65.32
Super built-up  Area,Ready To Move,Yelahanka,1 BHK,GrnSpce,682,1.0,2.0,39.91
Super built-up  Area,Ready To Move,Uttarahalli,3 BHK,GrnSpce,1511,3.0,2.0,74.94
Plot  Area,Ready To Move,Bisuvanahalli,2 BHK,GrnSpce,1250,2.0,1.0,52.8
Carpet  Area,Ready To Move,KR Puram,2 BHK,GrnSpce,915,2.0,1.0,44.22
Plot  Area,Ready To Move,Sarjapur Road,2 BHK,GrnSpce,1209,3.0,0.0,85.71
Super built-up  Area,Ready To Move,HSR Layout,1 BHK,GrnSpce,590,1.0,2.0,56.86
Super built-up  Area,Ready To Move,Thanisandra,3 BHK,GrnSpce,1633,3.0,2.0,104.25
Super built-up  Area,Ready To Move,Bellandur,2 BHK,GrnSpce,937,2.0,2.0,72.43
Super built-up  Area,Ready To Move,Marathahalli,4 BHK,GrnSpce,3004,4.0,1.0,203.23
Super built-up  Area,Ready To Move,Malleshwaram,2 BHK,GrnSpce,1184,2.0,2.0,152.19
Super built-up  Area,Ready To Move,Uttarahalli,2 BHK,GrnSpce,952,2.0,1.0,47.53
Super built-up  Area,Ready To Move,Hebbal,3 BHK,GrnSpce,1910,3.0,2.0,182.54
Plot  Area,Ready To Move,Indiranagar,3 BHK,GrnSpce,1614,3.0,3.0,190.49
Built-up  Area,Ready To Move,Sarjapur Road,2 BHK,GrnSpce,1020,2.0,3.0,65.84
Built-up  Area,Ready To Move,Hebbal,3 BHK,GrnSpce,1653,3.0,2.0,146.58
Built-up  Area,Ready To Move,Bannerghatta Road,2 BHK,GrnSpce,1129,2.0,3.0,59.97
Plot  Area,Ready To Move,Rajaji Nagar,3 BHK,GrnSpce,1734,3.0,2.0,184.76
Plot  Area,Ready To Move,Whitefield,4 BHK,GrnSpce,2996,4.0,1.0,193.35
Built-up  Area,Ready To Move,Hebbal,2 BHK,GrnSpce,983,2.0,3.0,81.35
Built-up  Area,Ready To Move,Indiranagar,2 BHK,GrnSpce,1234,3.0,1.0,141.07
Super built-up  Area,Ready To Move,Electronic City Phase II,2 BHK,GrnSpce,1217,3.0,0.0,48.11
Plot  Area,Ready To Move,Sarjapur Road,3 BHK,GrnSpce,1478,3.0,2.0,93.97
Super built-up  Area,Ready To Move,Thanisandra,2 BHK,GrnSpce,967,2.0,1.0,61.41
Super built-up  Area,Ready To Move,Koramangala,2 BHK,GrnSpce,1271,2.0,0.0,139.33
Built-up  Area,Ready To Move,Uttarahalli,3 BHK,GrnSpce,1479,3.0,1.0,75.18
Super built-up  Area,Ready To Move,Rajaji Nagar,1 BHK,GrnSpce,668,1.0,0.0,90.27
Super built-up  Area,Ready To Move,Indiranagar,5 BHK,GrnSpce,4007,5.0,0.0,528.59
Super built-up  Area,Ready To Move,Hebbal,2 BHK,GrnSpce,955,2.0,2.0,78.45
Super built-up  Area,Ready To Move,HSR Layout,3 BHK,GrnSpce,1556,4.0,1.0,137.63
Super built-up  Area,Ready To Move,Bisuvanahalli,3 BHK,GrnSpce,1731,3.0,0.0,69.16
Built-up  Area,Ready To Move,Whitefield,5 BHK,GrnSpce,4559,5.0,2.0,336.25
Super built-up  Area,Ready To Move,Koramangala,4 BHK,GrnSpce,3134,4.0,2.0,414.94
Plot  Area,Ready To Move,Koramangala,3 BHK,GrnSpce,1684,3.0,3.0,240.96
Plot  Area,Ready To Move,Uttarahalli,2 BHK,GrnSpce,930,2.0,3.0,45.17
Super built-up  Area,Ready To Move,Marathahalli,2 BHK,GrnSpce,1204,2.0,3.0,75.9
Plot  Area,Ready To Move,HSR Layout,1 BHK,GrnSpce,723,2.0,1.0,67.63
Super built-up  Area,Ready To Move,Thanisandra,3 BHK,GrnSpce,1680,3.0,1.0,91.56
Super built-up  Area,Ready To Move,HSR Layout,1 BHK,GrnSpce,677,1.0,3.0,64.47
Super built-up  Area,Ready To Move,Uttarahalli,3 BHK,GrnSpce,1956,3.0,0.0,94.99
Super built-up  Area,Ready To Move,KR Puram,3 BHK,GrnSpce,1471,3.0,1.0,65.27
Super built-up  Area,Ready To Move,Kanakapura Road,3 BHK,GrnSpce,1891,3.0,2.0,95.94
Plot  Area,Ready To Move,Bellandur,3 BHK,GrnSpce,1608,3.0,2.0,117.61
Super built-up  Area,Ready To Move,Sarjapur Road,2 BHK,GrnSpce,951,3.0,1.0,58.85
Plot  Area,Ready To Move,Sarjapur Road,2 BHK,GrnSpce,1066,2.0,2.0,75.45
Super built-up  Area,Ready To Move,Kaggadasapura,2 BHK,GrnSpce,1051,3.0,2.0,62.15
Super built-up  Area,Ready To Move,Indiranagar,2 BHK,GrnSpce,1015,2.0,0.0,130.67
Super built-up  Area,Ready To Move,Bellandur,2 BHK,GrnSpce,1259,3.0,2.0,102.82
Plot  Area,Ready To Move,Electronic City,3 BHK,GrnSpce,1596,4.0,0.0,73.48
Plot  Area,Ready To Move,Sarjapur Road,2 BHK,GrnSpce,1269,3.0,1.0,84.54
Super built-up  Area,Ready To Move,Marathahalli,3 BHK,GrnSpce,1494,3.0,3.0,115.52
Built-up  Area,Ready To Move,Bisuvanahalli,2 BHK,GrnSpce,915,2.0,3.0,43.6
Built-up  Area,Ready To Move,HSR Layout,1 BHK,GrnSpce,500,1.0,1.0,55.2
Plot  Area,Ready To Move,Whitefield,5 BHK,GrnSpce,3690,6.0,3.0,277.77
Super built-up  Area,Ready To Move,HSR Layout,2 BHK,GrnSpce,1151,2.0,3.0,103.76
Plot  Area,Ready To Move,Indiranagar,1 BHK,GrnSpce,744,1.0,3.0,95.3
Plot  Area,Ready To Move,Uttarahalli,5 BHK,GrnSpce,4327,5.0,2.0,232.89
Super built-up  Area,Ready To Move,Kanakapura Road,3 BHK,GrnSpce,1908,4.0,2.0,116.56
Super built-up  Area,Ready To Move,Indiranagar,2 BHK,GrnSpce,1077,2.0,0.0,132.52
Super built-up  Area,Ready To Move,Sarjapur Road,2 BHK,GrnSpce,1250,2.0,1.0,78.73
Super built-up  Area,Ready To Move,Kaggadasapura,2 BHK,GrnSpce,1277,3.0,1.0,63.95
Super built-up  Area,Ready To Move,Yelahanka,3 BHK,GrnSpce,1931,3.0,1.0,108.71
Super built-up  Area,Ready To Move,Thanisandra,2 BHK,GrnSpce,1182,2.0,2.0,66.11
Super built-up  Area,Ready To Move,Bellandur,2 BHK,GrnSpce,1211,2.0,3.0,90.72
Super built-up  Area,Ready To Move,Electronic City,2 BHK,GrnSpce,1169,2.0,3.0,41.83
Built-up  Area,Ready To Move,Electronic City,3 BHK,GrnSpce,1905,3.0,3.0,94.96
Super built-up  Area,Ready To Move,Sarjapur Road,1 BHK,GrnSpce,690,1.0,0.0,47.07
Plot  Area,Ready To Move,Whitefield,2 BHK,GrnSpce,1080,2.0,3.0,72.03
Super built-up  Area,Ready To Move,Bisuvanahalli,2 BHK,GrnSpce,1015,2.0,1.0,46.07
Super built-up  Area,Ready To Move,Electronic City Phase II,3 BHK,GrnSpce,1656,3.0,3.0,77.68
Plot  Area,Ready To Move,Bellandur,1 BHK,GrnSpce,548,1.0,3.0,45.8
Built-up  Area,Ready To Move,Whitefield,3 BHK,GrnSpce,1709,4.0,3.0,120.9
Plot  Area,Ready To Move,Kanakapura Road,4 BHK,GrnSpce,2957,4.0,2.0,175.92
Super built-up  Area,Ready To Move,KR Puram,3 BHK,GrnSpce,1907,3.0,2.0,97.46
Super built-up  Area,Ready To Move,Yelahanka,3 BHK,GrnSpce,1703,4.0,1.0,90.19
Built-up  Area,Ready To Move,Indiranagar,3 BHK,GrnSpce,1628,3.0,3.0,203.1
Super built-up  Area,Ready To Move,Whitefield,3 BHK,GrnSpce,1728,3.0,1.0,134.0
Super built-up  Area,Ready To Move,HSR Layout,3 BHK,GrnSpce,1749,4.0,0.0,173.39
Carpet  Area,Ready To Move,Koramangala,5 BHK,GrnSpce,3784,6.0,2.0,561.55
Built-up  Area,Ready To Move,Thanisandra,3 BHK,GrnSpce,1663,3.0,3.0,114.01
Super built-up  Area,Ready To Move,Indiranagar,3 BHK,GrnSpce,1499,3.0,3.0,206.77
Super built-up  Area,Ready To Move,KR Puram,3 BHK,GrnSpce,1489,4.0,0.0,68.05
Built-up  Area,Ready To Move,Koramangala,2 BHK,GrnSpce,929,2.0,1.0,133.1
Super built-up  Area,Ready To Move,Thanisandra,3 BHK,GrnSpce,1445,4.0,0.0,95.68
Carpet  Area,Ready To Move,Marathahalli,1 BHK,GrnSpce,578,1.0,1.0,37.06
Super built-up  Area,Ready To Move,KR Puram,2 BHK,GrnSpce,981,3.0,3.0,53.79
Plot  Area,Ready To Move,Marathahalli,3 BHK,GrnSpce,1775,3.0,1.0,134.07
Plot  Area,Ready To Move,Indiranagar,3 BHK,GrnSpce,1659,4.0,2.0,242.18
Super built-up  Area,Ready To Move,Electronic City,3 BHK,GrnSpce,1466,3.0,3.0,49.73
Super built-up  Area,Ready To Move,Malleshwaram,2 BHK,GrnSpce,1236,3.0,3.0,118.96
Super built-up  Area,Ready To Move,Kaggadasapura,2 BHK,GrnSpce,1034,2.0,0.0,64.55
Super built-up  Area,Ready To Move,Bellandur,2 BHK,GrnSpce,1172,2.0,0.0,80.82
Plot  Area,Ready To Move,Indiranagar,1 BHK,GrnSpce,506,2.0,3.0,82.79
Super built-up  Area,Ready To Move,Malleshwaram,3 BHK,GrnSpce,1557,3.0,3.0,173.95
Super built-up  Area,Ready To Move,Rajaji Nagar,2 BHK,GrnSpce,1173,3.0,1.0,139.45
Super built-up  Area,Ready To Move,Hebbal,2 BHK,GrnSpce,948,2.0,2.0,83.46
Super built-up  Area,Ready To Move,Bellandur,2 BHK,GrnSpce,1116,2.0,2.0,77.16
Super built-up  Area,Ready To Move,KR Puram,3 BHK,GrnSpce,1601,3.0,0.0,81.02
Super built-up  Area,Ready To Move,Malleshwaram,2 BHK,GrnSpce,1025,2.0,0.0,107.94
Built-up  Area,Ready To Move,Bisuvanahalli,3 BHK,GrnSpce,1964,3.0,1.0,71.55
Super built-up  Area,Ready To Move,Hebbal,2 BHK,GrnSpce,1251,2.0,0.0,101.79
Super built-up  Area,Ready To Move,Whitefield,2 BHK,GrnSpce,1250,2.0,3.0,86.35
Super built-up  Area,Ready To Move,Uttarahalli,2 BHK,GrnSpce,994,2.0,1.0,55.07
Built-up  Area,Ready To Move,Malleshwaram,2 BHK,GrnSpce,1056,2.0,3.0,108.73
Plot  Area,Ready To Move,Marathahalli,2 BHK,GrnSpce,1240,2.0,1.0,88.24
Built-up  Area,Ready To Move,Bannerghatta Road,3 BHK,GrnSpce,1524,4.0,0.0,96.85
Built-up  Area,Ready To Move,Electronic City,1 BHK,GrnSpce,505,2.0,3.0,21.86
Super built-up  Area,Ready To Move,Kaggadasapura,1 BHK,GrnSpce,589,1.0,2.0,32.89
Built-up  Area,Ready To Move,Bannerghatta Road,2 BHK,GrnSpce,994,3.0,0.0,68.41
Built-up  Area,Ready To Move,Bannerghatta Road,2 BHK,GrnSpce,1006,2.0,2.0,62.24
Plot  Area,Ready To Move,Electronic City,1 BHK,GrnSpce,515,1.0,1.0,21.59
Super built-up  Area,Ready To Move,Rajaji Nagar,3 BHK,GrnSpce,1653,3.0,0.0,188.3
Super built-up  Area,Ready To Move,Malleshwaram,2 BHK,GrnSpce,926,3.0,3.0,117.61
Plot  Area,Ready To Move,Electronic City,2 BHK,GrnSpce,1251,2.0,2.0,53.84
Super built-up  Area,Ready To Move,Koramangala,3 BHK,GrnSpce,1736,3.0,3.0,222.67
Super built-up  Area,Ready To Move,Thanisandra,3 BHK,GrnSpce,1843,3.0,1.0,105.55
Super built-up  Area,Ready To Move,Kanakapura Road,3 BHK,GrnSpce,1849,3.0,2.0,104.98
Super built-up  Area,Ready To Move,Rajaji Nagar,2 BHK,GrnSpce,1290,3.0,1.0,144.57
Plot  Area,Ready To Move,Bisuvanahalli,1 BHK,GrnSpce,678,1.0,2.0,29.36
Plot  Area,Ready To Move,Bisuvanahalli,2 BHK,GrnSpce,1108,2.0,1.0,44.12
Super built-up  Area,Ready To Move,Bisuvanahalli,2 BHK,GrnSpce,1060,3.0,3.0,50.87
Plot  Area,Ready To Move,Bannerghatta Road,3 BHK,GrnSpce,1774,3.0,1.0,126.92
Super built-up  Area,Ready To Move,Electronic City Phase II,2 BHK,GrnSpce,935,2.0,0.0,39.62
Built-up  Area,Ready To Move,Bisuvanahalli,4 BHK,GrnSpce,2790,4.0,2.0,106.75
Built-up  Area,Ready To Move,Hebbal,3 BHK,GrnSpce,1656,3.0,1.0,143.25
Plot  Area,Ready To Move,Bisuvanahalli,1 BHK,GrnSpce,637,1.0,2.0,26.42
Carpet  Area,Ready To Move,Kaggadasapura,2 BHK,GrnSpce,1124,2.0,1.0,57.37
Built-up  Area,Ready To Move,Electronic City,3 BHK,GrnSpce,1663,3.0,1.0,77.36
Plot  Area,Ready To Move,Kanakapura Road,2 BHK,GrnSpce,1200,2.0,1.0,72.87
Plot  Area,Ready To Move,Whitefield,2 BHK,GrnSpce,1076,2.0,3.0,76.1
Super built-up  Area,Ready To Move,Bannerghatta Road,2 BHK,GrnSpce,1034,2.0,0.0,68.86
Super built-up  Area,Ready To Move,Bannerghatta Road,2 BHK,GrnSpce,1241,2.0,2.0,72.71
Super built-up  Area,Ready To Move,Bisuvanahalli,3 BHK,GrnSpce,1460,3.0,3.0,49.34
Super built-up  Area,Ready To Move,Kaggadasapura,3 BHK,GrnSpce,1967,3.0,1.0,116.72
Built-up  Area,Ready To Move,KR Puram,3 BHK,GrnSpce,1898,3.0,3.0,97.78
Super built-up  Area,Ready To Move,Hebbal,3 BHK,GrnSpce,1692,3.0,0.0,108.58
Super built-up  Area,Ready To Move,Electronic City Phase II,4 BHK,GrnSpce,2891,4.0,2.0,116.87
Super built-up  Area,Ready To Move,Indiranagar,2 BHK,GrnSpce,1064,2.0,3.0,137.57
Super built-up  Area,Ready To Move,Indiranagar,3 BHK,GrnSpce,1404,3.0,0.0,160.67
Plot  Area,Ready To Move,Thanisandra,2 BHK,GrnSpce,955,3.0,2.0,65.14
Plot  Area,Ready To Move,Koramangala,2 BHK,GrnSpce,937,2.0,0.0,125.63
Super built-up  Area,Ready To Move,KR Puram,2 BHK,GrnSpce,1244,2.0,0.0,53.45
Plot  Area,Ready To Move,Malleshwaram,2 BHK,GrnSpce,1244,2.0,0.0,156.77
Built-up  Area,Ready To Move,Kanakapura Road,2 BHK,GrnSpce,973,2.0,3.0,56.27
Plot  Area,Ready To Move,KR Puram,3 BHK,GrnSpce,1526,4.0,3.0,69.84
Plot  Area,Ready To Move,Electronic City Phase II,4 BHK,GrnSpce,3032,4.0,0.0,130.66
Super built-up  Area,Ready To Move,Indiranagar,1 BHK,GrnSpce,721,1.0,1.0,106.52
Plot  Area,Ready To Move,Malleshwaram,3 BHK,GrnSpce,1774,3.0,2.0,214.73
Super built-up  Area,Ready To Move,Malleshwaram,1 BHK,GrnSpce,565,1.0,2.0,73.9
Super built-up  Area,Ready To Move,Bannerghatta Road,4 BHK,GrnSpce,2589,4.0,2.0,197.36
Super built-up  Area,Ready To Move,Whitefield,3 BHK,GrnSpce,1767,3.0,3.0,127.2
Super built-up  Area,Ready To Move,Thanisandra,2 BHK,GrnSpce,1084,2.0,1.0,67.16
Carpet  Area,Ready To Move,Koramangala,1 BHK,GrnSpce,616,1.0,1.0,81.45
Super built-up  Area,Ready To Move,Bellandur,2 BHK,GrnSpce,1231,2.0,2.0,94.86
Plot  Area,Ready To Move,KR Puram,2 BHK,GrnSpce,1282,2.0,1.0,58.92
Super built-up  Area,Ready To Move,Marathahalli,3 BHK,GrnSpce,1941,4.0,1.0,108.2
Super built-up  Area,Ready To Move,KR Puram,2 BHK,GrnSpce,973,2.0,0.0,50.86
Super built-up  Area,Ready To Move,Marathahalli,3 BHK,GrnSpce,1418,3.0,3.0,95.79
Built-up  Area,Ready To Move,Bisuvanahalli,3 BHK,GrnSpce,1451,3.0,0.0,61.22
Super built-up  Area,Ready To Move,Thanisandra,3 BHK,GrnSpce,1423,3.0,0.0,79.98
Super built-up  Area,Ready To Move,Electronic City Phase II,4 BHK,GrnSpce,2703,5.0,1.0,106.51
Super built-up  Area,Ready To Move,Malleshwaram,2 BHK,GrnSpce,1046,2.0,0.0,129.67
Super built-up  Area,Ready To Move,HSR Layout,4 BHK,GrnSpce,3178,4.0,1.0,364.53
Plot  Area,Ready To Move,Rajaji Nagar,2 BHK,GrnSpce,1164,2.0,2.0,132.72
Super built-up  Area,Ready To Move,Bellandur,2 BHK,GrnSpce,1218,3.0,0.0,76.34
Plot  Area,Ready To Move,KR Puram,4 BHK,GrnSpce,2618,5.0,3.0,113.79
Super built-up  Area,Ready To Move,KR Puram,1 BHK,GrnSpce,623,1.0,0.0,32.25
Plot  Area,Ready To Move,Whitefield,3 BHK,GrnSpce,1464,4.0,3.0,85.59
Plot  Area,Ready To Move,Rajaji Nagar,2 BHK,GrnSpce,1098,2.0,0.0,142.7
Super built-up  Area,Ready To Move,Yelahanka,2 BHK,GrnSpce,1108,2.0,0.0,49.98
Plot  Area,Ready To Move,Whitefield,2 BHK,GrnSpce,1151,2.0,2.0,83.11
Super built-up  Area,Ready To Move,Thanisandra,4 BHK,GrnSpce,2915,4.0,2.0,157.47
Super built-up  Area,Ready To Move,Malleshwaram,2 BHK,GrnSpce,933,2.0,2.0,127.94
Super built-up  Area,Ready To Move,Indiranagar,4 BHK,GrnSpce,2514,4.0,3.0,365.03
Carpet  Area,Ready To Move,HSR Layout,2 BHK,GrnSpce,1025,2.0,1.0,86.21
Super built-up  Area,Ready To Move,Bellandur,2 BHK,GrnSpce,1289,3.0,1.0,100.53
Plot  Area,Ready To Move,Malleshwaram,3 BHK,GrnSpce,1814,4.0,0.0,220.17
Built-up  Area,Ready To Move,Bisuvanahalli,2 BHK,GrnSpce,1007,2.0,1.0,40.29
Super built-up  Area,Ready To Move,Kaggadasapura,2 BHK,GrnSpce,1141,2.0,1.0,66.5
Plot  Area,Ready To Move,Whitefield,2 BHK,GrnSpce,986,2.0,3.0,73.27
Super built-up  Area,Ready To Move,Bisuvanahalli,3 BHK,GrnSpce,1696,3.0,0.0,63.4
Super built-up  Area,Ready To Move,Bellandur,3 BHK,GrnSpce,1529,4.0,3.0,113.5
Super built-up  Area,Ready To Move,KR Puram,1 BHK,GrnSpce,726,1.0,1.0,37.32
Built-up  Area,Ready To Move,Kaggadasapura,3 BHK,GrnSpce,1966,3.0,3.0,114.12
Super built-up  Area,Ready To Move,Kaggadasapura,3 BHK,GrnSpce,1826,4.0,2.0,99.99
Super built-up  Area,Ready To Move,Bellandur,2 BHK,GrnSpce,1179,2.0,1.0,78.94
Carpet  Area,Ready To Move,Yelahanka,2 BHK,GrnSpce,1038,2.0,2.0,50.34
Super built-up  Area,Ready To Move,Hebbal,3 BHK,GrnSpce,1532,3.0,1.0,97.75
Plot  Area,Ready To Move,Indiranagar,3 BHK,GrnSpce,1941,3.0,1.0,257.79
Super built-up  Area,Ready To Move,HSR Layout,3 BHK,GrnSpce,1484,3.0,3.0,140.71
Plot  Area,Ready To Move,Marathahalli,3 BHK,GrnSpce,1582,3.0,3.0,119.37
Plot  Area,Ready To Move,Kanakapura Road,2 BHK,GrnSpce,1096,2.0,0.0,73.44
Super built-up  Area,Ready To Move,Kaggadasapura,3 BHK,GrnSpce,1514,3.0,0.0,86.36
Plot  Area,Ready To Move,Rajaji Nagar,2 BHK,GrnSpce,986,2.0,1.0,97.32
Carpet  Area,Ready To Move,Sarjapur Road,3 BHK,GrnSpce,1768,3.0,1.0,103.09
Super built-up  Area,Ready To Move,Uttarahalli,2 BHK,GrnSpce,994,2.0,3.0,48.79
Built-up  Area,Ready To Move,Rajaji Nagar,1 BHK,GrnSpce,653,1.0,2.0,76.33
Super built-up  Area,Ready To Move,Sarjapur Road,1 BHK,GrnSpce,619,1.0,1.0,41.3
Super built-up  Area,Ready To Move,Indiranagar,3 BHK,GrnSpce,1558,4.0,1.0,190.57
Super built-up  Area,Ready To Move,Thanisandra,3 BHK,GrnSpce,1775,3.0,2.0,89.02
Plot  Area,Ready To Move,Electronic City Phase II,2 BHK,GrnSpce,1159,2.0,3.0,48.85
Super built-up  Area,Ready To Move,Whitefield,4 BHK,GrnSpce,2242,4.0,2.0,177.35
Super built-up  Area,Ready To Move,Marathahalli,3 BHK,GrnSpce,1812,3.0,0.0,139.23
Super built-up  Area,Ready To Move,Bannerghatta Road,3 BHK,GrnSpce,1583,3.0,0.0,102.2
Super built-up  Area,Ready To Move,HSR Layout,1 BHK,GrnSpce,500,1.0,1.0,46.3
Plot  Area,Ready To Move,HSR Layout,1 BHK,GrnSpce,542,1.0,3.0,55.15
Plot  Area,Ready To Move,HSR Layout,3 BHK,GrnSpce,1804,4.0,2.0,169.95
Super built-up  Area,Ready To Move,Marathahalli,2 BHK,GrnSpce,1176,2.0,0.0,91.86
Built-up  Area,Ready To Move,Bisuvanahalli,2 BHK,GrnSpce,1059,3.0,1.0,43.15
Plot  Area,Ready To Move,HSR Layout,2 BHK,GrnSpce,1066,2.0,2.0,108.61
Super built-up  Area,Ready To Move,Rajaji Nagar,2 BHK,GrnSpce,942,2.0,0.0,99.93
Super built-up  Area,Ready To Move,Electronic City,1 BHK,GrnSpce,631,1.0,0.0,31.58
Super built-up  Area,Ready To Move,Malleshwaram,3 BHK,GrnSpce,1804,3.0,3.0,205.99
Built-up  Area,Ready To Move,Bellandur,2 BHK,GrnSpce,967,2.0,2.0,68.31
Plot  Area,Ready To Move,Koramangala,2 BHK,GrnSpce,1119,2.0,1.0,151.56
Built-up  Area,Ready To Move,Hebbal,3 BHK,GrnSpce,1983,3.0,3.0,173.07
Super built-up  Area,Ready To Move,Electronic City Phase II,3 BHK,GrnSpce,1535,3.0,1.0,70.43
Super built-up  Area,Ready To Move,Koramangala,2 BHK,GrnSpce,1101,2.0,2.0,160.63
Built-up  Area,Ready To Move,HSR Layout,4 BHK,GrnSpce,2568,4.0,0.0,235.01
Built-up  Area,Ready To Move,Bannerghatta Road,2 BHK,GrnSpce,930,2.0,0.0,59.82
Super built-up  Area,Ready To Move,Sarjapur Road,2 BHK,GrnSpce,1221,2.0,1.0,75.31
Plot  Area,Ready To Move,Electronic City,4 BHK,GrnSpce,3161,5.0,2.0,123.4
Super built-up  Area,Ready To Move,Sarjapur Road,1 BHK,GrnSpce,505,1.0,2.0,37.83
Super built-up  Area,Ready To Move,Koramangala,2 BHK,GrnSpce,1284,2.0,1.0,179.71
Built-up  Area,Ready To Move,Bellandur,3 BHK,GrnSpce,1627,4.0,0.0,117.1
Super built-up  Area,Ready To Move,Marathahalli,2 BHK,GrnSpce,1064,2.0,3.0,80.11
Plot  Area,Ready To Move,Kaggadasapura,2 BHK,GrnSpce,1034,2.0,0.0,48.56
Plot  Area,Ready To Move,Sarjapur Road,2 BHK,GrnSpce,1145,2.0,2.0,64.14
Plot  Area,Ready To Move,Bellandur,3 BHK,GrnSpce,1420,3.0,0.0,123.17
Super built-up  Area,Ready To Move,Electronic City Phase II,3 BHK,GrnSpce,1448,3.0,0.0,56.64
Super built-up  Area,Ready To Move,Yelahanka,2 BHK,GrnSpce,1028,2.0,1.0,52.2
Built-up  Area,Ready To Move,Whitefield,1 BHK,GrnSpce,685,1.0,0.0,40.96
Super built-up  Area,Ready To Move,Kanakapura Road,2 BHK,GrnSpce,1003,2.0,0.0,53.33
Super built-up  Area,Ready To Move,Yelahanka,5 BHK,GrnSpce,4730,5.0,1.0,266.2
Carpet  Area,Ready To Move,Kanakapura Road,2 BHK,GrnSpce,1044,2.0,2.0,65.16
Built-up  Area,Ready To Move,Koramangala,3 BHK,GrnSpce,1550,3.0,1.0,199.88
Carpet  Area,Ready To Move,Electronic City Phase II,2 BHK,GrnSpce,966,2.0,3.0,44.34
Plot  Area,Ready To Move,HSR Layout,2 BHK,GrnSpce,1298,3.0,3.0,116.47
Super built-up  Area,Ready To Move,Marathahalli,2 BHK,GrnSpce,1058,3.0,0.0,72.19
Super built-up  Area,Ready To Move,Bellandur,3 BHK,GrnSpce,1974,3.0,2.0,135.4
Super built-up  Area,Ready To Move,Kanakapura Road,3 BHK,GrnSpce,1902,3.0,2.0,127.12
Carpet  Area,Ready To Move,Koramangala,1 BHK,GrnSpce,589,1.0,0.0,74.24
Super built-up  Area,Ready To Move,Rajaji Nagar,2 BHK,GrnSpce,1042,2.0,3.0,106.86
Super built-up  Area,Ready To Move,Koramangala,3 BHK,GrnSpce,1672,3.0,1.0,202.09
Super built-up  Area,Ready To Move,HSR Layout,1 BHK,GrnSpce,518,1.0,1.0,52.53
Built-up  Area,Ready To Move,Kanakapura Road,2 BHK,GrnSpce,1077,2.0,3.0,56.79
Built-up  Area,Ready To Move,Sarjapur Road,3 BHK,GrnSpce,1926,3.0,0.0,143.4
Super built-up  Area,Ready To Move,Marathahalli,3 BHK,GrnSpce,1895,3.0,3.0,153.1
Plot  Area,Ready To Move,Sarjapur Road,3 BHK,GrnSpce,1949,3.0,2.0,128.74
Super built-up  Area,Ready To Move,Yelahanka,2 BHK,GrnSpce,943,3.0,2.0,53.92
Plot  Area,Ready To Move,Electronic City Phase II,1 BHK,GrnSpce,523,1.0,3.0,24.73
Plot  Area,Ready To Move,Bisuvanahalli,1 BHK,GrnSpce,558,1.0,3.0,22.7
Super built-up  Area,Ready To Move,Malleshwaram,2 BHK,GrnSpce,1084,2.0,3.0,119.45
Super built-up  Area,Ready To Move,Electronic City,2 BHK,GrnSpce,1104,3.0,2.0,54.1
Super built-up  Area,Ready To Move,Kanakapura Road,2 BHK,GrnSpce,1150,2.0,0.0,70.1
Super built-up  Area,Ready To Move,Bellandur,1 BHK,GrnSpce,536,1.0,3.0,46.85
Super built-up  Area,Ready To Move,Koramangala,2 BHK,GrnSpce,902,2.0,2.0,138.77
Super built-up  Area,Ready To Move,Hebbal,2 BHK,GrnSpce,1110,2.0,1.0,102.31
Super built-up  Area,Ready To Move,Marathahalli,3 BHK,GrnSpce,1593,3.0,2.0,108.17
Built-up  Area,Ready To Move,HSR Layout,2 BHK,GrnSpce,998,3.0,1.0,97.84
Carpet  Area,Ready To Move,Whitefield,4 BHK,GrnSpce,2875,4.0,3.0,192.66
Super built-up  Area,Ready To Move,Bisuvanahalli,3 BHK,GrnSpce,1649,4.0,3.0,65.14
Built-up  Area,Ready To Move,KR Puram,3 BHK,GrnSpce,1791,3.0,3.0,81.94
Carpet  Area,Ready To Move,Indiranagar,1 BHK,GrnSpce,518,1.0,1.0,77.62
Super built-up  Area,Ready To Move,Kaggadasapura,4 BHK,GrnSpce,2857,4.0,1.0,150.37
Plot  Area,Ready To Move,Malleshwaram,2 BHK,GrnSpce,1220,3.0,2.0,151.0
Super built-up  Area,Ready To Move,Whitefield,2 BHK,GrnSpce,1250,2.0,0.0,95.14
Carpet  Area,Ready To Move,Bisuvanahalli,3 BHK,GrnSpce,1664,4.0,2.0,61.05
Plot  Area,Ready To Move,Marathahalli,2 BHK,GrnSpce,1170,3.0,0.0,77.48
Super built-up  Area,Ready To Move,Marathahalli,5 BHK,GrnSpce,4606,5.0,1.0,321.03
Super built-up  Area,Ready To Move,Bellandur,2 BHK,GrnSpce,1273,2.0,0.0,89.23
Super built-up  Area,Ready To Move,Bannerghatta Road,2 BHK,GrnSpce,1033,2.0,2.0,72.16
Carpet  Area,Ready To Move,Marathahalli,3 BHK,GrnSpce,1640,3.0,0.0,113.55
Super built-up  Area,Ready To Move,Bellandur,3 BHK,GrnSpce,1707,3.0,1.0,111.2
Super built-up  Area,Ready To Move,Electronic City Phase II,3 BHK,GrnSpce,1575,4.0,1.0,64.52
Super built-up  Area,Ready To Move,Kanakapura Road,2 BHK,GrnSpce,919,2.0,1.0,59.06
Super built-up  Area,Ready To Move,Sarjapur Road,4 BHK,GrnSpce,3140,5.0,0.0,200.93
Super built-up  Area,Ready To Move,Hebbal,2 BHK,GrnSpce,1106,3.0,0.0,90.19
Super built-up  Area,Ready To Move,HSR Layout,3 BHK,GrnSpce,1598,3.0,2.0,157.72
Super built-up  Area,Ready To Move,Whitefield,3 BHK,GrnSpce,1541,3.0,0.0,103.78
Super built-up  Area,Ready To Move,Marathahalli,3 BHK,GrnSpce,1754,4.0,2.0,120.31
Built-up  Area,Ready To Move,Thanisandra,2 BHK,GrnSpce,1178,3.0,3.0,67.7
Super built-up  Area,Ready To Move,Marathahalli,3 BHK,GrnSpce,1624,3.0,2.0,101.64
Super built-up  Area,Ready To Move,Bellandur,2 BHK,GrnSpce,1276,2.0,1.0,81.6
Built-up  Area,Ready To Move,KR Puram,3 BHK,GrnSpce,1571,3.0,3.0,77.2
Super built-up  Area,Ready To Move,Hebbal,3 BHK,GrnSpce,1406,3.0,3.0,117.76
Plot  Area,Ready To Move,Uttarahalli,2 BHK,GrnSpce,1085,2.0,1.0,53.44
Super built-up  Area,Ready To Move,Rajaji Nagar,3 BHK,GrnSpce,1781,3.0,0.0,177.73
Super built-up  Area,Ready To Move,Yelahanka,3 BHK,GrnSpce,1443,3.0,0.0,75.24
Super built-up  Area,Ready To Move,Marathahalli,2 BHK,GrnSpce,1209,2.0,0.0,73.22
Super built-up  Area,Ready To Move,Sarjapur Road,2 BHK,GrnSpce,1134,3.0,1.0,66.44
Super built-up  Area,Ready To Move,Kanakapura Road,1 BHK,GrnSpce,725,1.0,2.0,36.07
Super built-up  Area,Ready To Move,Sarjapur Road,2 BHK,GrnSpce,1143,2.0,0.0,83.75
Built-up  Area,Ready To Move,Thanisandra,2 BHK,GrnSpce,954,2.0,2.0,60.43
Plot  Area,Ready To Move,Kaggadasapura,3 BHK,GrnSpce,1703,3.0,0.0,71.49
Plot  Area,Ready To Move,Electronic City,3 BHK,GrnSpce,1409,3.0,0.0,60.95
Super built-up  Area,Ready To Move,HSR Layout,1 BHK,GrnSpce,567,1.0,0.0,47.85
Super built-up  Area,Ready To Move,Kaggadasapura,1 BHK,GrnSpce,529,1.0,1.0,28.72
Super built-up  Area,Ready To Move,HSR Layout,2 BHK,GrnSpce,1127,2.0,0.0,108.86
Super built-up  Area,Ready To Move,Uttarahalli,2 BHK,GrnSpce,1024,2.0,2.0,48.04
Built-up  Area,Ready To Move,Uttarahalli,2 BHK,GrnSpce,1227,2.0,3.0,58.75
Super built-up  Area,Ready To Move,Malleshwaram,3 BHK,GrnSpce,1878,3.0,1.0,229.44
Plot  Area,Ready To Move,Marathahalli,2 BHK,GrnSpce,1084,2.0,1.0,66.42
Super built-up  Area,Ready To Move,Rajaji Nagar,3 BHK,GrnSpce,1749,4.0,1.0,184.36
Super built-up  Area,Ready To Move,Bannerghatta Road,2 BHK,GrnSpce,1178,2.0,2.0,76.58
Built-up  Area,Ready To Move,Kanakapura Road,3 BHK,GrnSpce,1477,3.0,1.0,91.42
Super built-up  Area,Ready To Move,Marathahalli,3 BHK,GrnSpce,1817,3.0,2.0,111.1
Plot  Area,Ready To Move,Koramangala,2 BHK,GrnSpce,1210,2.0,0.0,164.74
Super built-up  Area,Ready To Move,KR Puram,2 BHK,GrnSpce,1211,2.0,0.0,65.07
Super built-up  Area,Ready To Move,Koramangala,3 BHK,GrnSpce,1570,3.0,0.0,219.32
Super built-up  Area,Ready To Move,KR Puram,2 BHK,GrnSpce,1019,2.0,1.0,45.69
Built-up  Area,Ready To Move,Bisuvanahalli,3 BHK,GrnSpce,1488,3.0,0.0,58.43
Super built-up  Area,Ready To Move,Hebbal,2 BHK,GrnSpce,940,2.0,2.0,88.05
Super built-up  Area,Ready To Move,Indiranagar,2 BHK,GrnSpce,1092,2.0,0.0,159.99
Super built-up  Area,Ready To Move,Indiranagar,3 BHK,GrnSpce,1917,3.0,1.0,296.34
Super built-up  Area,Ready To Move,Bannerghatta Road,3 BHK,GrnSpce,1594,4.0,3.0,97.44
Built-up  Area,Ready To Move,Electronic City,2 BHK,GrnSpce,1057,2.0,1.0,51.02
Carpet  Area,Ready To Move,Uttarahalli,1 BHK,GrnSpce,504,1.0,3.0,23.98
Plot  Area,Ready To Move,Rajaji Nagar,2 BHK,GrnSpce,927,2.0,0.0,109.71
Plot  Area,Ready To Move,Marathahalli,3 BHK,GrnSpce,1947,3.0,1.0,142.43
Plot  Area,Ready To Move,Bannerghatta Road,3 BHK,GrnSpce,1678,3.0,2.0,108.28
Super built-up  Area,Ready To Move,Electronic City,2 BHK,GrnSpce,1150,2.0,1.0,53.25
Super built-up  Area,Ready To Move,Indiranagar,3 BHK,GrnSpce,1644,3.0,2.0,212.15
Plot  Area,Ready To Move,Whitefield,4 BHK,GrnSpce,3041,4.0,0.0,241.91
Super built-up  Area,Ready To Move,Marathahalli,1 BHK,GrnSpce,722,1.0,2.0,43.15
Super built-up  Area,Ready To Move,Malleshwaram,2 BHK,GrnSpce,937,2.0,2.0,128.5
Super built-up  Area,Ready To Move,Whitefield,4 BHK,GrnSpce,2652,4.0,3.0,167.72
Super built-up  Area,Ready To Move,Yelahanka,3 BHK,GrnSpce,1465,3.0,2.0,85.85
Super built-up  Area,Ready To Move,Bisuvanahalli,3 BHK,GrnSpce,1617,3.0,1.0,59.15
Carpet  Area,Ready To Move,Bellandur,2 BHK,GrnSpce,1009,2.0,1.0,66.7
Super built-up  Area,Ready To Move,Marathahalli,3 BHK,GrnSpce,1946,4.0,0.0,121.01
Built-up  Area,Ready To Move,Marathahalli,3 BHK,GrnSpce,1542,3.0,1.0,111.89
Built-up  Area,Ready To Move,Malleshwaram,3 BHK,GrnSpce,1890,3.0,2.0,220.12
Carpet  Area,Ready To Move,Rajaji Nagar,2 BHK,GrnSpce,1291,3.0,3.0,130.37
Super built-up  Area,Ready To Move,Yelahanka,1 BHK,GrnSpce,610,1.0,0.0,29.71
Super built-up  Area,Ready To Move,Hebbal,2 BHK,GrnSpce,1230,2.0,1.0,98.27
Super built-up  Area,Ready To Move,Thanisandra,2 BHK,GrnSpce,1052,2.0,0.0,66.49
Super built-up  Area,Ready To Move,Koramangala,3 BHK,GrnSpce,1725,3.0,1.0,256.47
Built-up  Area,Ready To Move,KR Puram,2 BHK,GrnSpce,1201,2.0,2.0,59.96
Plot  Area,Ready To Move,Koramangala,2 BHK,GrnSpce,906,2.0,0.0,102.47
Plot  Area,Ready To Move,Uttarahalli,4 BHK,GrnSpce,3110,4.0,0.0,134.8
Plot  Area,Ready To Move,Marathahalli,1 BHK,GrnSpce,656,1.0,1.0,47.91
Super built-up  Area,Ready To Move,Thanisandra,3 BHK,GrnSpce,1490,3.0,2.0,100.25
Super built-up  Area,Ready To Move,Electronic City,4 BHK,GrnSpce,2775,5.0,3.0,136.3
Built-up  Area,Ready To Move,KR Puram,2 BHK,GrnSpce,1136,2.0,1.0,63.06
Super built-up  Area,Ready To Move,Electronic City Phase II,1 BHK,GrnSpce,640,1.0,1.0,28.01
Super built-up  Area,Ready To Move,HSR Layout,5 BHK,GrnSpce,3901,5.0,0.0,329.17
Super built-up  Area,Ready To Move,Kanakapura Road,3 BHK,GrnSpce,1579,3.0,0.0,78.37
Built-up  Area,Ready To Move,Whitefield,3 BHK,GrnSpce,1491,3.0,3.0,98.54
Super built-up  Area,Ready To Move,Yelahanka,2 BHK,GrnSpce,1055,2.0,3.0,61.58
Super built-up  Area,Ready To Move,Kaggadasapura,3 BHK,GrnSpce,1763,3.0,0.0,78.56
Plot  Area,Ready To Move,Kaggadasapura,4 BHK,GrnSpce,2890,4.0,3.0,121.38
Carpet  Area,Ready To Move,Electronic City Phase II,2 BHK,GrnSpce,1231,2.0,2.0,51.91
Plot  Area,Ready To Move,KR Puram,3 BHK,GrnSpce,1881,4.0,1.0,75.44
Super built-up  Area,Ready To Move,Koramangala,2 BHK,GrnSpce,1196,2.0,1.0,149.06
Super built-up  Area,Ready To Move,Whitefield,2 BHK,GrnSpce,1031,2.0,2.0,66.67
Super built-up  Area,Ready To Move,HSR Layout,4 BHK,GrnSpce,2591,4.0,3.0,233.59
Super built-up  Area,Ready To Move,Bellandur,3 BHK,GrnSpce,1849,3.0,1.0,93.85
Super built-up  Area,Ready To Move,KR Puram,2 BHK,GrnSpce,1167,2.0,1.0,68.14
Super built-up  Area,Ready To Move,Uttarahalli,2 BHK,GrnSpce,1132,2.0,2.0,53.94
Built-up  Area,Ready To Move,HSR Layout,3 BHK,GrnSpce,1999,3.0,2.0,224.98
Super built-up  Area,Ready To Move,KR Puram,2 BHK,GrnSpce,1038,2.0,0.0,58.4
Super built-up  Area,Ready To Move,Bellandur,2 BHK,GrnSpce,1189,2.0,3.0,84.66
Super built-up  Area,Ready To Move,Electronic City Phase II,2 BHK,GrnSpce,947,2.0,3.0,36.24
Super built-up  Area,Ready To Move,HSR Layout,2 BHK,GrnSpce,1255,2.0,3.0,146.9
Super built-up  Area,Ready To Move,Rajaji Nagar,2 BHK,GrnSpce,1105,2.0,3.0,132.6
Carpet  Area,Ready To Move,HSR Layout,3 BHK,GrnSpce,1908,3.0,2.0,206.97
Super built-up  Area,Ready To Move,Bannerghatta Road,1 BHK,GrnSpce,585,1.0,3.0,40.45
Super built-up  Area,Ready To Move,Indiranagar,1 BHK,GrnSpce,574,2.0,1.0,78.2
Carpet  Area,Ready To Move,Indiranagar,3 BHK,GrnSpce,1487,3.0,3.0,210.64
Super built-up  Area,Ready To Move,Bellandur,2 BHK,GrnSpce,1055,3.0,0.0,71.34
Super built-up  Area,Ready To Move,Uttarahalli,2 BHK,GrnSpce,1207,2.0,2.0,72.76
Carpet  Area,Ready To Move,Whitefield,2 BHK,GrnSpce,962,2.0,3.0,70.89
Plot  Area,Ready To Move,Bellandur,3 BHK,GrnSpce,1702,3.0,1.0,123.62
Built-up  Area,Ready To Move,Indiranagar,2 BHK,GrnSpce,1035,2.0,3.0,146.79
Super built-up  Area,Ready To Move,Uttarahalli,3 BHK,GrnSpce,1499,3.0,1.0,71.29
Carpet  Area,Ready To Move,Yelahanka,3 BHK,GrnSpce,1520,3.0,1.0,72.9
Super built-up  Area,Ready To Move,Sarjapur Road,2 BHK,GrnSpce,1095,2.0,1.0,63.17
Plot  Area,Ready To Move,Bellandur,2 BHK,GrnSpce,1178,3.0,1.0,90.41
Plot  Area,Ready To Move,Thanisandra,2 BHK,GrnSpce,1296,3.0,3.0,75.34
Super built-up  Area,Ready To Move,Rajaji Nagar,1 BHK,GrnSpce,729,1.0,2.0,78.05
Plot  Area,Ready To Move,Whitefield,1 BHK,GrnSpce,624,1.0,2.0,41.07
Super built-up  Area,Ready To Move,Bannerghatta Road,2 BHK,GrnSpce,905,2.0,1.0,57.71
Plot  Area,Ready To Move,Malleshwaram,2 BHK,GrnSpce,1077,2.0,3.0,143.98
Super built-up  Area,Ready To Move,Malleshwaram,2 BHK,GrnSpce,916,2.0,0.0,113.47
Super built-up  Area,Ready To Move,Sarjapur Road,5 BHK,GrnSpce,4669,5.0,1.0,283.99
Super built-up  Area,Ready To Move,KR Puram,2 BHK,GrnSpce,1284,3.0,0.0,56.21
Super built-up  Area,Ready To Move,Koramangala,4 BHK,GrnSpce,2736,4.0,0.0,386.69
Super built-up  Area,Ready To Move,Bellandur,3 BHK,GrnSpce,1733,3.0,2.0,122.1
Built-up  Area,Ready To Move,Marathahalli,4 BHK,GrnSpce,3061,4.0,2.0,171.41
Super built-up  Area,Ready To Move,Hebbal,2 BHK,GrnSpce,908,2.0,2.0,81.2
Super built-up  Area,Ready To Move,Bellandur,2 BHK,GrnSpce,1126,2.0,1.0,85.83
Built-up  Area,Ready To Move,Hebbal,2 BHK,GrnSpce,1068,2.0,3.0,94.37
Carpet  Area,Ready To Move,Electronic City Phase II,2 BHK,GrnSpce,1126,2.0,3.0,48.93
Super built-up  Area,Ready To Move,Bisuvanahalli,2 BHK,GrnSpce,1096,2.0,3.0,42.06
Super built-up  Area,Ready To Move,Bellandur,2 BHK,GrnSpce,1020,2.0,1.0,90.66
Super built-up  Area,Ready To Move,Bannerghatta Road,3 BHK,GrnSpce,1945,3.0,2.0,93.45
Plot  Area,Ready To Move,HSR Layout,3 BHK,GrnSpce,1620,3.0,0.0,172.69
Super built-up  Area,Ready To Move,Malleshwaram,1 BHK,GrnSpce,642,1.0,3.0,93.58
Plot  Area,Ready To Move,Indiranagar,1 BHK,GrnSpce,734,1.0,1.0,105.31
Plot  Area,Ready To Move,Sarjapur Road,2 BHK,GrnSpce,907,2.0,3.0,60.66
Super built-up  Area,Ready To Move,Kanakapura Road,1 BHK,GrnSpce,653,1.0,1.0,37.23
Super built-up  Area,Ready To Move,KR Puram,3 BHK,GrnSpce,1614,3.0,2.0,69.37
Built-up  Area,Ready To Move,Bannerghatta Road,2 BHK,GrnSpce,1115,3.0,0.0,65.69
Super built-up  Area,Ready To Move,Marathahalli,2 BHK,GrnSpce,1157,2.0,2.0,83.11
Super built-up  Area,Ready To Move,Kaggadasapura,2 BHK,GrnSpce,1287,2.0,1.0,64.01
Super built-up  Area,Ready To Move,KR Puram,2 BHK,GrnSpce,1012,2.0,1.0,54.16
Super built-up  Area,Ready To Move,KR Puram,3 BHK,GrnSpce,1413,3.0,2.0,80.33
Plot  Area,Ready To Move,KR Puram,2 BHK,GrnSpce,1002,2.0,0.0,48.28
Super built-up  Area,Ready To Move,Hebbal,2 BHK,GrnSpce,1128,3.0,2.0,103.85
Built-up  Area,Ready To Move,Rajaji Nagar,2 BHK,GrnSpce,977,2.0,1.0,100.22
Super built-up  Area,Ready To Move,Electronic City Phase II,1 BHK,GrnSpce,720,1.0,2.0,29.28
Plot  Area,Ready To Move,Bannerghatta Road,3 BHK,GrnSpce,1441,3.0,0.0,71.39
Built-up  Area,Ready To Move,Marathahalli,3 BHK,GrnSpce,1798,3.0,1.0,123.55
Plot  Area,Ready To Move,Yelahanka,2 BHK,GrnSpce,1113,2.0,2.0,63.45
Super built-up  Area,Ready To Move,HSR Layout,3 BHK,GrnSpce,1989,3.0,2.0,203.77
Plot  Area,Ready To Move,HSR Layout,2 BHK,GrnSpce,1251,2.0,3.0,148.42
Super built-up  Area,Ready To Move,Thanisandra,2 BHK,GrnSpce,976,2.0,0.0,63.48
Super built-up  Area,Ready To Move,Kanakapura Road,2 BHK,GrnSpce,1094,2.0,2.0,68.58
Super built-up  Area,Ready To Move,HSR Layout,2 BHK,GrnSpce,958,3.0,1.0,94.39
Super built-up  Area,Ready To Move,Bisuvanahalli,2 BHK,GrnSpce,1026,2.0,1.0,46.97
Plot  Area,Ready To Move,Sarjapur Road,5 BHK,GrnSpce,4264,6.0,1.0,230.81
Plot  Area,Ready To Move,HSR Layout,2 BHK,GrnSpce,970,2.0,2.0,96.26
Super built-up  Area,Ready To Move,Kanakapura Road,2 BHK,GrnSpce,1065,2.0,2.0,65.5
Super built-up  Area,Ready To Move,HSR Layout,3 BHK,GrnSpce,1560,3.0,2.0,113.46
Super built-up  Area,Ready To Move,KR Puram,2 BHK,GrnSpce,1214,2.0,0.0,45.26
Super built-up  Area,Ready To Move,Electronic City,2 BHK,GrnSpce,1052,2.0,0.0,49.41
Super built-up  Area,Ready To Move,Hebbal,1 BHK,GrnSpce,664,1.0,2.0,59.15
Plot  Area,Ready To Move,Marathahalli,2 BHK,GrnSpce,932,2.0,0.0,54.74
Super built-up  Area,Ready To Move,Bisuvanahalli,3 BHK,GrnSpce,1866,3.0,3.0,92.83
Super built-up  Area,Ready To Move,Marathahalli,3 BHK,GrnSpce,1760,3.0,2.0,100.82
Super built-up  Area,Ready To Move,Malleshwaram,3 BHK,GrnSpce,1899,3.0,3.0,220.26
Super built-up  Area,Ready To Move,Kaggadasapura,2 BHK,GrnSpce,964,2.0,3.0,47.11
Carpet  Area,Ready To Move,Indiranagar,2 BHK,GrnSpce,1288,2.0,0.0,170.43
Carpet  Area,Ready To Move,Uttarahalli,2 BHK,GrnSpce,945,3.0,3.0,47.57
Built-up  Area,Ready To Move,Whitefield,2 BHK,GrnSpce,1139,2.0,0.0,93.32
Built-up  Area,Ready To Move,Malleshwaram,2 BHK,GrnSpce,1242,2.0,1.0,125.55
Super built-up  Area,Ready To Move,Koramangala,2 BHK,GrnSpce,1179,2.0,0.0,165.45
Super built-up  Area,Ready To Move,Uttarahalli,1 BHK,GrnSpce,688,1.0,1.0,28.73
Carpet  Area,Ready To Move,KR Puram,2 BHK,GrnSpce,922,2.0,3.0,45.5
Super built-up  Area,Ready To Move,Thanisandra,3 BHK,GrnSpce,1805,3.0,0.0,111.08
Super built-up  Area,Ready To Move,Marathahalli,3 BHK,GrnSpce,1735,3.0,1.0,113.15
Super built-up  Area,Ready To Move,Kanakapura Road,3 BHK,GrnSpce,1789,3.0,1.0,83.61
Super built-up  Area,Ready To Move,KR Puram,3 BHK,GrnSpce,1967,3.0,1.0,121.56
Built-up  Area,Ready To Move,Electronic City Phase II,3 BHK,GrnSpce,1614,3.0,0.0,73.99
Plot  Area,Ready To Move,Electronic City Phase II,3 BHK,GrnSpce,1974,3.0,0.0,89.21
Super built-up  Area,Ready To Move,Electronic City,3 BHK,GrnSpce,1834,4.0,1.0,75.22
Built-up  Area,Ready To Move,Malleshwaram,1 BHK,GrnSpce,700,1.0,2.0,80.95
Super built-up  Area,Ready To Move,Bellandur,2 BHK,GrnSpce,1162,2.0,0.0,83.59
Plot  Area,Ready To Move,Kanakapura Road,2 BHK,GrnSpce,906,2.0,2.0,51.27
Super built-up  Area,Ready To Move,Thanisandra,4 BHK,GrnSpce,2770,5.0,3.0,171.54
Super built-up  Area,Ready To Move,Sarjapur Road,1 BHK,GrnSpce,705,1.0,3.0,40.83
Built-up  Area,Ready To Move,Indiranagar,3 BHK,GrnSpce,1539,3.0,0.0,230.01
Plot  Area,Ready To Move,Malleshwaram,2 BHK,GrnSpce,1024,2.0,2.0,129.98
Super built-up  Area,Ready To Move,Bisuvanahalli,4 BHK,GrnSpce,2858,4.0,3.0,103.77
Super built-up  Area,Ready To Move,Electronic City Phase II,3 BHK,GrnSpce,1864,4.0,3.0,77.99
Super built-up  Area,Ready To Move,Uttarahalli,5 BHK,GrnSpce,4606,5.0,2.0,215.32
Super built-up  Area,Ready To Move,Kanakapura Road,2 BHK,GrnSpce,1054,2.0,2.0,61.19
Built-up  Area,Ready To Move,Bellandur,3 BHK,GrnSpce,1665,3.0,3.0,106.74
Super built-up  Area,Ready To Move,Kanakapura Road,2 BHK,GrnSpce,1095,2.0,2.0,62.44
Super built-up  Area,Ready To Move,Electronic City Phase II,2 BHK,GrnSpce,1149,2.0,3.0,48.56
Super built-up  Area,Ready To Move,Malleshwaram,3 BHK,GrnSpce,1651,4.0,3.0,216.86
Super built-up  Area,Ready To Move,Indiranagar,1 BHK,GrnSpce,638,1.0,3.0,105.12
Super built-up  Area,Ready To Move,Rajaji Nagar,3 BHK,GrnSpce,1815,3.0,0.0,215.61
Super built-up  Area,Ready To Move,Indiranagar,2 BHK,GrnSpce,1143,2.0,0.0,151.05
Super built-up  Area,Ready To Move,Bannerghatta Road,2 BHK,GrnSpce,900,3.0,2.0,54.54
Super built-up  Area,Ready To Move,Electronic City,3 BHK,GrnSpce,1864,3.0,2.0,78.6
Plot  Area,Ready To Move,Electronic City Phase II,2 BHK,GrnSpce,949,2.0,2.0,35.41
Built-up  Area,Ready To Move,Electronic City Phase II,3 BHK,GrnSpce,1894,3.0,3.0,89.44
Super built-up  Area,Ready To Move,HSR Layout,3 BHK,GrnSpce,1884,3.0,0.0,188.32
Super built-up  Area,Ready To Move,Bisuvanahalli,2 BHK,GrnSpce,1239,2.0,2.0,50.34
Super built-up  Area,Ready To Move,Indiranagar,2 BHK,GrnSpce,1056,2.0,1.0,152.57
Carpet  Area,Ready To Move,Electronic City Phase II,3 BHK,GrnSpce,1774,3.0,0.0,70.27
Carpet  Area,Ready To Move,Kanakapura Road,5 BHK,GrnSpce,3903,5.0,1.0,202.43
Built-up  Area,Ready To Move,Electronic City Phase II,3 BHK,GrnSpce,1707,3.0,1.0,69.13
Super built-up  Area,Ready To Move,KR Puram,2 BHK,GrnSpce,1187,2.0,1.0,69.1
Super built-up  Area,Ready To Move,Marathahalli,3 BHK,GrnSpce,1603,3.0,1.0,118.89
Built-up  Area,Ready To Move,Electronic City Phase II,5 BHK,GrnSpce,4171,5.0,3.0,186.63
Super built-up  Area,Ready To Move,Rajaji Nagar,3 BHK,GrnSpce,1431,3.0,1.0,166.49
Super built-up  Area,Ready To Move,Yelahanka,1 BHK,GrnSpce,667,2.0,2.0,36.07
Plot  Area,Ready To Move,Bellandur,2 BHK,GrnSpce,910,2.0,2.0,66.74
Plot  Area,Ready To Move,Marathahalli,1 BHK,GrnSpce,698,2.0,2.0,49.54
Super built-up  Area,Ready To Move,Indiranagar,2 BHK,GrnSpce,951,3.0,0.0,132.1
Super built-up  Area,Ready To Move,Kanakapura Road,2 BHK,GrnSpce,1109,2.0,2.0,61.01
Plot  Area,Ready To Move,Thanisandra,3 BHK,GrnSpce,1952,3.0,3.0,104.79
Plot  Area,Ready To Move,Electronic City Phase II,2 BHK,GrnSpce,1049,2.0,0.0,47.54
Plot  Area,Ready To Move,Thanisandra,4 BHK,GrnSpce,2561,4.0,0.0,154.94
Super built-up  Area,Ready To Move,Electronic City Phase II,2 BHK,GrnSpce,1011,2.0,3.0,39.95
Super built-up  Area,Ready To Move,Thanisandra,1 BHK,GrnSpce,604,2.0,1.0,42.43
Super built-up  Area,Ready To Move,Bisuvanahalli,2 BHK,GrnSpce,1168,3.0,2.0,42.57
Plot  Area,Ready To Move,HSR Layout,2 BHK,GrnSpce,1131,2.0,3.0,113.22
Super built-up  Area,Ready To Move,Bellandur,2 BHK,GrnSpce,1032,2.0,1.0,68.38
Built-up  Area,Ready To Move,Koramangala,1 BHK,GrnSpce,597,2.0,3.0,83.53
Built-up  Area,Ready To Move,Koramangala,3 BHK,GrnSpce,1971,4.0,1.0,293.12
Super built-up  Area,Ready To Move,Sarjapur Road,2 BHK,GrnSpce,1042,3.0,2.0,74.34
Built-up  Area,Ready To Move,Bisuvanahalli,1 BHK,GrnSpce,606,1.0,0.0,23.74
Super built-up  Area,Ready To Move,Whitefield,2 BHK,GrnSpce,1201,2.0,0.0,73.57
Plot  Area,Ready To Move,Bannerghatta Road,2 BHK,GrnSpce,1057,2.0,2.0,63.03
Plot  Area,Ready To Move,KR Puram,2 BHK,GrnSpce,1186,2.0,3.0,58.8
Built-up  Area,Ready To Move,Whitefield,3 BHK,GrnSpce,1766,3.0,2.0,121.5
Super built-up  Area,Ready To Move,Rajaji Nagar,2 BHK,GrnSpce,1093,2.0,3.0,120.94
Built-up  Area,Ready To Move,Marathahalli,4 BHK,GrnSpce,2829,4.0,1.0,201.73
Super built-up  Area,Ready To Move,Rajaji Nagar,2 BHK,GrnSpce,1273,2.0,0.0,184.91
Super built-up  Area,Ready To Move,Rajaji Nagar,2 BHK,GrnSpce,1172,2.0,2.0,141.23
Built-up  Area,Ready To Move,Whitefield,3 BHK,GrnSpce,1476,3.0,0.0,89.25
Super built-up  Area,Ready To Move,Bellandur,3 BHK,GrnSpce,1654,3.0,3.0,138.9
Built-up  Area,Ready To Move,KR Puram,2 BHK,GrnSpce,969,2.0,2.0,49.66
Super built-up  Area,Ready To Move,Electronic City,3 BHK,GrnSpce,1537,4.0,1.0,60.5
Plot  Area,Ready To Move,KR Puram,2 BHK,GrnSpce,1112,2.0,3.0,58.09
Super built-up  Area,Ready To Move,Electronic City,2 BHK,GrnSpce,1259,2.0,0.0,60.08
Carpet  Area,Ready To Move,Whitefield,2 BHK,GrnSpce,1138,3.0,3.0,69.47
Super built-up  Area,Ready To Move,Whitefield,2 BHK,GrnSpce,1297,2.0,0.0,79.66
Super built-up  Area,Ready To Move,Bisuvanahalli,5 BHK,GrnSpce,3723,6.0,2.0,165.08
Built-up  Area,Ready To Move,Hebbal,3 BHK,GrnSpce,1606,4.0,2.0,133.34
Built-up  Area,Ready To Move,Bisuvanahalli,2 BHK,GrnSpce,1057,2.0,3.0,40.98
Plot  Area,Ready To Move,Bannerghatta Road,2 BHK,GrnSpce,1155,2.0,3.0,69.36
Built-up  Area,Ready To Move,Kanakapura Road,4 BHK,GrnSpce,2943,4.0,3.0,170.56
Super built-up  Area,Ready To Move,Kaggadasapura,2 BHK,GrnSpce,1039,2.0,1.0,52.6
Super built-up  Area,Ready To Move,KR Puram,2 BHK,GrnSpce,930,3.0,3.0,45.69
Super built-up  Area,Ready To Move,Marathahalli,2 BHK,GrnSpce,1076,2.0,3.0,65.01
Super built-up  Area,Ready To Move,Kanakapura Road,3 BHK,GrnSpce,1996,3.0,0.0,101.67
Super built-up  Area,Ready To Move,Bisuvanahalli,2 BHK,GrnSpce,1179,2.0,0.0,49.03
Plot  Area,Ready To Move,Electronic City,2 BHK,GrnSpce,1099,3.0,1.0,49.14
Plot  Area,Ready To Move,Yelahanka,2 BHK,GrnSpce,1195,2.0,1.0,77.74
Super built-up  Area,Ready To Move,Koramangala,3 BHK,GrnSpce,1926,3.0,3.0,243.35
Built-up  Area,Ready To Move,Kanakapura Road,2 BHK,GrnSpce,1235,2.0,0.0,79.44
Super built-up  Area,Ready To Move,Electronic City Phase II,2 BHK,GrnSpce,1151,2.0,3.0,50.41
Super built-up  Area,Ready To Move,KR Puram,1 BHK,GrnSpce,663,1.0,3.0,32.33
Super built-up  Area,Ready To Move,Rajaji Nagar,1 BHK,GrnSpce,701,1.0,3.0,76.28
Super built-up  Area,Ready To Move,Hebbal,4 BHK,GrnSpce,3077,4.0,2.0,273.8
Super built-up  Area,Ready To Move,Thanisandra,3 BHK,GrnSpce,1983,4.0,0.0,111.56
Super built-up  Area,Ready To Move,Koramangala,3 BHK,GrnSpce,1910,4.0,1.0,232.35
Built-up  Area,Ready To Move,Kanakapura Road,2 BHK,GrnSpce,961,2.0,0.0,52.35
Super built-up  Area,Ready To Move,Kanakapura Road,2 BHK,GrnSpce,1101,2.0,2.0,54.44
Carpet  Area,Ready To Move,Koramangala,2 BHK,GrnSpce,997,2.0,2.0,128.5
Built-up  Area,Ready To Move,KR Puram,2 BHK,GrnSpce,1227,2.0,0.0,69.36
Carpet  Area,Ready To Move,Koramangala,2 BHK,GrnSpce,993,2.0,2.0,121.32
Super built-up  Area,Ready To Move,Bannerghatta Road,3 BHK,GrnSpce,1980,3.0,1.0,128.42
Super built-up  Area,Ready To Move,Bisuvanahalli,2 BHK,GrnSpce,1136,2.0,0.0,48.12
Carpet  Area,Ready To Move,Marathahalli,4 BHK,GrnSpce,2775,5.0,2.0,192.79
Built-up  Area,Ready To Move,Electronic City Phase II,2 BHK,GrnSpce,1298,2.0,3.0,55.01
Super built-up  Area,Ready To Move,Yelahanka,1 BHK,GrnSpce,625,1.0,0.0,33.9
Super built-up  Area,Ready To Move,Kaggadasapura,2 BHK,GrnSpce,1040,3.0,2.0,63.63
Super built-up  Area,Ready To Move,Kaggadasapura,3 BHK,GrnSpce,1718,4.0,1.0,93.22
Carpet  Area,Ready To Move,Koramangala,4 BHK,GrnSpce,3094,5.0,1.0,424.11
Super built-up  Area,Ready To Move,Sarjapur Road,4 BHK,GrnSpce,2911,5.0,3.0,190.79
Super built-up  Area,Ready To Move,Whitefield,4 BHK,GrnSpce,2773,5.0,0.0,157.09
Super built-up  Area,Ready To Move,Kaggadasapura,3 BHK,GrnSpce,1932,3.0,3.0,104.17
Plot  Area,Ready To Move,Thanisandra,2 BHK,GrnSpce,1020,3.0,2.0,66.09
Super built-up  Area,Ready To Move,Bisuvanahalli,2 BHK,GrnSpce,1192,2.0,2.0,41.97
Plot  Area,Ready To Move,KR Puram,3 BHK,GrnSpce,1561,3.0,2.0,75.88
Super built-up  Area,Ready To Move,Hebbal,2 BHK,GrnSpce,1208,2.0,3.0,108.28
Built-up  Area,Ready To Move,Hebbal,2 BHK,GrnSpce,1245,2.0,3.0,102.34
Built-up  Area,Ready To Move,Electronic City,2 BHK,GrnSpce,974,3.0,2.0,46.61
Super built-up  Area,Ready To Move,Sarjapur Road,2 BHK,GrnSpce,1234,2.0,3.0,70.19
Super built-up  Area,Ready To Move,Electronic City,3 BHK,GrnSpce,1594,4.0,3.0,67.05
Super built-up  Area,Ready To Move,Bellandur,1 BHK,GrnSpce,549,1.0,3.0,44.43
Built-up  Area,Ready To Move,Yelahanka,2 BHK,GrnSpce,1247,2.0,0.0,66.58
Built-up  Area,Ready To Move,Sarjapur Road,2 BHK,GrnSpce,1248,2.0,0.0,73.2
Super built-up  Area,Ready To Move,Uttarahalli,2 BHK,GrnSpce,1114,2.0,3.0,49.37
Super built-up  Area,Ready To Move,Thanisandra,3 BHK,GrnSpce,1931,3.0,3.0,122.1
Super built-up  Area,Ready To Move,Hebbal,1 BHK,GrnSpce,578,2.0,1.0,51.39
Super built-up  Area,Ready To Move,Thanisandra,1 BHK,GrnSpce,531,2.0,2.0,31.8
Super built-up  Area,Ready To Move,Whitefield,3 BHK,GrnSpce,1601,3.0,3.0,133.96
Built-up  Area,Ready To Move,Indiranagar,1 BHK,GrnSpce,559,1.0,3.0,83.43
Super built-up  Area,Ready To Move,KR Puram,2 BHK,GrnSpce,1265,2.0,0.0,57.53
Super built-up  Area,Ready To Move,Bellandur,2 BHK,GrnSpce,1042,3.0,2.0,84.25
Super built-up  Area,Ready To Move,Indiranagar,3 BHK,GrnSpce,1790,3.0,3.0,221.35
Super built-up  Area,Ready To Move,Koramangala,3 BHK,GrnSpce,1613,3.0,1.0,201.44
Built-up  Area,Ready To Move,Koramangala,2 BHK,GrnSpce,1057,3.0,2.0,131.12
Super built-up  Area,Ready To Move,Hebbal,3 BHK,GrnSpce,1915,3.0,3.0,139.48
Super built-up  Area,Ready To Move,Bellandur,3 BHK,GrnSpce,1992,4.0,0.0,148.35
Super built-up  Area,Ready To Move,Yelahanka,2 BHK,GrnSpce,993,2.0,3.0,56.83
Super built-up  Area,Ready To Move,Kanakapura Road,3 BHK,GrnSpce,1859,4.0,2.0,102.43
Super built-up  Area,Ready To Move,Malleshwaram,3 BHK,GrnSpce,1823,4.0,3.0,247.7
Plot  Area,Ready To Move,Yelahanka,3 BHK,GrnSpce,1510,4.0,3.0,78.47
Super built-up  Area,Ready To Move,Marathahalli,2 BHK,GrnSpce,1296,2.0,1.0,84.71
Plot  Area,Ready To Move,Rajaji Nagar,2 BHK,GrnSpce,1102,3.0,0.0,139.18
Super built-up  Area,Ready To Move,Thanisandra,3 BHK,GrnSpce,1759,3.0,2.0,93.96
Super built-up  Area,Ready To Move,Kanakapura Road,2 BHK,GrnSpce,1179,2.0,1.0,69.92
Super built-up  Area,Ready To Move,Indiranagar,2 BHK,GrnSpce,986,3.0,1.0,128.17
Super built-up  Area,Ready To Move,Whitefield,2 BHK,GrnSpce,1097,2.0,2.0,70.43
Plot  Area,Ready To Move,Hebbal,1 BHK,GrnSpce,574,1.0,0.0,52.47
Super built-up  Area,Ready To Move,Whitefield,4 BHK,GrnSpce,2751,4.0,3.0,197.41
Plot  Area,Ready To Move,HSR Layout,3 BHK,GrnSpce,1664,3.0,2.0,194.5
Built-up  Area,Ready To Move,HSR Layout,3 BHK,GrnSpce,1560,4.0,3.0,142.05
Super built-up  Area,Ready To Move,Electronic City Phase II,2 BHK,GrnSpce,1216,2.0,0.0,55.34
Built-up  Area,Ready To Move,Electronic City,2 BHK,GrnSpce,1289,2.0,2.0,52.43
Super built-up  Area,Ready To Move,Electronic City Phase II,2 BHK,GrnSpce,1255,2.0,2.0,59.86
Super built-up  Area,Ready To Move,Whitefield,2 BHK,GrnSpce,991,2.0,0.0,68.36
Super built-up  Area,Ready To Move,Indiranagar,3 BHK,GrnSpce,1880,3.0,0.0,264.73
Super built-up  Area,Ready To Move,Malleshwaram,1 BHK,GrnSpce,602,2.0,1.0,55.21
Super built-up  Area,Ready To Move,Bisuvanahalli,1 BHK,GrnSpce,524,1.0,2.0,16.11
Super built-up  Area,Ready To Move,Kaggadasapura,2 BHK,GrnSpce,1222,2.0,3.0,59.74
Super built-up  Area,Ready To Move,Marathahalli,3 BHK,GrnSpce,1972,3.0,1.0,139.41
Super built-up  Area,Ready To Move,Electronic City,2 BHK,GrnSpce,1289,2.0,0.0,55.52
Built-up  Area,Ready To Move,Electronic City,2 BHK,GrnSpce,985,2.0,1.0,43.66
Super built-up  Area,Ready To Move,HSR Layout,1 BHK,GrnSpce,509,1.0,0.0,54.79
Super built-up  Area,Ready To Move,Hebbal,2 BHK,GrnSpce,1268,2.0,2.0,112.64
Carpet  Area,Ready To Move,Whitefield,2 BHK,GrnSpce,1297,2.0,3.0,92.08
Built-up  Area,Ready To Move,Electronic City Phase II,3 BHK,GrnSpce,1510,3.0,0.0,58.81
Plot  Area,Ready To Move,Electronic City,2 BHK,GrnSpce,1203,2.0,1.0,49.13
Built-up  Area,Ready To Move,Uttarahalli,3 BHK,GrnSpce,1681,3.0,1.0,83.46
Super built-up  Area,Ready To Move,Uttarahalli,2 BHK,GrnSpce,1041,2.0,0.0,46.73
Super built-up  Area,Ready To Move,Whitefield,2 BHK,GrnSpce,1058,3.0,0.0,82.42
Built-up  Area,Ready To Move,Indiranagar,2 BHK,GrnSpce,1223,2.0,0.0,155.95
Built-up  Area,Ready To Move,Kanakapura Road,2 BHK,GrnSpce,955,3.0,3.0,58.4
Super built-up  Area,Ready To Move,KR Puram,2 BHK,GrnSpce,1191,2.0,2.0,62.78
Plot  Area,Ready To Move,Indiranagar,2 BHK,GrnSpce,1132,2.0,1.0,165.65
Super built-up  Area,Ready To Move,Sarjapur Road,4 BHK,GrnSpce,2466,4.0,1.0,151.0
Super built-up  Area,Ready To Move,Sarjapur Road,3 BHK,GrnSpce,1998,4.0,3.0,157.56
Plot  Area,Ready To Move,Thanisandra,2 BHK,GrnSpce,1260,2.0,3.0,83.35
Super built-up  Area,Ready To Move,Electronic City Phase II,2 BHK,GrnSpce,1038,2.0,0.0,49.73
Super built-up  Area,Ready To Move,Koramangala,2 BHK,GrnSpce,1122,3.0,2.0,153.19
Built-up  Area,Ready To Move,Kaggadasapura,3 BHK,GrnSpce,1920,4.0,2.0,110.12
Carpet  Area,Ready To Move,Sarjapur Road,2 BHK,GrnSpce,1270,2.0,3.0,78.66
Carpet  Area,Ready To Move,Marathahalli,2 BHK,GrnSpce,969,2.0,0.0,63.73
Super built-up  Area,Ready To Move,Electronic City,3 BHK,GrnSpce,1462,4.0,2.0,65.52
Plot  Area,Ready To Move,KR Puram,3 BHK,GrnSpce,1754,3.0,3.0,75.34
Built-up  Area,Ready To Move,Koramangala,4 BHK,GrnSpce,2633,4.0,2.0,358.27
Super built-up  Area,Ready To Move,Sarjapur Road,2 BHK,GrnSpce,983,2.0,3.0,58.26
Plot  Area,Ready To Move,Rajaji Nagar,2 BHK,GrnSpce,919,2.0,1.0,100.75
Super built-up  Area,Ready To Move,Bellandur,4 BHK,GrnSpce,2397,4.0,3.0,160.92
Built-up  Area,Ready To Move,Bannerghatta Road,4 BHK,GrnSpce,2676,5.0,2.0,177.64
Carpet  Area,Ready To Move,Rajaji Nagar,2 BHK,GrnSpce,1028,2.0,1.0,112.36
Super built-up  Area,Ready To Move,Whitefield,3 BHK,GrnSpce,1601,3.0,0.0,84.2
Super built-up  Area,Ready To Move,Kaggadasapura,3 BHK,GrnSpce,1874,3.0,0.0,97.33
Built-up  Area,Ready To Move,Whitefield,3 BHK,GrnSpce,1639,3.0,3.0,117.99
Super built-up  Area,Ready To Move,KR Puram,2 BHK,GrnSpce,1043,2.0,0.0,53.02
Plot  Area,Ready To Move,Hebbal,3 BHK,GrnSpce,1733,3.0,0.0,127.1
Super built-up  Area,Ready To Move,Thanisandra,3 BHK,GrnSpce,1622,3.0,3.0,100.93
Built-up  Area,Ready To Move,Bisuvanahalli,2 BHK,GrnSpce,932,2.0,0.0,35.87
Super built-up  Area,Ready To Move,Kanakapura Road,2 BHK,GrnSpce,1299,3.0,2.0,73.63
Carpet  Area,Ready To Move,Marathahalli,2 BHK,GrnSpce,1041,2.0,3.0,58.54
Built-up  Area,Ready To Move,Bellandur,2 BHK,GrnSpce,1046,2.0,2.0,95.87
Super built-up  Area,Ready To Move,Kanakapura Road,2 BHK,GrnSpce,973,2.0,2.0,55.45
Super built-up  Area,Ready To Move,Bellandur,3 BHK,GrnSpce,1653,3.0,0.0,135.2
Plot  Area,Ready To Move,Electronic City Phase II,2 BHK,GrnSpce,1131,2.0,1.0,44.04
Super built-up  Area,Ready To Move,Bellandur,3 BHK,GrnSpce,1802,3.0,0.0,145.96
Built-up  Area,Ready To Move,Bannerghatta Road,3 BHK,GrnSpce,1408,4.0,2.0,94.93
Built-up  Area,Ready To Move,Uttarahalli,2 BHK,GrnSpce,1075,2.0,3.0,48.78
Plot  Area,Ready To Move,Bellandur,2 BHK,GrnSpce,995,2.0,1.0,80.99
Built-up  Area,Ready To Move,Sarjapur Road,3 BHK,GrnSpce,1657,3.0,0.0,103.58
Super built-up  Area,Ready To Move,Whitefield,2 BHK,GrnSpce,1027,3.0,2.0,75.01
Super built-up  Area,Ready To Move,Thanisandra,2 BHK,GrnSpce,1057,2.0,2.0,63.1
Super built-up  Area,Ready To Move,HSR Layout,2 BHK,GrnSpce,1205,2.0,2.0,119.01
Carpet  Area,Ready To Move,Thanisandra,4 BHK,GrnSpce,2627,4.0,3.0,175.93
Super built-up  Area,Ready To Move,Indiranagar,3 BHK,GrnSpce,1543,3.0,0.0,183.72
Super built-up  Area,Ready To Move,Electronic City Phase II,3 BHK,GrnSpce,1573,3.0,3.0,67.99
Built-up  Area,Ready To Move,KR Puram,1 BHK,GrnSpce,592,1.0,2.0,25.96
Super built-up  Area,Ready To Move,Kaggadasapura,2 BHK,GrnSpce,1067,2.0,1.0,55.49
Built-up  Area,Ready To Move,Bellandur,2 BHK,GrnSpce,941,2.0,2.0,72.71
Plot  Area,Ready To Move,Kaggadasapura,2 BHK,GrnSpce,1199,3.0,2.0,67.68
Super built-up  Area,Ready To Move,Bisuvanahalli,3 BHK,GrnSpce,1665,4.0,0.0,63.02
Carpet  Area,Ready To Move,Malleshwaram,1 BHK,GrnSpce,550,1.0,1.0,68.18
Super built-up  Area,Ready To Move,Bannerghatta Road,2 BHK,GrnSpce,1148,2.0,1.0,85.81
Super built-up  Area,Ready To Move,Electronic City,1 BHK,GrnSpce,619,1.0,3.0,30.16
Super built-up  Area,Ready To Move,Indiranagar,2 BHK,GrnSpce,961,2.0,3.0,135.55
Super built-up  Area,Ready To Move,Marathahalli,2 BHK,GrnSpce,1208,2.0,0.0,89.92
Plot  Area,Ready To Move,Electronic City Phase II,3 BHK,GrnSpce,1631,4.0,0.0,68.87
Plot  Area,Ready To Move,Uttarahalli,3 BHK,GrnSpce,1999,3.0,1.0,98.93
Built-up  Area,Ready To Move,Rajaji Nagar,3 BHK,GrnSpce,1616,3.0,1.0,189.91
Super built-up  Area,Ready To Move,Bisuvanahalli,5 BHK,GrnSpce,3822,6.0,3.0,142.85
Plot  Area,Ready To Move,Bellandur,2 BHK,GrnSpce,1098,2.0,2.0,88.13
Carpet  Area,Ready To Move,Bannerghatta Road,2 BHK,GrnSpce,1191,2.0,3.0,82.44
Plot  Area,Ready To Move,HSR Layout,2 BHK,GrnSpce,1111,2.0,1.0,112.11
Super built-up  Area,Ready To Move,Sarjapur Road,2 BHK,GrnSpce,1155,3.0,1.0,69.0
Plot  Area,Ready To Move,Indiranagar,3 BHK,GrnSpce,1464,4.0,1.0,221.33
Super built-up  Area,Ready To Move,Rajaji Nagar,4 BHK,GrnSpce,2590,5.0,2.0,299.63
Super built-up  Area,Ready To Move,Thanisandra,2 BHK,GrnSpce,1293,2.0,1.0,87.35
Carpet  Area,Ready To Move,Koramangala,2 BHK,GrnSpce,936,3.0,2.0,151.16
Plot  Area,Ready To Move,Malleshwaram,2 BHK,GrnSpce,1279,2.0,1.0,142.87
Super built-up  Area,Ready To Move,HSR Layout,4 BHK,GrnSpce,2288,4.0,1.0,157.86
Plot  Area,Ready To Move,HSR Layout,1 BHK,GrnSpce,641,1.0,2.0,65.82
Super built-up  Area,Ready To Move,Indiranagar,3 BHK,GrnSpce,1912,3.0,2.0,318.28
Super built-up  Area,Ready To Move,Electronic City Phase II,4 BHK,GrnSpce,3143,4.0,0.0,146.51
Carpet  Area,Ready To Move,Marathahalli,3 BHK,GrnSpce,1822,3.0,0.0,134.33
Super built-up  Area,Ready To Move,Bisuvanahalli,2 BHK,GrnSpce,1101,2.0,0.0,52.33
Super built-up  Area,Ready To Move,Hebbal,4 BHK,GrnSpce,3132,4.0,2.0,314.2
Super built-up  Area,Ready To Move,Electronic City Phase II,3 BHK,GrnSpce,1584,3.0,3.0,66.72
Built-up  Area,Ready To Move,Electronic City Phase II,3 BHK,GrnSpce,1907,3.0,3.0,74.75
Super built-up  Area,Ready To Move,KR Puram,3 BHK,GrnSpce,1844,3.0,2.0,93.52
Super built-up  Area,Ready To Move,Electronic City Phase II,3 BHK,GrnSpce,1964,4.0,2.0,90.84
Built-up  Area,Ready To Move,Bisuvanahalli,2 BHK,GrnSpce,903,2.0,2.0,33.5
Plot  Area,Ready To Move,Whitefield,2 BHK,GrnSpce,1177,2.0,2.0,62.87
Super built-up  Area,Ready To Move,Kaggadasapura,2 BHK,GrnSpce,909,2.0,0.0,46.34
Super built-up  Area,Ready To Move,HSR Layout,3 BHK,GrnSpce,1845,3.0,1.0,173.74
Super built-up  Area,Ready To Move,Electronic City,3 BHK,GrnSpce,1994,3.0,3.0,98.14
Super built-up  Area,Ready To Move,Rajaji Nagar,3 BHK,GrnSpce,1924,3.0,3.0,227.78
Super built-up  Area,Ready To Move,Sarjapur Road,2 BHK,GrnSpce,910,2.0,1.0,57.99
Super built-up  Area,Ready To Move,KR Puram,3 BHK,GrnSpce,1676,3.0,2.0,78.08
Super built-up  Area,Ready To Move,KR Puram,2 BHK,GrnSpce,1161,2.0,0.0,55.95
Super built-up  Area,Ready To Move,Electronic City Phase II,2 BHK,GrnSpce,972,3.0,3.0,43.33
Super built-up  Area,Ready To Move,Uttarahalli,3 BHK,GrnSpce,1698,3.0,1.0,102.17
Super built-up  Area,Ready To Move,Electronic City Phase II,3 BHK,GrnSpce,1470,3.0,2.0,74.49
Super built-up  Area,Ready To Move,Marathahalli,2 BHK,GrnSpce,1163,2.0,1.0,77.78
Super built-up  Area,Ready To Move,HSR Layout,2 BHK,GrnSpce,1200,2.0,1.0,110.7
Super built-up  Area,Ready To Move,Koramangala,3 BHK,GrnSpce,1926,4.0,3.0,291.55
Super built-up  Area,Ready To Move,Bannerghatta Road,1 BHK,GrnSpce,676,1.0,3.0,48.82
Plot  Area,Ready To Move,Sarjapur Road,4 BHK,GrnSpce,3184,4.0,3.0,203.44
Super built-up  Area,Ready To Move,Rajaji Nagar,2 BHK,GrnSpce,916,2.0,1.0,110.04
Super built-up  Area,Ready To Move,Kanakapura Road,2 BHK,GrnSpce,1032,2.0,1.0,49.15
Super built-up  Area,Ready To Move,Kaggadasapura,1 BHK,GrnSpce,596,1.0,1.0,32.47
Carpet  Area,Ready To Move,Sarjapur Road,4 BHK,GrnSpce,2725,4.0,1.0,181.59
Super built-up  Area,Ready To Move,Bisuvanahalli,2 BHK,GrnSpce,1182,2.0,2.0,43.24
Super built-up  Area,Ready To Move,KR Puram,2 BHK,GrnSpce,1157,3.0,3.0,69.2
Plot  Area,Ready To Move,Kaggadasapura,4 BHK,GrnSpce,2714,4.0,0.0,154.73
Super built-up  Area,Ready To Move,Uttarahalli,2 BHK,GrnSpce,1260,2.0,1.0,62.28
Super built-up  Area,Ready To Move,Rajaji Nagar,2 BHK,GrnSpce,911,2.0,3.0,100.38
Plot  Area,Ready To Move,Bellandur,3 BHK,GrnSpce,1613,4.0,0.0,117.5
Built-up  Area,Ready To Move,KR Puram,4 BHK,GrnSpce,3045,4.0,3.0,173.73
Plot  Area,Ready To Move,Yelahanka,3 BHK,GrnSpce,1819,4.0,3.0,87.28
Built-up  Area,Ready To Move,Kanakapura Road,1 BHK,GrnSpce,743,1.0,1.0,38.52
Plot  Area,Ready To Move,Bellandur,3 BHK,GrnSpce,1860,3.0,2.0,137.6
Super built-up  Area,Ready To Move,Electronic City Phase II,3 BHK,GrnSpce,1699,4.0,2.0,69.82
Super built-up  Area,Ready To Move,Rajaji Nagar,3 BHK,GrnSpce,1604,3.0,1.0,182.04
Super built-up  Area,Ready To Move,Electronic City,2 BHK,GrnSpce,1223,2.0,2.0,57.59
Super built-up  Area,Ready To Move,Malleshwaram,3 BHK,GrnSpce,1915,3.0,3.0,225.55
Plot  Area,Ready To Move,Bisuvanahalli,4 BHK,GrnSpce,2450,5.0,1.0,96.46
Super built-up  Area,Ready To Move,Malleshwaram,4 BHK,GrnSpce,2335,4.0,1.0,278.55
Super built-up  Area,Ready To Move,Kaggadasapura,1 BHK,GrnSpce,692,1.0,3.0,38.01
Super built-up  Area,Ready To Move,Electronic City,2 BHK,GrnSpce,936,2.0,0.0,39.09
Super built-up  Area,Ready To Move,Koramangala,3 BHK,GrnSpce,1524,3.0,0.0,195.69
Plot  Area,Ready To Move,Bannerghatta Road,2 BHK,GrnSpce,1063,3.0,1.0,78.93
Super built-up  Area,Ready To Move,Kaggadasapura,2 BHK,GrnSpce,1075,2.0,0.0,53.91
Built-up  Area,Ready To Move,Hebbal,2 BHK,GrnSpce,1122,2.0,3.0,91.28
Super built-up  Area,Ready To Move,Sarjapur Road,1 BHK,GrnSpce,560,1.0,3.0,41.77
Built-up  Area,Ready To Move,Electronic City Phase II,2 BHK,GrnSpce,928,2.0,2.0,45.77
Super built-up  Area,Ready To Move,HSR Layout,1 BHK,GrnSpce,595,2.0,0.0,59.17
Super built-up  Area,Ready To Move,Uttarahalli,2 BHK,GrnSpce,1080,2.0,0.0,42.23
Super built-up  Area,Ready To Move,Bannerghatta Road,3 BHK,GrnSpce,1415,3.0,2.0,83.64
Super built-up  Area,Ready To Move,Bisuvanahalli,2 BHK,GrnSpce,1081,2.0,1.0,41.85
Built-up  Area,Ready To Move,Koramangala,1 BHK,GrnSpce,552,1.0,3.0,67.89
Plot  Area,Ready To Move,Marathahalli,2 BHK,GrnSpce,1117,2.0,3.0,70.96
Super built-up  Area,Ready To Move,Electronic City,3 BHK,GrnSpce,1891,3.0,0.0,90.92
Super built-up  Area,Ready To Move,KR Puram,3 BHK,GrnSpce,1927,4.0,3.0,75.99
Super built-up  Area,Ready To Move,Malleshwaram,3 BHK,GrnSpce,1564,4.0,1.0,180.66
Plot  Area,Ready To Move,Kanakapura Road,2 BHK,GrnSpce,1076,2.0,0.0,64.83
Carpet  Area,Ready To Move,Thanisandra,2 BHK,GrnSpce,1299,2.0,1.0,68.23
Built-up  Area,Ready To Move,HSR Layout,2 BHK,GrnSpce,1222,2.0,0.0,141.23
Carpet  Area,Ready To Move,Thanisandra,4 BHK,GrnSpce,3099,4.0,2.0,182.85
Built-up  Area,Ready To Move,Electronic City,1 BHK,GrnSpce,743,1.0,1.0,33.34
Carpet  Area,Ready To Move,Electronic City Phase II,2 BHK,GrnSpce,1145,2.0,0.0,50.32
Plot  Area,Ready To Move,Uttarahalli,3 BHK,GrnSpce,1977,3.0,1.0,81.29
Super built-up  Area,Ready To Move,Marathahalli,2 BHK,GrnSpce,1077,3.0,1.0,80.82
Super built-up  Area,Ready To Move,Yelahanka,2 BHK,GrnSpce,1194,3.0,3.0,71.28
Super built-up  Area,Ready To Move,Hebbal,3 BHK,GrnSpce,1981,3.0,3.0,171.82
Super built-up  Area,Ready To Move,Yelahanka,2 BHK,GrnSpce,1238,2.0,2.0,60.26
Super built-up  Area,Ready To Move,Kaggadasapura,3 BHK,GrnSpce,1437,4.0,1.0,80.09
Super built-up  Area,Ready To Move,Whitefield,3 BHK,GrnSpce,1793,3.0,0.0,121.95
Plot  Area,Ready To Move,Uttarahalli,2 BHK,GrnSpce,941,3.0,1.0,53.24
Super built-up  Area,Ready To Move,Electronic City,2 BHK,GrnSpce,1270,2.0,1.0,46.05
Plot  Area,Ready To Move,Electronic City Phase II,1 BHK,GrnSpce,671,1.0,2.0,30.92
Super built-up  Area,Ready To Move,Rajaji Nagar,4 BHK,GrnSpce,2721,4.0,3.0,249.54
Plot  Area,Ready To Move,Yelahanka,5 BHK,GrnSpce,4808,5.0,0.0,313.49
Super built-up  Area,Ready To Move,HSR Layout,3 BHK,GrnSpce,1922,4.0,1.0,189.17
Super built-up  Area,Ready To Move,Electronic City Phase II,2 BHK,GrnSpce,1047,2.0,1.0,56.03
Super built-up  Area,Ready To Move,Marathahalli,3 BHK,GrnSpce,1910,3.0,0.0,139.28
Super built-up  Area,Ready To Move,Koramangala,3 BHK,GrnSpce,1834,3.0,3.0,213.26
Super built-up  Area,Ready To Move,Hebbal,3 BHK,GrnSpce,1864,4.0,3.0,150.14
Plot  Area,Ready To Move,KR Puram,4 BHK,GrnSpce,2269,5.0,2.0,111.61
Super built-up  Area,Ready To Move,Marathahalli,3 BHK,GrnSpce,1489,3.0,0.0,103.7
Super built-up  Area,Ready To Move,HSR Layout,3 BHK,GrnSpce,1765,3.0,0.0,182.39
Super built-up  Area,Ready To Move,HSR Layout,4 BHK,GrnSpce,3129,4.0,0.0,291.07
Super built-up  Area,Ready To Move,Sarjapur Road,4 BHK,GrnSpce,2865,4.0,1.0,199.03
Super built-up  Area,Ready To Move,Electronic City,4 BHK,GrnSpce,2748,4.0,1.0,135.97
Super built-up  Area,Ready To Move,Hebbal,2 BHK,GrnSpce,1033,2.0,0.0,100.56
Super built-up  Area,Ready To Move,Hebbal,3 BHK,GrnSpce,1745,3.0,2.0,143.1
Super built-up  Area,Ready To Move,Bannerghatta Road,3 BHK,GrnSpce,1713,3.0,1.0,111.6
Super built-up  Area,Ready To Move,Marathahalli,3 BHK,GrnSpce,1619,4.0,0.0,125.5
Super built-up  Area,Ready To Move,KR Puram,2 BHK,GrnSpce,911,2.0,0.0,37.62
Built-up  Area,Ready To Move,Yelahanka,2 BHK,GrnSpce,1202,2.0,1.0,63.47
Plot  Area,Ready To Move,HSR Layout,3 BHK,GrnSpce,1879,3.0,0.0,188.17
Built-up  Area,Ready To Move,Malleshwaram,2 BHK,GrnSpce,1024,2.0,2.0,125.22
Super built-up  Area,Ready To Move,Electronic City,2 BHK,GrnSpce,1202,3.0,0.0,59.54
Plot  Area,Ready To Move,Kanakapura Road,2 BHK,GrnSpce,1218,2.0,3.0,62.72
Super built-up  Area,Ready To Move,KR Puram,3 BHK,GrnSpce,1404,4.0,2.0,67.61
Super built-up  Area,Ready To Move,Indiranagar,4 BHK,GrnSpce,2225,4.0,2.0,340.97
Super built-up  Area,Ready To Move,Electronic City,3 BHK,GrnSpce,1896,4.0,3.0,93.8
Plot  Area,Ready To Move,Hebbal,2 BHK,GrnSpce,1173,2.0,1.0,94.67
Super built-up  Area,Ready To Move,Whitefield,2 BHK,GrnSpce,914,2.0,1.0,71.72
Super built-up  Area,Ready To Move,HSR Layout,3 BHK,GrnSpce,1645,3.0,3.0,182.52
Built-up  Area,Ready To Move,Yelahanka,1 BHK,GrnSpce,678,1.0,2.0,42.62
Super built-up  Area,Ready To Move,Uttarahalli,3 BHK,GrnSpce,1429,3.0,2.0,66.51
Super built-up  Area,Ready To Move,Electronic City Phase II,3 BHK,GrnSpce,1711,3.0,1.0,78.89
Super built-up  Area,Ready To Move,Kanakapura Road,2 BHK,GrnSpce,1166,2.0,2.0,68.38
Plot  Area,Ready To Move,Indiranagar,3 BHK,GrnSpce,1868,4.0,2.0,280.96
Super built-up  Area,Ready To Move,Uttarahalli,4 BHK,GrnSpce,2400,4.0,2.0,134.62
Super built-up  Area,Ready To Move,Electronic City,2 BHK,GrnSpce,1295,3.0,3.0,53.36
Plot  Area,Ready To Move,Rajaji Nagar,3 BHK,GrnSpce,1578,3.0,2.0,160.29
Plot  Area,Ready To Move,Kaggadasapura,1 BHK,GrnSpce,534,1.0,0.0,26.77
Super built-up  Area,Ready To Move,Yelahanka,3 BHK,GrnSpce,1461,4.0,3.0,78.29
Super built-up  Area,Ready To Move,KR Puram,2 BHK,GrnSpce,925,2.0,0.0,42.03
Carpet  Area,Ready To Move,Hebbal,3 BHK,GrnSpce,1728,3.0,3.0,158.79
Built-up  Area,Ready To Move,Kanakapura Road,2 BHK,GrnSpce,1048,2.0,1.0,68.83
Super built-up  Area,Ready To Move,Bannerghatta Road,3 BHK,GrnSpce,1964,3.0,1.0,134.94
Super built-up  Area,Ready To Move,Rajaji Nagar,3 BHK,GrnSpce,1846,3.0,3.0,218.8
Plot  Area,Ready To Move,Kaggadasapura,2 BHK,GrnSpce,1029,2.0,0.0,42.09
Super built-up  Area,Ready To Move,Sarjapur Road,4 BHK,GrnSpce,2869,4.0,3.0,188.74
Super built-up  Area,Ready To Move,Kanakapura Road,2 BHK,GrnSpce,1076,2.0,3.0,58.42
Super built-up  Area,Ready To Move,Koramangala,4 BHK,GrnSpce,2425,4.0,2.0,288.44
Super built-up  Area,Ready To Move,Kaggadasapura,3 BHK,GrnSpce,1716,3.0,1.0,85.71
Super built-up  Area,Ready To Move,Whitefield,3 BHK,GrnSpce,1796,4.0,1.0,113.06
Super built-up  Area,Ready To Move,Yelahanka,2 BHK,GrnSpce,1223,3.0,1.0,65.99
Super built-up  Area,Ready To Move,Hebbal,2 BHK,GrnSpce,914,2.0,1.0,68.01
Super built-up  Area,Ready To Move,Kaggadasapura,2 BHK,GrnSpce,1085,3.0,2.0,55.9
Super built-up  Area,Ready To Move,Koramangala,3 BHK,GrnSpce,1503,3.0,3.0,188.31
Super built-up  Area,Ready To Move,Kanakapura Road,2 BHK,GrnSpce,1166,2.0,1.0,63.4
Plot  Area,Ready To Move,Bisuvanahalli,2 BHK,GrnSpce,935,3.0,2.0,34.17
Built-up  Area,Ready To Move,Kanakapura Road,2 BHK,GrnSpce,930,2.0,1.0,60.82
Plot  Area,Ready To Move,Koramangala,2 BHK,GrnSpce,1156,2.0,2.0,131.14
Plot  Area,Ready To Move,Bannerghatta Road,2 BHK,GrnSpce,1069,2.0,0.0,73.48
Built-up  Area,Ready To Move,Yelahanka,2 BHK,GrnSpce,989,2.0,1.0,51.21
Super built-up  Area,Ready To Move,Kanakapura Road,2 BHK,GrnSpce,1129,2.0,2.0,67.3
Super built-up  Area,Ready To Move,Bellandur,2 BHK,GrnSpce,916,2.0,2.0,76.58
Super built-up  Area,Ready To Move,Sarjapur Road,2 BHK,GrnSpce,904,2.0,3.0,63.41
Super built-up  Area,Ready To Move,Malleshwaram,2 BHK,GrnSpce,1099,2.0,0.0,138.88
Built-up  Area,Ready To Move,Thanisandra,3 BHK,GrnSpce,1789,3.0,3.0,102.43
Super built-up  Area,Ready To Move,Hebbal,3 BHK,GrnSpce,1586,3.0,2.0,145.53
Plot  Area,Ready To Move,Kanakapura Road,1 BHK,GrnSpce,525,1.0,1.0,30.36
Carpet  Area,Ready To Move,Bisuvanahalli,2 BHK,GrnSpce,1278,2.0,3.0,52.08
Super built-up  Area,Ready To Move,Uttarahalli,4 BHK,GrnSpce,2512,4.0,0.0,112.36
Built-up  Area,Ready To Move,Thanisandra,2 BHK,GrnSpce,919,2.0,1.0,52.88
Super built-up  Area,Ready To Move,Kaggadasapura,4 BHK,GrnSpce,2366,4.0,1.0,122.24
Super built-up  Area,Ready To Move,Hebbal,3 BHK,GrnSpce,1437,3.0,2.0,128.62
Built-up  Area,Ready To Move,Whitefield,2 BHK,GrnSpce,1008,2.0,0.0,59.56
Built-up  Area,Ready To Move,Thanisandra,2 BHK,GrnSpce,943,3.0,1.0,62.44
Super built-up  Area,Ready To Move,Hebbal,3 BHK,GrnSpce,1665,3.0,1.0,142.68
Super built-up  Area,Ready To Move,HSR Layout,1 BHK,GrnSpce,582,2.0,1.0,49.21
Super built-up  Area,Ready To Move,HSR Layout,3 BHK,GrnSpce,1931,3.0,1.0,162.9
Super built-up  Area,Ready To Move,HSR Layout,1 BHK,GrnSpce,593,1.0,0.0,57.09
Super built-up  Area,Ready To Move,Yelahanka,4 BHK,GrnSpce,2591,4.0,1.0,127.04
Plot  Area,Ready To Move,Rajaji Nagar,3 BHK,GrnSpce,1794,3.0,2.0,181.72
Super built-up  Area,Ready To Move,Rajaji Nagar,3 BHK,GrnSpce,1460,4.0,1.0,165.06
Plot  Area,Ready To Move,Kanakapura Road,4 BHK,GrnSpce,2430,4.0,0.0,134.24
Super built-up  Area,Ready To Move,Thanisandra,1 BHK,GrnSpce,675,1.0,1.0,38.38
Super built-up  Area,Ready To Move,HSR Layout,2 BHK,GrnSpce,1105,2.0,1.0,104.88
Plot  Area,Ready To Move,Uttarahalli,3 BHK,GrnSpce,1996,4.0,3.0,88.64
Super built-up  Area,Ready To Move,KR Puram,3 BHK,GrnSpce,1908,3.0,0.0,107.19
Super built-up  Area,Ready To Move,Kanakapura Road,3 BHK,GrnSpce,1889,4.0,3.0,116.54
Super built-up  Area,Ready To Move,Uttarahalli,2 BHK,GrnSpce,1179,2.0,1.0,58.62
Super built-up  Area,Ready To Move,Hebbal,2 BHK,GrnSpce,944,2.0,3.0,63.16
Super built-up  Area,Ready To Move,Rajaji Nagar,4 BHK,GrnSpce,2702,4.0,0.0,337.83
Super built-up  Area,Ready To Move,Bannerghatta Road,2 BHK,GrnSpce,956,2.0,3.0,60.17
Built-up  Area,Ready To Move,Bellandur,1 BHK,GrnSpce,535,2.0,3.0,38.31
Super built-up  Area,Ready To Move,Bellandur,3 BHK,GrnSpce,1900,4.0,3.0,147.71
Built-up  Area,Ready To Move,Uttarahalli,3 BHK,GrnSpce,1475,4.0,3.0,66.92
Super built-up  Area,Ready To Move,Bellandur,2 BHK,GrnSpce,1035,3.0,1.0,72.03
Plot  Area,Ready To Move,HSR Layout,3 BHK,GrnSpce,1626,3.0,3.0,168.96
Plot  Area,Ready To Move,Electronic City,3 BHK,GrnSpce,1783,4.0,2.0,89.04
Super built-up  Area,Ready To Move,Bisuvanahalli,5 BHK,GrnSpce,3522,5.0,2.0,119.12
Built-up  Area,Ready To Move,Thanisandra,4 BHK,GrnSpce,2782,4.0,3.0,192.36
Plot  Area,Ready To Move,Uttarahalli,2 BHK,GrnSpce,1047,2.0,2.0,46.28
Plot  Area,Ready To Move,Bisuvanahalli,2 BHK,GrnSpce,1062,2.0,3.0,48.38
Super built-up  Area,Ready To Move,Electronic City,3 BHK,GrnSpce,1669,3.0,0.0,74.19
Super built-up  Area,Ready To Move,Whitefield,3 BHK,GrnSpce,1859,3.0,1.0,111.28
Carpet  Area,Ready To Move,KR Puram,2 BHK,GrnSpce,1038,2.0,3.0,56.35
Super built-up  Area,Ready To Move,Bisuvanahalli,2 BHK,GrnSpce,1251,2.0,2.0,49.97
Super built-up  Area,Ready To Move,Hebbal,2 BHK,GrnSpce,1087,2.0,0.0,99.66
Built-up  Area,Ready To Move,Electronic City,2 BHK,GrnSpce,1184,2.0,3.0,56.42
Built-up  Area,Ready To Move,Indiranagar,3 BHK,GrnSpce,1451,4.0,0.0,266.04
Super built-up  Area,Ready To Move,Bisuvanahalli,2 BHK,GrnSpce,946,3.0,0.0,37.95
Super built-up  Area,Ready To Move,Rajaji Nagar,2 BHK,GrnSpce,1036,2.0,0.0,121.7
Super built-up  Area,Ready To Move,Electronic City Phase II,2 BHK,GrnSpce,1178,2.0,2.0,51.99
Built-up  Area,Ready To Move,Electronic City,3 BHK,GrnSpce,1510,3.0,0.0,68.73
Super built-up  Area,Ready To Move,KR Puram,2 BHK,GrnSpce,1156,2.0,1.0,50.22
Super built-up  Area,Ready To Move,Electronic City Phase II,3 BHK,GrnSpce,1824,4.0,2.0,81.38
Super built-up  Area,Ready To Move,Electronic City Phase II,4 BHK,GrnSpce,2832,4.0,3.0,142.7
Plot  Area,Ready To Move,Uttarahalli,1 BHK,GrnSpce,737,1.0,3.0,29.08
Super built-up  Area,Ready To Move,Sarjapur Road,3 BHK,GrnSpce,1835,3.0,3.0,132.95
Super built-up  Area,Ready To Move,HSR Layout,1 BHK,GrnSpce,509,1.0,2.0,48.79
Built-up  Area,Ready To Move,Bisuvanahalli,3 BHK,GrnSpce,1957,3.0,3.0,76.65
Built-up  Area,Ready To Move,Indiranagar,3 BHK,GrnSpce,1597,3.0,2.0,249.44
Super built-up  Area,Ready To Move,Yelahanka,2 BHK,GrnSpce,916,2.0,2.0,56.05
Super built-up  Area,Ready To Move,Malleshwaram,2 BHK,GrnSpce,1043,3.0,1.0,107.19
Plot  Area,Ready To Move,Marathahalli,2 BHK,GrnSpce,1235,2.0,3.0,85.1
Super built-up  Area,Ready To Move,Bellandur,2 BHK,GrnSpce,961,2.0,3.0,75.38
Built-up  Area,Ready To Move,Sarjapur Road,3 BHK,GrnSpce,1536,3.0,3.0,103.21
Super built-up  Area,Ready To Move,Malleshwaram,4 BHK,GrnSpce,2725,4.0,2.0,329.33
Super built-up  Area,Ready To Move,Marathahalli,2 BHK,GrnSpce,1140,2.0,2.0,76.66
Super built-up  Area,Ready To Move,KR Puram,4 BHK,GrnSpce,2558,4.0,1.0,120.94
Super built-up  Area,Ready To Move,Kanakapura Road,3 BHK,GrnSpce,1960,4.0,1.0,123.07
Super built-up  Area,Ready To Move,Thanisandra,3 BHK,GrnSpce,1767,3.0,2.0,124.14
Super built-up  Area,Ready To Move,Electronic City Phase II,3 BHK,GrnSpce,1542,3.0,1.0,68.23
Super built-up  Area,Ready To Move,Bellandur,4 BHK,GrnSpce,2539,5.0,2.0,219.42
Plot  Area,Ready To Move,Electronic City,3 BHK,GrnSpce,1473,4.0,2.0,69.19
Plot  Area,Ready To Move,Malleshwaram,3 BHK,GrnSpce,1611,3.0,0.0,218.13
Super built-up  Area,Ready To Move,Kanakapura Road,3 BHK,GrnSpce,1794,3.0,0.0,122.89
Super built-up  Area,Ready To Move,Bisuvanahalli,4 BHK,GrnSpce,2644,4.0,0.0,108.72
Super built-up  Area,Ready To Move,Rajaji Nagar,1 BHK,GrnSpce,643,2.0,0.0,83.31
Plot  Area,Ready To Move,Sarjapur Road,3 BHK,GrnSpce,1639,3.0,2.0,106.74
Super built-up  Area,Ready To Move,Sarjapur Road,2 BHK,GrnSpce,1285,2.0,1.0,91.52
Super built-up  Area,Ready To Move,Bannerghatta Road,2 BHK,GrnSpce,1115,2.0,1.0,59.91
Super built-up  Area,Ready To Move,Electronic City,2 BHK,GrnSpce,913,2.0,3.0,39.87
Carpet  Area,Ready To Move,Malleshwaram,2 BHK,GrnSpce,1011,2.0,2.0,125.92
Super built-up  Area,Ready To Move,Bellandur,3 BHK,GrnSpce,1862,4.0,1.0,156.48
Plot  Area,Ready To Move,Electronic City,2 BHK,GrnSpce,1082,2.0,1.0,49.68
Plot  Area,Ready To Move,Thanisandra,2 BHK,GrnSpce,1135,2.0,1.0,75.84
Built-up  Area,Ready To Move,Malleshwaram,3 BHK,GrnSpce,1914,3.0,0.0,244.03
Plot  Area,Ready To Move,Bannerghatta Road,2 BHK,GrnSpce,1038,3.0,2.0,72.8
Super built-up  Area,Ready To Move,HSR Layout,2 BHK,GrnSpce,1020,2.0,1.0,113.97
Super built-up  Area,Ready To Move,Kanakapura Road,2 BHK,GrnSpce,944,3.0,0.0,57.34
Carpet  Area,Ready To Move,Sarjapur Road,2 BHK,GrnSpce,1055,2.0,0.0,71.49
Plot  Area,Ready To Move,KR Puram,3 BHK,GrnSpce,1698,3.0,2.0,93.16
Super built-up  Area,Ready To Move,Whitefield,2 BHK,GrnSpce,930,3.0,3.0,73.72
Super built-up  Area,Ready To Move,Rajaji Nagar,4 BHK,GrnSpce,2590,4.0,0.0,300.71
Super built-up  Area,Ready To Move,KR Puram,3 BHK,GrnSpce,1659,3.0,1.0,87.64
Built-up  Area,Ready To Move,Uttarahalli,3 BHK,GrnSpce,1769,3.0,1.0,88.12
Plot  Area,Ready To Move,Hebbal,3 BHK,GrnSpce,1539,3.0,3.0,142.22
Carpet  Area,Ready To Move,Uttarahalli,3 BHK,GrnSpce,1789,3.0,3.0,81.43
Super built-up  Area,Ready To Move,Bannerghatta Road,2 BHK,GrnSpce,1272,2.0,2.0,86.75
Super built-up  Area,Ready To Move,Whitefield,4 BHK,GrnSpce,3081,4.0,3.0,194.44
Carpet  Area,Ready To Move,Koramangala,3 BHK,GrnSpce,1881,3.0,0.0,244.35
Built-up  Area,Ready To Move,Thanisandra,1 BHK,GrnSpce,689,1.0,0.0,42.94
Plot  Area,Ready To Move,KR Puram,4 BHK,GrnSpce,2210,4.0,3.0,114.71
Built-up  Area,Ready To Move,Malleshwaram,2 BHK,GrnSpce,1192,2.0,3.0,148.26
Plot  Area,Ready To Move,KR Puram,1 BHK,GrnSpce,704,2.0,1.0,38.34
Super built-up  Area,Ready To Move,Hebbal,2 BHK,GrnSpce,1020,2.0,0.0,96.84
Super built-up  Area,Ready To Move,KR Puram,2 BHK,GrnSpce,1276,2.0,1.0,64.07
Plot  Area,Ready To Move,HSR Layout,3 BHK,GrnSpce,1508,3.0,0.0,151.91
Super built-up  Area,Ready To Move,Rajaji Nagar,2 BHK,GrnSpce,1126,2.0,1.0,126.22
Super built-up  Area,Ready To Move,Rajaji Nagar,2 BHK,GrnSpce,1239,2.0,2.0,132.47
Super built-up  Area,Ready To Move,Sarjapur Road,2 BHK,GrnSpce,1033,2.0,0.0,71.71
Super built-up  Area,Ready To Move,Rajaji Nagar,2 BHK,GrnSpce,1243,3.0,2.0,156.63
Built-up  Area,Ready To Move,Thanisandra,2 BHK,GrnSpce,983,3.0,0.0,71.8
Super built-up  Area,Ready To Move,Yelahanka,3 BHK,GrnSpce,1631,4.0,1.0,94.79
Super built-up  Area,Ready To Move,KR Puram,2 BHK,GrnSpce,1076,2.0,2.0,54.29
Built-up  Area,Ready To Move,Electronic City Phase II,3 BHK,GrnSpce,1764,3.0,3.0,80.27
Carpet  Area,Ready To Move,Bellandur,3 BHK,GrnSpce,1617,3.0,0.0,114.94
Plot  Area,Ready To Move,HSR Layout,2 BHK,GrnSpce,1206,2.0,2.0,119.6
Built-up  Area,Ready To Move,Thanisandra,2 BHK,GrnSpce,1033,2.0,2.0,74.76
Super built-up  Area,Ready To Move,Electronic City Phase II,2 BHK,GrnSpce,1157,2.0,3.0,44.76
Carpet  Area,Ready To Move,Kanakapura Road,2 BHK,GrnSpce,1119,2.0,1.0,62.11
Super built-up  Area,Ready To Move,Uttarahalli,2 BHK,GrnSpce,1048,2.0,3.0,43.47
Super built-up  Area,Ready To Move,Hebbal,2 BHK,GrnSpce,915,2.0,0.0,78.39
Super built-up  Area,Ready To Move,Bisuvanahalli,3 BHK,GrnSpce,1636,3.0,0.0,59.22
Super built-up  Area,Ready To Move,Sarjapur Road,4 BHK,GrnSpce,2476,4.0,0.0,158.74
Super built-up  Area,Ready To Move,Koramangala,2 BHK,GrnSpce,950,2.0,2.0,141.48
Super built-up  Area,Ready To Move,Bisuvanahalli,2 BHK,GrnSpce,1263,3.0,1.0,46.09
Built-up  Area,Ready To Move,Electronic City,2 BHK,GrnSpce,1258,2.0,1.0,52.08
Super built-up  Area,Ready To Move,Bellandur,4 BHK,GrnSpce,2967,4.0,3.0,232.53
Super built-up  Area,Ready To Move,KR Puram,3 BHK,GrnSpce,1442,3.0,2.0,77.75
Plot  Area,Ready To Move,HSR Layout,1 BHK,GrnSpce,737,1.0,0.0,73.94
Super built-up  Area,Ready To Move,Electronic City Phase II,3 BHK,GrnSpce,1902,3.0,0.0,69.13
Super built-up  Area,Ready To Move,Kanakapura Road,2 BHK,GrnSpce,1123,2.0,1.0,70.47
Super built-up  Area,Ready To Move,HSR Layout,2 BHK,GrnSpce,902,3.0,2.0,97.32
Super built-up  Area,Ready To Move,Uttarahalli,2 BHK,GrnSpce,1003,3.0,3.0,48.51
Carpet  Area,Ready To Move,Thanisandra,1 BHK,GrnSpce,514,1.0,3.0,35.56
Super built-up  Area,Ready To Move,HSR Layout,3 BHK,GrnSpce,1987,3.0,0.0,180.65
Super built-up  Area,Ready To Move,Koramangala,3 BHK,GrnSpce,1621,3.0,3.0,199.53
Built-up  Area,Ready To Move,Koramangala,3 BHK,GrnSpce,1707,3.0,3.0,277.8
Plot  Area,Ready To Move,HSR Layout,3 BHK,GrnSpce,1414,3.0,1.0,157.65
Super built-up  Area,Ready To Move,HSR Layout,2 BHK,GrnSpce,1027,2.0,1.0,110.9
Super built-up  Area,Ready To Move,Yelahanka,3 BHK,GrnSpce,1593,3.0,2.0,84.97
Plot  Area,Ready To Move,Bisuvanahalli,3 BHK,GrnSpce,1970,4.0,2.0,71.84
Super built-up  Area,Ready To Move,Koramangala,3 BHK,GrnSpce,1759,3.0,3.0,244.3
Plot  Area,Ready To Move,HSR Layout,2 BHK,GrnSpce,1043,2.0,0.0,96.9
Plot  Area,Ready To Move,Yelahanka,2 BHK,GrnSpce,1201,2.0,2.0,60.44
Super built-up  Area,Ready To Move,Sarjapur Road,3 BHK,GrnSpce,1909,3.0,1.0,112.54
Super built-up  Area,Ready To Move,Bellandur,3 BHK,GrnSpce,1451,3.0,1.0,87.02
Super built-up  Area,Ready To Move,Uttarahalli,2 BHK,GrnSpce,1027,3.0,0.0,56.29
Plot  Area,Ready To Move,HSR Layout,2 BHK,GrnSpce,980,3.0,1.0,106.32
Built-up  Area,Ready To Move,Electronic City,2 BHK,GrnSpce,1197,2.0,0.0,50.11
Super built-up  Area,Ready To Move,Hebbal,3 BHK,GrnSpce,1708,3.0,1.0,125.8
Super built-up  Area,Ready To Move,Bisuvanahalli,2 BHK,GrnSpce,1147,2.0,1.0,45.91
Super built-up  Area,Ready To Move,Uttarahalli,2 BHK,GrnSpce,1076,2.0,2.0,43.76
Super built-up  Area,Ready To Move,Bannerghatta Road,3 BHK,GrnSpce,1715,3.0,3.0,109.25
Super built-up  Area,Ready To Move,Uttarahalli,3 BHK,GrnSpce,1870,3.0,1.0,79.11
Super built-up  Area,Ready To Move,Electronic City,3 BHK,GrnSpce,1488,3.0,2.0,66.34
Super built-up  Area,Ready To Move,KR Puram,2 BHK,GrnSpce,1018,2.0,1.0,41.39
Super built-up  Area,Ready To Move,Kanakapura Road,2 BHK,GrnSpce,1088,2.0,3.0,71.36
Super built-up  Area,Ready To Move,Bisuvanahalli,3 BHK,GrnSpce,1838,3.0,1.0,63.63
Super built-up  Area,Ready To Move,Electronic City,1 BHK,GrnSpce,518,2.0,1.0,22.33
Carpet  Area,Ready To Move,Kaggadasapura,3 BHK,GrnSpce,1525,3.0,3.0,80.01
Super built-up  Area,Ready To Move,Uttarahalli,3 BHK,GrnSpce,1481,4.0,0.0,76.02
Super built-up  Area,Ready To Move,Thanisandra,2 BHK,GrnSpce,983,3.0,0.0,67.33
Super built-up  Area,Ready To Move,Marathahalli,3 BHK,GrnSpce,1740,3.0,0.0,129.76
Super built-up  Area,Ready To Move,KR Puram,2 BHK,GrnSpce,1067,2.0,2.0,46.03
Super built-up  Area,Ready To Move,Kanakapura Road,2 BHK,GrnSpce,1211,3.0,1.0,68.2
Plot  Area,Ready To Move,Sarjapur Road,1 BHK,GrnSpce,705,1.0,0.0,36.56
Built-up  Area,Ready To Move,Bellandur,3 BHK,GrnSpce,1945,4.0,1.0,132.11
Super built-up  Area,Ready To Move,Marathahalli,2 BHK,GrnSpce,986,2.0,3.0,54.25
Built-up  Area,Ready To Move,Hebbal,2 BHK,GrnSpce,1124,2.0,2.0,90.97
Plot  Area,Ready To Move,Uttarahalli,2 BHK,GrnSpce,1084,3.0,1.0,64.72
Super built-up  Area,Ready To Move,Koramangala,3 BHK,GrnSpce,1919,3.0,3.0,265.6
Super built-up  Area,Ready To Move,Kaggadasapura,3 BHK,GrnSpce,1540,4.0,0.0,86.32
Plot  Area,Ready To Move,Bisuvanahalli,2 BHK,GrnSpce,1025,2.0,1.0,46.12
Plot  Area,Ready To Move,Bellandur,3 BHK,GrnSpce,1833,4.0,0.0,122.92
Super built-up  Area,Ready To Move,Bannerghatta Road,2 BHK,GrnSpce,1089,2.0,0.0,68.66
Super built-up  Area,Ready To Move,Indiranagar,2 BHK,GrnSpce,1296,2.0,3.0,190.16
Super built-up  Area,Ready To Move,Kaggadasapura,3 BHK,GrnSpce,1788,3.0,0.0,106.49
Super built-up  Area,Ready To Move,Electronic City,3 BHK,GrnSpce,1666,4.0,3.0,66.84
Built-up  Area,Ready To Move,Electronic City,3 BHK,GrnSpce,1864,3.0,3.0,90.23
Plot  Area,Ready To Move,Electronic City Phase II,3 BHK,GrnSpce,1914,3.0,2.0,85.85
Super built-up  Area,Ready To Move,Bisuvanahalli,4 BHK,GrnSpce,2680,5.0,0.0,96.99
Plot  Area,Ready To Move,Bisuvanahalli,1 BHK,GrnSpce,628,1.0,3.0,25.82
Built-up  Area,Ready To Move,Marathahalli,2 BHK,GrnSpce,1112,3.0,3.0,81.04
Super built-up  Area,Ready To Move,Thanisandra,3 BHK,GrnSpce,1511,3.0,1.0,107.27
Super built-up  Area,Ready To Move,Bannerghatta Road,3 BHK,GrnSpce,1944,3.0,0.0,113.48
Super built-up  Area,Ready To Move,Hebbal,3 BHK,GrnSpce,1471,3.0,0.0,132.23
Super built-up  Area,Ready To Move,Bisuvanahalli,3 BHK,GrnSpce,1968,3.0,0.0,81.13
Super built-up  Area,Ready To Move,Sarjapur Road,1 BHK,GrnSpce,588,1.0,0.0,38.11
Super built-up  Area,Ready To Move,Uttarahalli,3 BHK,GrnSpce,1441,4.0,1.0,77.42
Super built-up  Area,Ready To Move,Kanakapura Road,4 BHK,GrnSpce,2210,5.0,2.0,133.41
Plot  Area,Ready To Move,Malleshwaram,4 BHK,GrnSpce,2492,4.0,1.0,294.58
Super built-up  Area,Ready To Move,Bannerghatta Road,3 BHK,GrnSpce,1802,3.0,1.0,100.74
Super built-up  Area,Ready To Move,HSR Layout,2 BHK,GrnSpce,1192,3.0,1.0,93.79
Super built-up  Area,Ready To Move,Electronic City,2 BHK,GrnSpce,1023,2.0,3.0,47.47
Plot  Area,Ready To Move,Thanisandra,3 BHK,GrnSpce,1629,3.0,0.0,96.8
Super built-up  Area,Ready To Move,Koramangala,1 BHK,GrnSpce,581,1.0,1.0,81.99
Super built-up  Area,Ready To Move,Sarjapur Road,2 BHK,GrnSpce,1237,3.0,0.0,73.44
Plot  Area,Ready To Move,Rajaji Nagar,2 BHK,GrnSpce,1069,2.0,0.0,127.23
Super built-up  Area,Ready To Move,Whitefield,3 BHK,GrnSpce,1941,3.0,0.0,131.58
Super built-up  Area,Ready To Move,Sarjapur Road,2 BHK,GrnSpce,1266,2.0,0.0,85.66
Super built-up  Area,Ready To Move,Kaggadasapura,4 BHK,GrnSpce,2452,4.0,0.0,125.12
Plot  Area,Ready To Move,HSR Layout,4 BHK,GrnSpce,2701,4.0,3.0,265.85
Super built-up  Area,Ready To Move,Thanisandra,4 BHK,GrnSpce,3126,4.0,3.0,194.86
Plot  Area,Ready To Move,Kanakapura Road,3 BHK,GrnSpce,1658,3.0,3.0,84.61
Super built-up  Area,Ready To Move,Whitefield,2 BHK,GrnSpce,1170,2.0,2.0,82.8
Super built-up  Area,Ready To Move,Hebbal,2 BHK,GrnSpce,910,2.0,2.0,85.92
Built-up  Area,Ready To Move,Electronic City,4 BHK,GrnSpce,2761,4.0,1.0,130.44
Super built-up  Area,Ready To Move,Kanakapura Road,2 BHK,GrnSpce,1284,2.0,0.0,79.67
Super built-up  Area,Ready To Move,Whitefield,2 BHK,GrnSpce,1023,2.0,1.0,67.87
Built-up  Area,Ready To Move,Kaggadasapura,2 BHK,GrnSpce,1236,2.0,1.0,76.61
Built-up  Area,Ready To Move,Thanisandra,3 BHK,GrnSpce,1831,3.0,3.0,115.99
Plot  Area,Ready To Move,Koramangala,2 BHK,GrnSpce,1214,2.0,0.0,164.2
Super built-up  Area,Ready To Move,Indiranagar,2 BHK,GrnSpce,1136,2.0,1.0,150.74
Built-up  Area,Ready To Move,Electronic City Phase II,2 BHK,GrnSpce,994,3.0,2.0,47.39
Built-up  Area,Ready To Move,Indiranagar,3 BHK,GrnSpce,1702,4.0,2.0,245.77
Super built-up  Area,Ready To Move,Kanakapura Road,1 BHK,GrnSpce,524,1.0,0.0,25.79
Built-up  Area,Ready To Move,Whitefield,2 BHK,GrnSpce,1208,3.0,2.0,89.24
Super built-up  Area,Ready To Move,Rajaji Nagar,2 BHK,GrnSpce,977,2.0,1.0,121.32
Super built-up  Area,Ready To Move,Hebbal,3 BHK,GrnSpce,1722,4.0,0.0,177.84
Super built-up  Area,Ready To Move,KR Puram,3 BHK,GrnSpce,1957,3.0,1.0,88.02
Built-up  Area,Ready To Move,Uttarahalli,2 BHK,GrnSpce,1188,2.0,1.0,62.9
Super built-up  Area,Ready To Move,Uttarahalli,1 BHK,GrnSpce,610,1.0,0.0,30.95
Plot  Area,Ready To Move,Uttarahalli,2 BHK,GrnSpce,1068,2.0,0.0,48.4
Built-up  Area,Ready To Move,Bisuvanahalli,2 BHK,GrnSpce,1017,2.0,2.0,43.4
Built-up  Area,Ready To Move,Thanisandra,2 BHK,GrnSpce,1246,2.0,3.0,73.66
Super built-up  Area,Ready To Move,Rajaji Nagar,2 BHK,GrnSpce,1266,2.0,1.0,144.96
Super built-up  Area,Ready To Move,Malleshwaram,3 BHK,GrnSpce,1658,3.0,1.0,155.96
Built-up  Area,Ready To Move,KR Puram,3 BHK,GrnSpce,1409,4.0,1.0,67.48
Built-up  Area,Ready To Move,Koramangala,2 BHK,GrnSpce,1079,2.0,1.0,148.08
Super built-up  Area,Ready To Move,Indiranagar,2 BHK,GrnSpce,1184,2.0,1.0,174.56
Super built-up  Area,Ready To Move,Sarjapur Road,2 BHK,GrnSpce,1068,2.0,2.0,62.79
Super built-up  Area,Ready To Move,Sarjapur Road,2 BHK,GrnSpce,1128,2.0,3.0,72.91
Super built-up  Area,Ready To Move,Marathahalli,2 BHK,GrnSpce,1282,3.0,2.0,77.75
Super built-up  Area,Ready To Move,Kanakapura Road,4 BHK,GrnSpce,2997,4.0,2.0,183.19
Super built-up  Area,Ready To Move,Bellandur,3 BHK,GrnSpce,1910,3.0,1.0,108.98
Built-up  Area,Ready To Move,Indiranagar,4 BHK,GrnSpce,2860,4.0,1.0,414.29
Super built-up  Area,Ready To Move,Whitefield,2 BHK,GrnSpce,1168,2.0,2.0,87.67
Super built-up  Area,Ready To Move,Malleshwaram,3 BHK,GrnSpce,1730,3.0,2.0,211.52
Super built-up  Area,Ready To Move,Bellandur,4 BHK,GrnSpce,2554,4.0,0.0,215.41
Super built-up  Area,Ready To Move,Bellandur,2 BHK,GrnSpce,1261,2.0,3.0,89.05
Carpet  Area,Ready To Move,Electronic City,2 BHK,GrnSpce,1075,3.0,0.0,46.19
Super built-up  Area,Ready To Move,Yelahanka,2 BHK,GrnSpce,1224,2.0,1.0,81.36
Plot  Area,Ready To Move,Hebbal,2 BHK,GrnSpce,912,2.0,0.0,65.07
Plot  Area,Ready To Move,Whitefield,3 BHK,GrnSpce,1456,3.0,3.0,96.94
Super built-up  Area,Ready To Move,Kaggadasapura,4 BHK,GrnSpce,2609,4.0,2.0,109.14
Super built-up  Area,Ready To Move,Bannerghatta Road,2 BHK,GrnSpce,1054,2.0,0.0,61.27
Super built-up  Area,Ready To Move,Bellandur,1 BHK,GrnSpce,579,1.0,0.0,44.22
Super built-up  Area,Ready To Move,Marathahalli,3 BHK,GrnSpce,1950,3.0,3.0,114.05
Super built-up  Area,Ready To Move,Kaggadasapura,3 BHK,GrnSpce,1687,3.0,2.0,91.75
Plot  Area,Ready To Move,Bellandur,3 BHK,GrnSpce,1497,3.0,2.0,120.95
Built-up  Area,Ready To Move,Marathahalli,2 BHK,GrnSpce,920,2.0,3.0,62.63
Super built-up  Area,Ready To Move,Whitefield,2 BHK,GrnSpce,1196,2.0,1.0,82.88
Super built-up  Area,Ready To Move,Koramangala,2 BHK,GrnSpce,966,2.0,1.0,124.81
Super built-up  Area,Ready To Move,Yelahanka,2 BHK,GrnSpce,1166,3.0,1.0,64.34
Built-up  Area,Ready To Move,Electronic City,2 BHK,GrnSpce,1038,2.0,0.0,49.02
Plot  Area,Ready To Move,Kanakapura Road,3 BHK,GrnSpce,1631,3.0,3.0,96.49
Plot  Area,Ready To Move,Rajaji Nagar,3 BHK,GrnSpce,1502,4.0,1.0,190.89
Carpet  Area,Ready To Move,Whitefield,3 BHK,GrnSpce,1783,3.0,2.0,135.94
Super built-up  Area,Ready To Move,Marathahalli,1 BHK,GrnSpce,671,1.0,3.0,42.35
Super built-up  Area,Ready To Move,Marathahalli,2 BHK,GrnSpce,992,2.0,1.0,85.39
Plot  Area,Ready To Move,HSR Layout,2 BHK,GrnSpce,1062,2.0,1.0,116.67
Built-up  Area,Ready To Move,Hebbal,4 BHK,GrnSpce,2443,5.0,2.0,226.29
Super built-up  Area,Ready To Move,Koramangala,4 BHK,GrnSpce,2232,4.0,3.0,231.22
Super built-up  Area,Ready To Move,Bannerghatta Road,4 BHK,GrnSpce,2687,5.0,2.0,166.91
Super built-up  Area,Ready To Move,Kaggadasapura,3 BHK,GrnSpce,1484,3.0,0.0,69.22
Super built-up  Area,Ready To Move,Bannerghatta Road,2 BHK,GrnSpce,1244,2.0,0.0,81.25
Super built-up  Area,Ready To Move,Marathahalli,3 BHK,GrnSpce,1545,3.0,2.0,95.98
Super built-up  Area,Ready To Move,Electronic City Phase II,2 BHK,GrnSpce,1218,2.0,2.0,53.81
Built-up  Area,Ready To Move,KR Puram,4 BHK,GrnSpce,2461,4.0,2.0,134.89
Super built-up  Area,Ready To Move,Marathahalli,3 BHK,GrnSpce,1742,4.0,0.0,114.1
Super built-up  Area,Ready To Move,Hebbal,3 BHK,GrnSpce,1532,4.0,3.0,129.71
Built-up  Area,Ready To Move,Bellandur,2 BHK,GrnSpce,1196,2.0,3.0,105.78
Built-up  Area,Ready To Move,Malleshwaram,4 BHK,GrnSpce,2905,5.0,2.0,321.71
Super built-up  Area,Ready To Move,Indiranagar,1 BHK,GrnSpce,715,1.0,3.0,96.8
Super built-up  Area,Ready To Move,Electronic City,2 BHK,GrnSpce,1296,2.0,3.0,56.72
Plot  Area,Ready To Move,Uttarahalli,3 BHK,GrnSpce,1412,3.0,1.0,71.66
Super built-up  Area,Ready To Move,Indiranagar,3 BHK,GrnSpce,1979,3.0,1.0,285.86
Super built-up  Area,Ready To Move,Hebbal,3 BHK,GrnSpce,1766,3.0,0.0,149.51
Super built-up  Area,Ready To Move,Kanakapura Road,3 BHK,GrnSpce,1573,3.0,2.0,92.32
Super built-up  Area,Ready To Move,Whitefield,2 BHK,GrnSpce,938,2.0,3.0,65.5
Plot  Area,Ready To Move,Whitefield,3 BHK,GrnSpce,1428,4.0,2.0,107.47
Super built-up  Area,Ready To Move,Electronic City Phase II,2 BHK,GrnSpce,1000,2.0,2.0,46.37
Super built-up  Area,Ready To Move,Bannerghatta Road,2 BHK,GrnSpce,1126,2.0,3.0,82.52
Super built-up  Area,Ready To Move,Bisuvanahalli,3 BHK,GrnSpce,1476,3.0,3.0,60.55
Built-up  Area,Ready To Move,Kanakapura Road,1 BHK,GrnSpce,606,1.0,1.0,40.25
Super built-up  Area,Ready To Move,Indiranagar,3 BHK,GrnSpce,1564,3.0,2.0,194.5
Super built-up  Area,Ready To Move,KR Puram,3 BHK,GrnSpce,1624,3.0,2.0,83.71
Super built-up  Area,Ready To Move,Whitefield,3 BHK,GrnSpce,1748,3.0,2.0,115.46
Super built-up  Area,Ready To Move,Thanisandra,3 BHK,GrnSpce,1534,4.0,1.0,87.4
Super built-up  Area,Ready To Move,Bannerghatta Road,4 BHK,GrnSpce,2578,4.0,2.0,184.82
Super built-up  Area,Ready To Move,Bisuvanahalli,3 BHK,GrnSpce,1634,3.0,3.0,60.24
Super built-up  Area,Ready To Move,Yelahanka,2 BHK,GrnSpce,1227,2.0,3.0,56.26
Plot  Area,Ready To Move,Bellandur,3 BHK,GrnSpce,1981,3.0,2.0,167.24
Plot  Area,Ready To Move,KR Puram,2 BHK,GrnSpce,1009,2.0,2.0,53.35
Super built-up  Area,Ready To Move,HSR Layout,4 BHK,GrnSpce,2629,4.0,0.0,293.28
Super built-up  Area,Ready To Move,Indiranagar,3 BHK,GrnSpce,1979,3.0,2.0,274.87
Super built-up  Area,Ready To Move,Yelahanka,2 BHK,GrnSpce,1185,2.0,2.0,66.74
Super built-up  Area,Ready To Move,Electronic City Phase II,3 BHK,GrnSpce,1642,4.0,3.0,66.39
Super built-up  Area,Ready To Move,HSR Layout,2 BHK,GrnSpce,1101,2.0,1.0,108.33
Super built-up  Area,Ready To Move,Thanisandra,2 BHK,GrnSpce,1291,2.0,1.0,94.16
Plot  Area,Ready To Move,Malleshwaram,3 BHK,GrnSpce,1940,3.0,0.0,250.8
Super built-up  Area,Ready To Move,Indiranagar,2 BHK,GrnSpce,1225,2.0,2.0,153.38
Super built-up  Area,Ready To Move,Electronic City,2 BHK,GrnSpce,1219,2.0,0.0,42.34
Super built-up  Area,Ready To Move,Uttarahalli,4 BHK,GrnSpce,2329,4.0,2.0,111.97
Plot  Area,Ready To Move,Indiranagar,3 BHK,GrnSpce,1664,4.0,0.0,260.28
Built-up  Area,Ready To Move,Rajaji Nagar,4 BHK,GrnSpce,2751,4.0,2.0,316.9
Super built-up  Area,Ready To Move,Indiranagar,2 BHK,GrnSpce,905,2.0,2.0,132.63
Super built-up  Area,Ready To Move,Indiranagar,2 BHK,GrnSpce,916,2.0,2.0,130.2
Super built-up  Area,Ready To Move,Indiranagar,2 BHK,GrnSpce,1021,2.0,2.0,169.56
Super built-up  Area,Ready To Move,Malleshwaram,2 BHK,GrnSpce,1010,3.0,1.0,134.29
Super built-up  Area,Ready To Move,Bellandur,2 BHK,GrnSpce,1081,2.0,3.0,87.45
Super built-up  Area,Ready To Move,Hebbal,1 BHK,GrnSpce,553,1.0,2.0,55.98
Built-up  Area,Ready To Move,KR Puram,2 BHK,GrnSpce,1267,2.0,2.0,53.91
Super built-up  Area,Ready To Move,Koramangala,2 BHK,GrnSpce,980,2.0,2.0,115.58
Super built-up  Area,Ready To Move,Electronic City Phase II,3 BHK,GrnSpce,1570,3.0,0.0,75.5
Plot  Area,Ready To Move,Hebbal,1 BHK,GrnSpce,595,2.0,3.0,42.76
Super built-up  Area,Ready To Move,Whitefield,2 BHK,GrnSpce,1059,3.0,1.0,74.71
Built-up  Area,Ready To Move,Marathahalli,3 BHK,GrnSpce,1750,3.0,3.0,125.03
Super built-up  Area,Ready To Move,Kaggadasapura,2 BHK,GrnSpce,959,2.0,1.0,53.73
Super built-up  Area,Ready To Move,Whitefield,2 BHK,GrnSpce,1099,2.0,1.0,83.54
Super built-up  Area,Ready To Move,Electronic City,2 BHK,GrnSpce,1042,2.0,2.0,43.85
Plot  Area,Ready To Move,Indiranagar,1 BHK,GrnSpce,632,1.0,3.0,71.57
Super built-up  Area,Ready To Move,Marathahalli,3 BHK,GrnSpce,1599,3.0,2.0,104.37
Super built-up  Area,Ready To Move,Kaggadasapura,3 BHK,GrnSpce,1738,3.0,3.0,109.09
Plot  Area,Ready To Move,Bisuvanahalli,4 BHK,GrnSpce,2272,4.0,1.0,106.07
Plot  Area,Ready To Move,Thanisandra,3 BHK,GrnSpce,1746,3.0,3.0,121.8
Super built-up  Area,Ready To Move,Uttarahalli,2 BHK,GrnSpce,1214,2.0,0.0,64.78
Plot  Area,Ready To Move,Bisuvanahalli,2 BHK,GrnSpce,945,2.0,3.0,40.08
Carpet  Area,Ready To Move,Indiranagar,2 BHK,GrnSpce,961,2.0,2.0,147.97
Super built-up  Area,Ready To Move,Koramangala,3 BHK,GrnSpce,1470,4.0,3.0,199.31
Super built-up  Area,Ready To Move,Hebbal,3 BHK,GrnSpce,1928,4.0,2.0,168.25
Super built-up  Area,Ready To Move,Indiranagar,2 BHK,GrnSpce,961,2.0,2.0,133.83
Super built-up  Area,Ready To Move,Hebbal,3 BHK,GrnSpce,1508,3.0,1.0,110.4
Built-up  Area,Ready To Move,Whitefield,3 BHK,GrnSpce,1739,3.0,2.0,115.12
Super built-up  Area,Ready To Move,Malleshwaram,4 BHK,GrnSpce,3000,4.0,1.0,433.62
Built-up  Area,Ready To Move,Whitefield,2 BHK,GrnSpce,1231,2.0,3.0,88.11
Plot  Area,Ready To Move,Marathahalli,2 BHK,GrnSpce,1121,2.0,2.0,78.35
Super built-up  Area,Ready To Move,Uttarahalli,4 BHK,GrnSpce,3103,4.0,1.0,125.94
Super built-up  Area,Ready To Move,Thanisandra,2 BHK,GrnSpce,1201,2.0,1.0,79.57
Plot  Area,Ready To Move,Electronic City,4 BHK,GrnSpce,2852,4.0,3.0,125.14
Plot  Area,Ready To Move,Electronic City Phase II,2 BHK,GrnSpce,1203,2.0,0.0,53.46
Super built-up  Area,Ready To Move,Marathahalli,3 BHK,GrnSpce,1875,3.0,3.0,134.0
Super built-up  Area,Ready To Move,Bellandur,2 BHK,GrnSpce,1158,2.0,0.0,77.25
Plot  Area,Ready To Move,Yelahanka,3 BHK,GrnSpce,1947,3.0,3.0,105.76
Carpet  Area,Ready To Move,Bisuvanahalli,2 BHK,GrnSpce,991,2.0,3.0,39.43
Built-up  Area,Ready To Move,Bellandur,2 BHK,GrnSpce,1186,2.0,2.0,82.65
Plot  Area,Ready To Move,Malleshwaram,3 BHK,GrnSpce,1868,3.0,2.0,243.91
Super built-up  Area,Ready To Move,Uttarahalli,2 BHK,GrnSpce,1210,2.0,0.0,47.81
Super built-up  Area,Ready To Move,Bellandur,3 BHK,GrnSpce,1497,3.0,2.0,98.72
Super built-up  Area,Ready To Move,KR Puram,1 BHK,GrnSpce,627,2.0,1.0,34.24
Carpet  Area,Ready To Move,Hebbal,3 BHK,GrnSpce,1840,3.0,2.0,153.07
Super built-up  Area,Ready To Move,Bellandur,2 BHK,GrnSpce,1042,3.0,1.0,75.9
Built-up  Area,Ready To Move,Electronic City Phase II,3 BHK,GrnSpce,1814,3.0,1.0,80.08
Super built-up  Area,Ready To Move,Marathahalli,2 BHK,GrnSpce,1077,2.0,3.0,75.09
Plot  Area,Ready To Move,Sarjapur Road,2 BHK,GrnSpce,963,3.0,2.0,66.88
Built-up  Area,Ready To Move,Hebbal,3 BHK,GrnSpce,1879,3.0,3.0,170.26
Super built-up  Area,Ready To Move,Kaggadasapura,1 BHK,GrnSpce,547,1.0,0.0,30.64
Super built-up  Area,Ready To Move,Bisuvanahalli,4 BHK,GrnSpce,2487,4.0,1.0,81.29
Plot  Area,Ready To Move,Uttarahalli,3 BHK,GrnSpce,1997,3.0,2.0,106.66
Super built-up  Area,Ready To Move,Whitefield,3 BHK,GrnSpce,1701,3.0,2.0,116.79
Super built-up  Area,Ready To Move,Kaggadasapura,1 BHK,GrnSpce,722,1.0,2.0,39.13
Super built-up  Area,Ready To Move,Hebbal,2 BHK,GrnSpce,916,2.0,1.0,82.2
Carpet  Area,Ready To Move,Koramangala,3 BHK,GrnSpce,1986,4.0,0.0,296.42
Built-up  Area,Ready To Move,Sarjapur Road,3 BHK,GrnSpce,1420,3.0,2.0,87.47
Built-up  Area,Ready To Move,Uttarahalli,3 BHK,GrnSpce,1989,3.0,0.0,97.85
Super built-up  Area,Ready To Move,Marathahalli,5 BHK,GrnSpce,4653,6.0,2.0,311.75
Super built-up  Area,Ready To Move,Bannerghatta Road,1 BHK,GrnSpce,748,1.0,1.0,51.07
Built-up  Area,Ready To Move,KR Puram,3 BHK,GrnSpce,1878,3.0,1.0,95.6
Super built-up  Area,Ready To Move,Uttarahalli,5 BHK,GrnSpce,3818,5.0,2.0,192.68
Built-up  Area,Ready To Move,Whitefield,4 BHK,GrnSpce,2406,4.0,3.0,157.28
Super built-up  Area,Ready To Move,Malleshwaram,2 BHK,GrnSpce,940,2.0,2.0,108.19
Super built-up  Area,Ready To Move,Uttarahalli,4 BHK,GrnSpce,2892,4.0,1.0,117.59
Built-up  Area,Ready To Move,Uttarahalli,3 BHK,GrnSpce,1467,3.0,1.0,69.1
Super built-up  Area,Ready To Move,Kaggadasapura,3 BHK,GrnSpce,1712,3.0,2.0,100.23
Super built-up  Area,Ready To Move,HSR Layout,2 BHK,GrnSpce,1231,3.0,3.0,122.72
Super built-up  Area,Ready To Move,Uttarahalli,2 BHK,GrnSpce,1035,2.0,3.0,50.8
Plot  Area,Ready To Move,Bisuvanahalli,3 BHK,GrnSpce,1797,4.0,3.0,74.18
Super built-up  Area,Ready To Move,Sarjapur Road,3 BHK,GrnSpce,1847,3.0,0.0,131.15
Carpet  Area,Ready To Move,Rajaji Nagar,2 BHK,GrnSpce,1248,2.0,1.0,138.87
Plot  Area,Ready To Move,Marathahalli,2 BHK,GrnSpce,1041,2.0,3.0,69.18
Plot  Area,Ready To Move,Koramangala,3 BHK,GrnSpce,1544,4.0,2.0,167.44
Built-up  Area,Ready To Move,Malleshwaram,3 BHK,GrnSpce,1831,3.0,0.0,224.19
Super built-up  Area,Ready To Move,Bellandur,2 BHK,GrnSpce,944,2.0,1.0,67.2
Super built-up  Area,Ready To Move,Electronic City Phase II,3 BHK,GrnSpce,1675,4.0,3.0,63.95
